step,loss,tps,mfu
1,12.93649,112,0.42
2,12.93711,1716,6.44
3,12.93695,1818,6.82
4,12.93622,1807,6.78
5,12.93655,1778,6.67
6,12.93612,1794,6.73
7,12.93685,1908,7.16
8,12.93570,1605,6.02
9,12.93609,1914,7.18
10,12.93627,2136,8.01
11,12.93620,1885,7.07
12,12.93530,2310,8.67
13,12.93531,2180,8.18
14,12.93466,285,1.07
15,12.93464,313,1.18
16,12.93418,420,1.58
17,12.93412,550,2.06
18,12.93349,550,2.06
19,12.93175,511,1.92
20,12.93153,362,1.36
21,12.93053,370,1.39
22,12.93017,419,1.57
23,12.92865,502,1.88
24,12.92809,456,1.71
25,12.92636,404,1.52
26,12.92631,471,1.77
27,12.92484,394,1.48
28,12.92366,426,1.60
29,12.92281,424,1.59
30,12.92186,359,1.35
31,12.92105,389,1.46
32,12.91927,385,1.45
33,12.91876,387,1.45
34,12.91694,330,1.24
35,12.91438,388,1.46
36,12.91091,355,1.33
37,12.90795,435,1.63
38,12.90427,425,1.59
39,12.90100,339,1.27
40,12.89697,370,1.39
41,12.89454,456,1.71
42,12.89089,369,1.38
43,12.88745,363,1.36
44,12.88418,432,1.62
45,12.88027,361,1.35
46,12.87719,310,1.16
47,12.87381,286,1.07
48,12.86994,425,1.60
49,12.86730,214,0.80
50,12.86303,419,1.57
51,12.86069,316,1.19
52,12.85572,411,1.54
53,12.85149,412,1.54
54,12.84797,320,1.20
55,12.84435,309,1.16
56,12.84026,303,1.14
57,12.83580,322,1.21
58,12.83213,327,1.23
59,12.82701,366,1.37
60,12.82340,299,1.12
61,12.81961,320,1.20
62,12.81532,297,1.12
63,12.81059,372,1.40
64,12.80646,320,1.20
65,12.80300,481,1.81
66,12.79802,450,1.69
67,12.79412,401,1.51
68,12.78231,447,1.68
69,12.77006,371,1.39
70,12.75824,291,1.09
71,12.74641,376,1.41
72,12.73436,408,1.53
73,12.72318,391,1.47
74,12.71089,374,1.40
75,12.69907,392,1.47
76,12.68770,396,1.48
77,12.67587,353,1.32
78,12.66297,423,1.59
79,12.65166,436,1.63
80,12.64039,389,1.46
81,12.62828,375,1.41
82,12.61663,341,1.28
83,12.60394,371,1.39
84,12.59180,469,1.76
85,12.57944,404,1.52
86,12.56788,428,1.60
87,12.55508,375,1.41
88,12.54120,584,2.19
89,12.52995,409,1.54
90,12.51791,362,1.36
91,12.50407,398,1.49
92,12.49237,162,0.61
93,12.47916,33,0.12
94,12.46739,57,0.22
95,12.45440,218,0.82
96,12.44204,206,0.77
97,12.42760,354,1.33
98,12.41756,283,1.06
99,12.40317,263,0.99
100,12.39083,240,0.90
101,12.37861,29,0.11
102,12.36248,100,0.38
103,12.34800,53,0.20
104,12.33261,288,1.08
105,12.31658,232,0.87
106,12.30300,270,1.01
107,12.28738,73,0.27
108,12.27201,37,0.14
109,12.25686,54,0.20
110,12.24192,150,0.56
111,12.22610,189,0.71
112,12.21125,196,0.73
113,12.19600,171,0.64
114,12.17929,194,0.73
115,12.16474,142,0.53
116,12.14819,255,0.96
117,12.13348,207,0.78
118,12.11857,246,0.92
119,12.10136,189,0.71
120,12.08439,195,0.73
121,12.06840,324,1.21
122,12.05258,185,0.69
123,12.03552,236,0.88
124,12.01917,205,0.77
125,12.00528,191,0.72
126,11.98692,205,0.77
127,11.96974,267,1.00
128,11.95359,216,0.81
129,11.93638,248,0.93
130,11.91950,248,0.93
131,11.90314,258,0.97
132,11.88609,270,1.01
133,11.86775,254,0.95
134,11.85188,239,0.90
135,11.80863,262,0.98
136,11.76576,304,1.14
137,11.72584,275,1.03
138,11.67662,220,0.82
139,11.63596,142,0.53
140,11.59181,68,0.26
141,11.54766,106,0.40
142,11.50644,145,0.54
143,11.46080,189,0.71
144,11.41695,203,0.76
145,11.37034,276,1.03
146,11.32617,180,0.68
147,11.29017,192,0.72
148,11.24072,150,0.56
149,11.20053,217,0.81
150,11.15375,220,0.83
151,11.11010,219,0.82
152,11.06795,278,1.04
153,11.02883,179,0.67
154,10.98679,267,1.00
155,10.95193,268,1.00
156,10.91539,235,0.88
157,10.87811,240,0.90
158,10.84120,252,0.95
159,10.80848,243,0.91
160,10.77102,208,0.78
161,10.73989,225,0.84
162,10.70033,248,0.93
163,10.66731,272,1.02
164,10.63660,179,0.67
165,10.60119,278,1.04
166,10.56316,313,1.18
167,10.52668,227,0.85
168,10.49299,226,0.85
169,10.45417,273,1.02
170,10.42105,177,0.66
171,10.38618,228,0.85
172,10.34951,205,0.77
173,10.32199,302,1.13
174,10.28759,187,0.70
175,10.25852,118,0.44
176,10.22645,146,0.55
177,10.19957,77,0.29
178,10.16950,104,0.39
179,10.14185,128,0.48
180,10.10935,128,0.48
181,10.08729,86,0.32
182,10.06270,136,0.51
183,10.02969,20,0.07
184,10.00441,126,0.47
185,9.96986,286,1.07
186,9.94654,280,1.05
187,9.91695,85,0.32
188,9.89269,113,0.42
189,9.86582,157,0.59
190,9.84208,191,0.72
191,9.81270,213,0.80
192,9.79129,216,0.81
193,9.76744,309,1.16
194,9.74566,261,0.98
195,9.72045,250,0.94
196,9.69323,225,0.84
197,9.67619,230,0.86
198,9.64849,278,1.04
199,9.62438,199,0.75
200,9.60764,222,0.83
201,9.58340,79,0.30
202,9.55918,325,1.22
203,9.54577,170,0.64
204,9.51927,178,0.67
205,9.49623,119,0.45
206,9.47941,117,0.44
207,9.46104,161,0.60
208,9.43777,137,0.51
209,9.42514,206,0.77
210,9.40408,225,0.84
211,9.38586,258,0.97
212,9.36760,205,0.77
213,9.34421,206,0.77
214,9.32800,270,1.01
215,9.31022,170,0.64
216,9.29557,157,0.59
217,9.27355,91,0.34
218,9.25768,260,0.97
219,9.24152,107,0.40
220,9.23102,174,0.65
221,9.20762,329,1.23
222,9.19560,370,1.39
223,9.18175,319,1.20
224,9.16019,464,1.74
225,9.14764,361,1.36
226,9.13092,381,1.43
227,9.11214,385,1.44
228,9.10048,332,1.25
229,9.08343,355,1.33
230,9.07250,454,1.71
231,9.05443,345,1.30
232,9.03914,262,0.98
233,9.02586,182,0.68
234,9.01593,325,1.22
235,8.99950,507,1.90
236,8.98780,187,0.70
237,8.97371,358,1.34
238,8.96568,426,1.60
239,8.94270,327,1.23
240,8.93186,585,2.19
241,8.91787,400,1.50
242,8.90768,223,0.84
243,8.89204,283,1.06
244,8.88070,323,1.21
245,8.87440,498,1.87
246,8.85444,222,0.83
247,8.84672,377,1.42
248,8.83895,280,1.05
249,8.82166,371,1.39
250,8.81504,264,0.99
251,8.80040,368,1.38
252,8.78670,278,1.04
253,8.77418,439,1.65
254,8.76617,364,1.37
255,8.75248,385,1.45
256,8.74690,386,1.45
257,8.72731,337,1.27
258,8.71688,414,1.55
259,8.70967,244,0.91
260,8.69663,432,1.62
261,8.68928,636,2.39
262,8.68318,451,1.69
263,8.66649,489,1.84
264,8.65568,379,1.42
265,8.64693,513,1.93
266,8.63559,459,1.72
267,8.63081,649,2.44
268,8.61749,594,2.23
269,8.61296,478,1.79
270,8.60161,502,1.88
271,8.58994,364,1.37
272,8.57717,504,1.89
273,8.57094,513,1.93
274,8.56608,961,3.61
275,8.55359,472,1.77
276,8.54816,593,2.23
277,8.53709,387,1.45
278,8.52471,421,1.58
279,8.51897,669,2.51
280,8.51041,390,1.46
281,8.50168,326,1.22
282,8.49373,511,1.92
283,8.48068,431,1.62
284,8.48207,565,2.12
285,8.47265,1041,3.91
286,8.45991,546,2.05
287,8.45164,773,2.90
288,8.43817,698,2.62
289,8.43229,609,2.29
290,8.42429,570,2.14
291,8.41783,548,2.06
292,8.40502,528,1.98
293,8.39341,640,2.40
294,8.38656,612,2.30
295,8.37122,475,1.78
296,8.36863,372,1.40
297,8.36088,447,1.68
298,8.35735,788,2.96
299,8.34853,219,0.82
300,8.33916,22,0.08
301,8.33469,25,0.10
302,8.31617,24,0.09
303,8.30474,38,0.14
304,8.30320,18,0.07
305,8.28788,15,0.06
306,8.28228,31,0.12
307,8.27467,23,0.09
308,8.26956,35,0.13
309,8.25794,25,0.10
310,8.24391,22,0.08
311,8.23945,20,0.07
312,8.22941,15,0.06
313,8.22438,42,0.16
314,8.21334,29,0.11
315,8.20648,27,0.10
316,8.20154,16,0.06
317,8.19128,67,0.25
318,8.17732,159,0.59
319,8.16659,285,1.07
320,8.16412,231,0.87
321,8.15428,187,0.70
322,8.14585,208,0.78
323,8.13565,235,0.88
324,8.13133,222,0.83
325,8.12115,261,0.98
326,8.11460,212,0.80
327,8.10405,281,1.05
328,8.09067,306,1.15
329,8.08475,283,1.06
330,8.07598,284,1.07
331,8.06952,209,0.78
332,8.06285,311,1.17
333,8.05726,301,1.13
334,8.05158,281,1.05
335,8.03905,343,1.29
336,8.03021,318,1.19
337,8.02163,295,1.11
338,8.01408,376,1.41
339,8.00936,48,0.18
340,7.99863,682,2.56
341,7.99566,755,2.83
342,7.98290,621,2.33
343,7.98022,754,2.83
344,7.96951,448,1.68
345,7.95902,693,2.60
346,7.95773,716,2.69
347,7.94797,481,1.80
348,7.93792,709,2.66
349,7.93294,532,2.00
350,7.92958,711,2.67
351,7.91362,746,2.80
352,7.90455,95,0.36
353,7.90309,31,0.12
354,7.88951,48,0.18
355,7.88093,68,0.26
356,7.87910,162,0.61
357,7.87240,572,2.15
358,7.85827,795,2.98
359,7.84904,802,3.01
360,7.85335,568,2.13
361,7.83742,1052,3.95
362,7.82964,832,3.12
363,7.83042,944,3.54
364,7.80604,664,2.49
365,7.81025,717,2.69
366,7.80183,542,2.03
367,7.79579,716,2.69
368,7.78811,846,3.17
369,7.77389,948,3.56
370,7.77808,1178,4.42
371,7.76193,896,3.36
372,7.75589,546,2.05
373,7.75046,843,3.16
374,7.74681,684,2.57
375,7.73383,1733,6.50
376,7.73561,749,2.81
377,7.72920,984,3.69
378,7.71890,1243,4.66
379,7.71809,544,2.04
380,7.71071,879,3.30
381,7.69639,295,1.11
382,7.69461,700,2.63
383,7.68497,143,0.53
384,7.67625,665,2.49
385,7.67732,780,2.93
386,7.66125,930,3.49
387,7.66712,551,2.07
388,7.66035,639,2.40
389,7.64658,1099,4.12
390,7.64695,892,3.35
391,7.63930,178,0.67
392,7.62989,882,3.31
393,7.62256,398,1.49
394,7.61663,257,0.96
395,7.60852,205,0.77
396,7.60764,431,1.62
397,7.60019,417,1.57
398,7.60963,236,0.89
399,7.59044,348,1.31
400,7.58248,239,0.90
401,7.58063,85,0.32
402,7.57415,466,1.75
403,7.56175,340,1.28
404,7.56258,328,1.23
405,7.54841,290,1.09
406,7.55091,430,1.61
407,7.54196,371,1.39
408,7.54194,217,0.82
409,7.54136,438,1.64
410,7.52971,459,1.72
411,7.52312,290,1.09
412,7.51020,410,1.54
413,7.51611,359,1.35
414,7.50685,448,1.68
415,7.49928,354,1.33
416,7.49338,165,0.62
417,7.48740,924,3.47
418,7.48347,727,2.73
419,7.47971,876,3.29
420,7.47291,555,2.08
421,7.47518,1114,4.18
422,7.46115,1156,4.34
423,7.45582,750,2.81
424,7.45264,975,3.66
425,7.44639,707,2.65
426,7.44086,904,3.39
427,7.42909,1057,3.97
428,7.42708,1361,5.11
429,7.42582,1338,5.02
430,7.42423,1189,4.46
431,7.41099,509,1.91
432,7.40833,665,2.49
433,7.40611,642,2.41
434,7.39680,698,2.62
435,7.39853,500,1.87
436,7.38431,571,2.14
437,7.38454,530,1.99
438,7.38286,506,1.90
439,7.38068,566,2.12
440,7.36646,939,3.52
441,7.37396,1316,4.94
442,7.35842,685,2.57
443,7.35356,552,2.07
444,7.34961,612,2.30
445,7.35114,485,1.82
446,7.34548,493,1.85
447,7.33329,693,2.60
448,7.33602,1393,5.23
449,7.33540,799,3.00
450,7.32436,788,2.96
451,7.32005,438,1.64
452,7.31269,248,0.93
453,7.31047,479,1.80
454,7.30678,362,1.36
455,7.30438,101,0.38
456,7.29953,95,0.36
457,7.29446,529,1.99
458,7.29417,540,2.02
459,7.29005,288,1.08
460,7.27985,729,2.74
461,7.28065,385,1.44
462,7.27330,398,1.49
463,7.26514,584,2.19
464,7.27059,507,1.90
465,7.25597,900,3.38
466,7.25113,824,3.09
467,7.25341,591,2.22
468,7.23875,464,1.74
469,7.24408,818,3.07
470,7.23755,739,2.77
471,7.24040,431,1.62
472,7.23042,618,2.32
473,7.22495,646,2.42
474,7.22323,713,2.67
475,7.22011,814,3.06
476,7.21247,846,3.18
477,7.20377,846,3.18
478,7.20815,813,3.05
479,7.19339,765,2.87
480,7.20241,827,3.10
481,7.19044,533,2.00
482,7.19137,638,2.39
483,7.18634,859,3.22
484,7.17513,469,1.76
485,7.18318,606,2.27
486,7.17416,777,2.92
487,7.16840,885,3.32
488,7.16881,690,2.59
489,7.16278,1253,4.70
490,7.16203,999,3.75
491,7.15381,765,2.87
492,7.15580,649,2.44
493,7.15240,206,0.77
494,7.15050,189,0.71
495,7.14038,268,1.01
496,7.14010,698,2.62
497,7.13278,832,3.12
498,7.13923,764,2.87
499,7.13078,1083,4.06
500,7.12424,838,3.15
501,7.11758,112,0.42
502,7.12079,1087,4.08
503,7.11543,530,1.99
504,7.11278,740,2.78
505,7.10594,580,2.17
506,7.10330,161,0.60
507,7.10368,985,3.70
508,7.09486,253,0.95
509,7.08836,480,1.80
510,7.09223,866,3.25
511,7.08817,476,1.79
512,7.09022,815,3.06
513,7.08864,486,1.82
514,7.07983,690,2.59
515,7.08016,672,2.52
516,7.07676,535,2.01
517,7.07974,844,3.17
518,7.07250,480,1.80
519,7.06415,762,2.86
520,7.06273,933,3.50
521,7.06224,626,2.35
522,7.05625,1004,3.77
523,7.04658,650,2.44
524,7.05644,450,1.69
525,7.04600,888,3.33
526,7.04214,906,3.40
527,7.03999,628,2.36
528,7.03159,811,3.04
529,7.02736,1118,4.19
530,7.03062,643,2.41
531,7.02166,526,1.97
532,7.02510,646,2.42
533,7.02276,444,1.67
534,7.02288,616,2.31
535,7.01236,830,3.11
536,7.01836,676,2.54
537,7.01459,469,1.76
538,7.00477,568,2.13
539,7.00008,863,3.24
540,7.01256,795,2.98
541,6.99971,814,3.05
542,6.98861,771,2.89
543,6.99855,770,2.89
544,6.99060,581,2.18
545,6.97748,465,1.75
546,6.98200,634,2.38
547,6.98189,554,2.08
548,6.97707,574,2.15
549,6.97715,909,3.41
550,6.96813,755,2.83
551,6.96948,833,3.13
552,6.96686,584,2.19
553,6.96434,816,3.06
554,6.96377,787,2.95
555,6.95324,565,2.12
556,6.95621,647,2.43
557,6.95569,834,3.13
558,6.94634,608,2.28
559,6.94503,376,1.41
560,6.94632,1042,3.91
561,6.95252,547,2.05
562,6.93859,1110,4.16
563,6.94225,555,2.08
564,6.93899,565,2.12
565,6.92812,526,1.97
566,6.92967,394,1.48
567,6.91984,1580,5.93
568,6.92090,797,2.99
569,6.92309,724,2.72
570,6.91898,543,2.04
571,6.91492,660,2.48
572,6.91946,988,3.71
573,6.91425,966,3.63
574,6.91482,1095,4.11
575,6.91271,434,1.63
576,6.90336,930,3.49
577,6.89013,469,1.76
578,6.89470,759,2.85
579,6.89818,919,3.45
580,6.89083,696,2.61
581,6.89619,696,2.61
582,6.89044,756,2.84
583,6.88320,946,3.55
584,6.88021,808,3.03
585,6.88778,355,1.33
586,6.88085,324,1.21
587,6.87395,110,0.41
588,6.87428,386,1.45
589,6.87555,525,1.97
590,6.87098,493,1.85
591,6.86826,637,2.39
592,6.86228,612,2.30
593,6.86568,619,2.32
594,6.85954,785,2.95
595,6.85789,712,2.67
596,6.85492,578,2.17
597,6.85797,464,1.74
598,6.86065,561,2.10
599,6.85353,573,2.15
600,6.85241,396,1.48
601,6.84350,115,0.43
602,6.83762,808,3.03
603,6.84254,617,2.31
604,6.83542,682,2.56
605,6.83854,394,1.48
606,6.83557,588,2.21
607,6.83337,729,2.73
608,6.82923,845,3.17
609,6.82063,587,2.20
610,6.82944,1026,3.85
611,6.81960,531,1.99
612,6.81818,613,2.30
613,6.81210,863,3.24
614,6.81045,761,2.86
615,6.81543,566,2.12
616,6.80614,500,1.88
617,6.80553,721,2.70
618,6.81403,690,2.59
619,6.80787,806,3.02
620,6.80544,589,2.21
621,6.80544,642,2.41
622,6.80154,1099,4.12
623,6.78877,461,1.73
624,6.78770,669,2.51
625,6.79395,1015,3.81
626,6.78960,576,2.16
627,6.79065,317,1.19
628,6.78767,833,3.13
629,6.78758,404,1.52
630,6.78397,515,1.93
631,6.77506,863,3.24
632,6.78068,611,2.29
633,6.77022,551,2.07
634,6.76475,910,3.41
635,6.77505,541,2.03
636,6.76933,680,2.55
637,6.76313,765,2.87
638,6.76407,574,2.15
639,6.77186,608,2.28
640,6.76435,1059,3.97
641,6.75080,646,2.42
642,6.76224,575,2.16
643,6.75383,684,2.57
644,6.74934,660,2.48
645,6.75550,360,1.35
646,6.75616,464,1.74
647,6.74121,760,2.85
648,6.74460,759,2.85
649,6.75061,691,2.59
650,6.74621,792,2.97
651,6.73237,743,2.79
652,6.73949,293,1.10
653,6.73873,1018,3.82
654,6.73171,865,3.25
655,6.72106,813,3.05
656,6.72767,393,1.47
657,6.72532,527,1.98
658,6.72409,526,1.97
659,6.73357,629,2.36
660,6.71460,972,3.65
661,6.72143,783,2.94
662,6.71665,377,1.41
663,6.72224,288,1.08
664,6.70943,600,2.25
665,6.71099,674,2.53
666,6.70093,462,1.73
667,6.70372,662,2.48
668,6.70416,740,2.78
669,6.70162,949,3.56
670,6.70015,534,2.00
671,6.69843,480,1.80
672,6.69361,677,2.54
673,6.69048,245,0.92
674,6.68969,768,2.88
675,6.69527,684,2.57
676,6.69176,600,2.25
677,6.68921,614,2.30
678,6.68740,852,3.20
679,6.68480,487,1.83
680,6.67602,380,1.43
681,6.67441,339,1.27
682,6.67557,374,1.40
683,6.68659,583,2.19
684,6.67061,336,1.26
685,6.66513,123,0.46
686,6.66358,628,2.36
687,6.66189,596,2.24
688,6.65836,327,1.23
689,6.66423,456,1.71
690,6.66296,636,2.38
691,6.67049,507,1.90
692,6.65349,433,1.63
693,6.66250,547,2.05
694,6.65656,489,1.83
695,6.65430,428,1.61
696,6.66108,594,2.23
697,6.65071,596,2.23
698,6.64834,406,1.52
699,6.64381,516,1.93
700,6.63535,480,1.80
701,6.66981,104,0.39
702,6.64394,722,2.71
703,6.67148,783,2.94
704,6.65080,505,1.90
705,6.63800,1085,4.07
706,6.67270,856,3.21
707,6.63396,600,2.25
708,6.65165,493,1.85
709,6.63470,489,1.83
710,6.63482,363,1.36
711,6.63608,450,1.69
712,6.62248,676,2.54
713,6.64737,483,1.81
714,6.62454,422,1.58
715,6.62966,490,1.84
716,6.63174,501,1.88
717,6.62174,631,2.37
718,6.62719,573,2.15
719,6.61740,435,1.63
720,6.62597,382,1.43
721,6.60639,740,2.78
722,6.61654,578,2.17
723,6.61764,629,2.36
724,6.60959,585,2.20
725,6.60833,525,1.97
726,6.60467,664,2.49
727,6.61278,659,2.47
728,6.60629,648,2.43
729,6.60235,812,3.05
730,6.60197,545,2.05
731,6.60778,455,1.71
732,6.60264,537,2.01
733,6.58855,514,1.93
734,6.59031,762,2.86
735,6.59197,471,1.77
736,6.59721,616,2.31
737,6.59500,663,2.49
738,6.59862,563,2.11
739,6.58924,507,1.90
740,6.59477,485,1.82
741,6.58360,560,2.10
742,6.58622,341,1.28
743,6.58192,451,1.69
744,6.57860,411,1.54
745,6.57254,434,1.63
746,6.58128,308,1.15
747,6.57253,639,2.40
748,6.57775,373,1.40
749,6.56526,482,1.81
750,6.58301,508,1.91
751,6.56592,313,1.18
752,6.58128,233,0.87
753,6.56823,191,0.72
754,6.57656,345,1.30
755,6.56117,208,0.78
756,6.57307,183,0.69
757,6.56387,225,0.85
758,6.56410,334,1.25
759,6.54895,117,0.44
760,6.55834,186,0.70
761,6.56232,174,0.65
762,6.55225,199,0.75
763,6.56094,101,0.38
764,6.55785,124,0.47
765,6.54999,134,0.50
766,6.54471,214,0.80
767,6.53766,243,0.91
768,6.55781,482,1.81
769,6.56145,292,1.10
770,6.55026,109,0.41
771,6.57256,306,1.15
772,6.54657,618,2.32
773,6.54266,611,2.29
774,6.54103,340,1.28
775,6.54180,472,1.77
776,6.53190,312,1.17
777,6.54723,301,1.13
778,6.53529,184,0.69
779,6.55097,351,1.32
780,6.52981,506,1.90
781,6.54330,613,2.30
782,6.52785,691,2.59
783,6.54849,481,1.80
784,6.52849,726,2.72
785,6.54318,608,2.28
786,6.53141,401,1.50
787,6.52393,650,2.44
788,6.52305,522,1.96
789,6.52493,581,2.18
790,6.52514,574,2.15
791,6.52571,357,1.34
792,6.51528,626,2.35
793,6.52175,597,2.24
794,6.52472,414,1.55
795,6.51369,650,2.44
796,6.52120,811,3.04
797,6.50863,595,2.23
798,6.51567,541,2.03
799,6.51108,580,2.18
800,6.50832,595,2.23
801,6.50401,92,0.35
802,6.50832,856,3.21
803,6.50654,698,2.62
804,6.49917,675,2.53
805,6.50804,559,2.10
806,6.50399,667,2.50
807,6.50037,504,1.89
808,6.49781,494,1.86
809,6.49979,446,1.67
810,6.50464,900,3.38
811,6.50222,668,2.51
812,6.49297,701,2.63
813,6.49732,423,1.59
814,6.49368,614,2.30
815,6.49389,850,3.19
816,6.48891,623,2.34
817,6.48176,678,2.54
818,6.47955,821,3.08
819,6.48006,422,1.58
820,6.48303,697,2.62
821,6.48555,538,2.02
822,6.47915,574,2.15
823,6.47842,767,2.88
824,6.46982,595,2.23
825,6.47642,497,1.86
826,6.47788,425,1.59
827,6.47953,579,2.17
828,6.47349,605,2.27
829,6.47682,363,1.36
830,6.47208,1191,4.47
831,6.48457,600,2.25
832,6.46886,664,2.49
833,6.47458,612,2.30
834,6.47078,757,2.84
835,6.47778,777,2.91
836,6.47857,788,2.95
837,6.47390,528,1.98
838,6.46236,499,1.87
839,6.47287,147,0.55
840,6.46912,256,0.96
841,6.45545,194,0.73
842,6.45434,312,1.17
843,6.46651,282,1.06
844,6.45870,772,2.90
845,6.45087,433,1.62
846,6.45967,1038,3.90
847,6.45439,921,3.46
848,6.44557,570,2.14
849,6.45645,559,2.10
850,6.45144,551,2.07
851,6.44528,1110,4.16
852,6.44101,651,2.44
853,6.44476,548,2.06
854,6.44747,552,2.07
855,6.43992,702,2.63
856,6.44524,714,2.68
857,6.44653,571,2.14
858,6.44723,758,2.84
859,6.44183,515,1.93
860,6.43735,605,2.27
861,6.44059,611,2.29
862,6.43566,261,0.98
863,6.43344,482,1.81
864,6.43906,739,2.77
865,6.43687,1010,3.79
866,6.43156,400,1.50
867,6.43444,525,1.97
868,6.42569,507,1.90
869,6.43472,920,3.45
870,6.43462,506,1.90
871,6.42619,512,1.92
872,6.42529,613,2.30
873,6.43031,398,1.49
874,6.42179,665,2.50
875,6.42905,574,2.15
876,6.42545,677,2.54
877,6.42013,924,3.47
878,6.42017,691,2.59
879,6.41688,646,2.42
880,6.41916,1387,5.21
881,6.41665,526,1.97
882,6.41820,456,1.71
883,6.41914,606,2.27
884,6.42018,699,2.62
885,6.41854,455,1.71
886,6.41959,1125,4.22
887,6.41624,825,3.09
888,6.41417,1077,4.04
889,6.41524,514,1.93
890,6.41319,488,1.83
891,6.41414,710,2.66
892,6.41822,708,2.66
893,6.41236,766,2.88
894,6.40299,779,2.92
895,6.40836,626,2.35
896,6.41137,836,3.14
897,6.40617,957,3.59
898,6.40541,702,2.63
899,6.41227,625,2.34
900,6.39710,399,1.50
901,6.40429,102,0.38
902,6.40377,837,3.14
903,6.39902,690,2.59
904,6.39634,1170,4.39
905,6.39529,973,3.65
906,6.40369,680,2.55
907,6.39820,1165,4.37
908,6.39562,848,3.18
909,6.40210,528,1.98
910,6.38687,685,2.57
911,6.39364,755,2.83
912,6.39092,741,2.78
913,6.38686,509,1.91
914,6.39654,1347,5.05
915,6.38797,851,3.19
916,6.38560,442,1.66
917,6.38671,1057,3.97
918,6.39166,830,3.12
919,6.38383,564,2.11
920,6.39063,574,2.15
921,6.38694,1137,4.27
922,6.38197,491,1.84
923,6.38927,412,1.54
924,6.38054,493,1.85
925,6.37979,705,2.64
926,6.37504,481,1.80
927,6.37433,1332,5.00
928,6.37112,432,1.62
929,6.36580,520,1.95
930,6.38087,536,2.01
931,6.37847,1002,3.76
932,6.37637,394,1.48
933,6.36936,25,0.09
934,6.36964,465,1.74
935,6.37326,919,3.45
936,6.36608,468,1.76
937,6.36772,641,2.41
938,6.36515,398,1.49
939,6.37593,497,1.87
940,6.37124,319,1.20
941,6.35372,653,2.45
942,6.36828,610,2.29
943,6.36668,702,2.63
944,6.35146,795,2.98
945,6.36233,582,2.18
946,6.36619,477,1.79
947,6.36046,576,2.16
948,6.37085,319,1.20
949,6.36235,612,2.30
950,6.35906,846,3.17
951,6.36054,885,3.32
952,6.36157,906,3.40
953,6.35130,451,1.69
954,6.35166,397,1.49
955,6.35553,1271,4.77
956,6.35457,413,1.55
957,6.34836,378,1.42
958,6.35934,564,2.12
959,6.35174,444,1.67
960,6.35136,570,2.14
961,6.35250,531,1.99
962,6.34843,468,1.76
963,6.34225,821,3.08
964,6.35002,557,2.09
965,6.34700,552,2.07
966,6.34551,545,2.04
967,6.34739,1051,3.94
968,6.34516,583,2.19
969,6.34657,609,2.28
970,6.34030,524,1.97
971,6.34026,581,2.18
972,6.34031,402,1.51
973,6.34710,615,2.31
974,6.33387,401,1.50
975,6.33942,507,1.90
976,6.34826,1188,4.46
977,6.34003,798,2.99
978,6.33141,665,2.50
979,6.33858,821,3.08
980,6.33347,697,2.61
981,6.33497,698,2.62
982,6.33124,616,2.31
983,6.34109,541,2.03
984,6.32155,740,2.78
985,6.33016,596,2.24
986,6.32338,580,2.18
987,6.32600,770,2.89
988,6.32633,477,1.79
989,6.32885,479,1.80
990,6.32538,1631,6.12
991,6.31714,455,1.71
992,6.32604,1137,4.27
993,6.32266,692,2.60
994,6.32266,490,1.84
995,6.32209,563,2.11
996,6.32379,694,2.60
997,6.31926,120,0.45
998,6.31917,415,1.56
999,6.31808,672,2.52
1000,6.32340,454,1.70
1001,6.32475,104,0.39
1002,6.31626,856,3.21
1003,6.32629,475,1.78
1004,6.31232,843,3.16
1005,6.31082,680,2.55
1006,6.30722,673,2.52
1007,6.30784,661,2.48
1008,6.31099,786,2.95
1009,6.30241,369,1.38
1010,6.31497,833,3.13
1011,6.30950,595,2.23
1012,6.30940,831,3.12
1013,6.30497,626,2.35
1014,6.30695,661,2.48
1015,6.30489,726,2.72
1016,6.31966,955,3.58
1017,6.30921,547,2.05
1018,6.30930,530,1.99
1019,6.30316,695,2.61
1020,6.31763,454,1.70
1021,6.30334,1488,5.58
1022,6.29946,686,2.57
1023,6.30709,1121,4.20
1024,6.29506,451,1.69
1025,6.30284,864,3.24
1026,6.30115,979,3.67
1027,6.30768,738,2.77
1028,6.29948,332,1.24
1029,6.29575,575,2.16
1030,6.30373,513,1.92
1031,6.30027,526,1.97
1032,6.29827,1218,4.57
1033,6.29074,610,2.29
1034,6.29720,663,2.49
1035,6.29963,874,3.28
1036,6.30142,445,1.67
1037,6.28781,1550,5.82
1038,6.29814,785,2.95
1039,6.29079,1193,4.47
1040,6.28322,628,2.36
1041,6.29607,800,3.00
1042,6.28894,817,3.07
1043,6.29495,397,1.49
1044,6.29042,491,1.84
1045,6.28917,366,1.37
1046,6.28437,411,1.54
1047,6.29598,553,2.08
1048,6.28634,1036,3.89
1049,6.29531,351,1.32
1050,6.28974,414,1.55
1051,6.28512,631,2.37
1052,6.28064,833,3.13
1053,6.28494,375,1.41
1054,6.27462,49,0.19
1055,6.28737,49,0.18
1056,6.28705,48,0.18
1057,6.28257,50,0.19
1058,6.27613,688,2.58
1059,6.28595,1081,4.06
1060,6.28786,49,0.18
1061,6.27378,554,2.08
1062,6.27458,48,0.18
1063,6.27291,50,0.19
1064,6.27333,527,1.98
1065,6.27413,865,3.24
1066,6.27118,512,1.92
1067,6.27456,50,0.19
1068,6.27512,602,2.26
1069,6.27828,906,3.40
1070,6.28105,660,2.48
1071,6.27637,569,2.14
1072,6.27007,646,2.42
1073,6.27481,944,3.54
1074,6.27158,695,2.61
1075,6.26783,1124,4.22
1076,6.26538,49,0.18
1077,6.27110,532,2.00
1078,6.26693,47,0.18
1079,6.26432,46,0.17
1080,6.26484,50,0.19
1081,6.26435,48,0.18
1082,6.26700,574,2.15
1083,6.26501,49,0.18
1084,6.26880,48,0.18
1085,6.25891,50,0.19
1086,6.26937,48,0.18
1087,6.26890,50,0.19
1088,6.26208,25,0.10
1089,6.26436,147,0.55
1090,6.26688,44,0.17
1091,6.26848,31,0.12
1092,6.26762,47,0.17
1093,6.25658,23,0.09
1094,6.26198,48,0.18
1095,6.24779,554,2.08
1096,6.25147,49,0.18
1097,6.25127,48,0.18
1098,6.24802,51,0.19
1099,6.25321,5,0.02
1100,6.24832,290,1.09
1101,6.26554,96,0.36
1102,6.25013,407,1.53
1103,6.25832,1114,4.18
1104,6.26029,549,2.06
1105,6.25361,637,2.39
1106,6.25199,294,1.10
1107,6.24771,1082,4.06
1108,6.24878,747,2.80
1109,6.24830,497,1.86
1110,6.25845,478,1.79
1111,6.25391,820,3.08
1112,6.25043,365,1.37
1113,6.24902,491,1.84
1114,6.24669,378,1.42
1115,6.24301,938,3.52
1116,6.25235,1980,7.43
1117,6.24357,437,1.64
1118,6.24479,513,1.92
1119,6.25107,417,1.56
1120,6.23832,1322,4.96
1121,6.24843,875,3.28
1122,6.24025,579,2.17
1123,6.24003,351,1.32
1124,6.24781,634,2.38
1125,6.24629,1819,6.83
1126,6.23015,492,1.84
1127,6.23901,681,2.55
1128,6.23956,651,2.44
1129,6.23312,690,2.59
1130,6.23875,787,2.95
1131,6.24165,1676,6.29
1132,6.23896,393,1.47
1133,6.23501,363,1.36
1134,6.23160,632,2.37
1135,6.24331,586,2.20
1136,6.23131,781,2.93
1137,6.23025,1909,7.16
1138,6.22893,1589,5.96
1139,6.23315,645,2.42
1140,6.22375,530,1.99
1141,6.23706,663,2.49
1142,6.23352,401,1.50
1143,6.23231,501,1.88
1144,6.22824,607,2.28
1145,6.23510,575,2.16
1146,6.22957,672,2.52
1147,6.23666,589,2.21
1148,6.23086,1729,6.49
1149,6.23303,752,2.82
1150,6.22901,385,1.45
1151,6.23260,1856,6.96
1152,6.21989,802,3.01
1153,6.22224,1613,6.05
1154,6.22235,600,2.25
1155,6.22326,377,1.42
1156,6.22894,331,1.24
1157,6.22580,879,3.30
1158,6.22217,758,2.84
1159,6.21917,1211,4.54
1160,6.21585,1374,5.15
1161,6.23030,899,3.37
1162,6.22440,1128,4.23
1163,6.22150,804,3.02
1164,6.21412,494,1.85
1165,6.21669,1008,3.78
1166,6.21866,384,1.44
1167,6.21958,1088,4.08
1168,6.21440,857,3.22
1169,6.22773,549,2.06
1170,6.22102,277,1.04
1171,6.21217,1143,4.29
1172,6.21823,477,1.79
1173,6.21641,777,2.92
1174,6.21581,1284,4.82
1175,6.21472,457,1.71
1176,6.20837,368,1.38
1177,6.21428,625,2.35
1178,6.22178,580,2.18
1179,6.21792,1420,5.33
1180,6.21312,1214,4.55
1181,6.21826,475,1.78
1182,6.21824,668,2.51
1183,6.21093,577,2.17
1184,6.21264,482,1.81
1185,6.20672,522,1.96
1186,6.21387,457,1.71
1187,6.21621,1603,6.01
1188,6.21899,606,2.27
1189,6.20580,548,2.06
1190,6.22016,432,1.62
1191,6.21051,1626,6.10
1192,6.21139,646,2.43
1193,6.21541,515,1.93
1194,6.20528,424,1.59
1195,6.21494,562,2.11
1196,6.21251,417,1.57
1197,6.21155,863,3.24
1198,6.20487,435,1.63
1199,6.20904,600,2.25
1200,6.19626,1643,6.17
1201,6.20393,103,0.39
1202,6.20700,1087,4.08
1203,6.21138,641,2.40
1204,6.19872,626,2.35
1205,6.19487,928,3.48
1206,6.19518,1268,4.76
1207,6.20235,584,2.19
1208,6.20439,623,2.34
1209,6.19473,642,2.41
1210,6.19635,785,2.94
1211,6.19842,782,2.93
1212,6.19583,371,1.39
1213,6.19637,1066,4.00
1214,6.20264,554,2.08
1215,6.19529,404,1.52
1216,6.20472,771,2.89
1217,6.20096,1011,3.79
1218,6.20120,931,3.49
1219,6.19588,866,3.25
1220,6.18651,906,3.40
1221,6.19756,577,2.16
1222,6.20164,727,2.73
1223,6.19281,435,1.63
1224,6.18990,287,1.08
1225,6.19324,1304,4.89
1226,6.19962,728,2.73
1227,6.19471,760,2.85
1228,6.19975,1307,4.91
1229,6.18947,512,1.92
1230,6.19126,990,3.72
1231,6.18107,417,1.56
1232,6.18990,438,1.64
1233,6.19163,782,2.93
1234,6.18485,492,1.85
1235,6.19533,511,1.92
1236,6.19148,525,1.97
1237,6.18221,420,1.58
1238,6.18104,672,2.52
1239,6.19412,340,1.27
1240,6.18000,467,1.75
1241,6.19146,516,1.94
1242,6.18648,323,1.21
1243,6.18598,777,2.91
1244,6.18726,384,1.44
1245,6.17944,539,2.02
1246,6.18268,685,2.57
1247,6.18547,487,1.83
1248,6.17750,606,2.27
1249,6.17313,552,2.07
1250,6.17965,426,1.60
1251,6.18422,590,2.21
1252,6.18067,547,2.05
1253,6.18177,555,2.08
1254,6.18289,606,2.27
1255,6.18205,1211,4.54
1256,6.17345,606,2.28
1257,6.18051,619,2.32
1258,6.18201,663,2.49
1259,6.17866,548,2.06
1260,6.18388,1507,5.66
1261,6.17368,739,2.77
1262,6.17553,1945,7.30
1263,6.17791,443,1.66
1264,6.17795,299,1.12
1265,6.16935,603,2.26
1266,6.17080,609,2.28
1267,6.17138,556,2.09
1268,6.17293,594,2.23
1269,6.17519,690,2.59
1270,6.17894,442,1.66
1271,6.17668,1062,3.99
1272,6.17744,1394,5.23
1273,6.16987,482,1.81
1274,6.18072,447,1.68
1275,6.17083,714,2.68
1276,6.17941,728,2.73
1277,6.17623,346,1.30
1278,6.17180,339,1.27
1279,6.17793,884,3.32
1280,6.17704,1190,4.46
1281,6.17332,630,2.37
1282,6.16792,889,3.34
1283,6.17171,1484,5.57
1284,6.16568,1222,4.58
1285,6.16607,1332,5.00
1286,6.17495,770,2.89
1287,6.16698,997,3.74
1288,6.17339,634,2.38
1289,6.17261,525,1.97
1290,6.16428,739,2.77
1291,6.15988,1006,3.77
1292,6.17215,426,1.60
1293,6.17814,679,2.55
1294,6.16367,519,1.95
1295,6.16586,1112,4.17
1296,6.15738,507,1.90
1297,6.16847,1977,7.42
1298,6.16291,383,1.44
1299,6.15957,594,2.23
1300,6.15702,564,2.11
1301,6.16555,119,0.45
1302,6.16074,370,1.39
1303,6.15744,660,2.48
1304,6.15825,1107,4.15
1305,6.16420,710,2.66
1306,6.15660,676,2.54
1307,6.15575,432,1.62
1308,6.15799,592,2.22
1309,6.15399,1116,4.19
1310,6.15134,351,1.32
1311,6.16186,695,2.61
1312,6.17357,585,2.20
1313,6.15992,375,1.41
1314,6.16955,1699,6.38
1315,6.15642,629,2.36
1316,6.15861,473,1.78
1317,6.16390,2260,8.48
1318,6.15703,401,1.50
1319,6.15919,516,1.94
1320,6.15668,504,1.89
1321,6.15579,276,1.04
1322,6.16623,897,3.37
1323,6.15947,735,2.76
1324,6.15546,1166,4.37
1325,6.15227,1046,3.93
1326,6.16199,953,3.58
1327,6.15700,754,2.83
1328,6.15440,490,1.84
1329,6.15217,521,1.96
1330,6.15428,871,3.27
1331,6.15158,551,2.07
1332,6.15346,1342,5.04
1333,6.14869,604,2.27
1334,6.14740,535,2.01
1335,6.15580,493,1.85
1336,6.13860,805,3.02
1337,6.15580,1215,4.56
1338,6.15488,371,1.39
1339,6.14242,450,1.69
1340,6.15062,1690,6.34
1341,6.15689,1791,6.72
1342,6.14576,570,2.14
1343,6.14801,344,1.29
1344,6.14120,1340,5.03
1345,6.14866,1449,5.44
1346,6.14727,524,1.97
1347,6.15403,698,2.62
1348,6.14820,1111,4.17
1349,6.14954,475,1.78
1350,6.15211,550,2.07
1351,6.14406,439,1.65
1352,6.14299,539,2.02
1353,6.14734,422,1.58
1354,6.13928,909,3.41
1355,6.15321,370,1.39
1356,6.14183,308,1.16
1357,6.13423,447,1.68
1358,6.14581,1118,4.20
1359,6.13839,602,2.26
1360,6.14917,365,1.37
1361,6.13857,478,1.79
1362,6.14631,516,1.94
1363,6.15201,627,2.35
1364,6.13963,530,1.99
1365,6.13895,429,1.61
1366,6.13916,1233,4.63
1367,6.14477,376,1.41
1368,6.13540,501,1.88
1369,6.14190,479,1.80
1370,6.14873,548,2.06
1371,6.13216,504,1.89
1372,6.13959,1064,3.99
1373,6.13624,944,3.54
1374,6.13968,799,3.00
1375,6.13940,633,2.37
1376,6.14321,402,1.51
1377,6.13528,474,1.78
1378,6.13880,548,2.06
1379,6.13779,756,2.84
1380,6.13659,560,2.10
1381,6.13313,927,3.48
1382,6.14382,516,1.94
1383,6.13684,500,1.88
1384,6.13684,364,1.37
1385,6.13792,337,1.26
1386,6.13231,507,1.90
1387,6.13594,910,3.41
1388,6.13565,1024,3.84
1389,6.14206,743,2.79
1390,6.14213,391,1.47
1391,6.13399,508,1.91
1392,6.13203,443,1.66
1393,6.13446,664,2.49
1394,6.13858,641,2.40
1395,6.13015,433,1.63
1396,6.12846,341,1.28
1397,6.13787,931,3.49
1398,6.13308,572,2.15
1399,6.12680,485,1.82
1400,6.13038,1506,5.65
1401,6.12988,102,0.38
1402,6.12375,1462,5.49
1403,6.13155,772,2.90
1404,6.13034,1623,6.09
1405,6.12973,462,1.73
1406,6.13516,462,1.73
1407,6.12495,1434,5.38
1408,6.13469,580,2.17
1409,6.12709,850,3.19
1410,6.12435,635,2.38
1411,6.13243,546,2.05
1412,6.12117,48,0.18
1413,6.12846,1045,3.92
1414,6.12191,293,1.10
1415,6.13075,1036,3.89
1416,6.12715,868,3.26
1417,6.13069,787,2.95
1418,6.13123,502,1.88
1419,6.12943,558,2.09
1420,6.12354,436,1.64
1421,6.11576,934,3.50
1422,6.12184,642,2.41
1423,6.12321,802,3.01
1424,6.11908,1182,4.43
1425,6.12345,745,2.79
1426,6.12428,584,2.19
1427,6.12537,767,2.88
1428,6.11708,1156,4.34
1429,6.11313,309,1.16
1430,6.11968,701,2.63
1431,6.12769,489,1.84
1401,6.12846,22,0.08
1402,6.12301,2013,7.55
1403,6.12221,2244,8.42
1404,6.12568,2353,8.83
1405,6.12185,2405,9.02
1406,6.12910,2514,9.43
1407,6.12989,2445,9.17
1408,6.13102,2307,8.66
1409,6.13402,2369,8.89
1410,6.12709,2247,8.43
1411,6.12891,1917,7.19
1412,6.12209,2204,8.27
1413,6.13141,2365,8.87
1414,6.13239,2473,9.28
1415,6.12686,2393,8.98
1416,6.12612,2308,8.66
1417,6.12069,2265,8.50
1418,6.12947,2210,8.29
1419,6.12846,2590,9.72
1420,6.12090,2504,9.39
1421,6.12532,2524,9.47
1422,6.11712,2500,9.38
1423,6.12134,2525,9.47
1424,6.12200,2524,9.47
1425,6.12265,2486,9.33
1426,6.12594,2557,9.59
1427,6.11984,2051,7.70
1428,6.11718,2533,9.50
1429,6.11268,2345,8.80
1430,6.12175,2531,9.50
1431,6.12526,2558,9.60
1432,6.12167,2641,9.91
1433,6.11777,2560,9.60
1434,6.11977,2578,9.67
1435,6.12122,2620,9.83
1436,6.11288,2405,9.03
1437,6.12439,2369,8.89
1438,6.12018,1755,6.58
1439,6.11555,1975,7.41
1440,6.12227,2332,8.75
1441,6.12134,2024,7.59
1442,6.11931,2583,9.69
1443,6.11518,2602,9.76
1444,6.11503,2555,9.58
1445,6.11784,2139,8.03
1446,6.11152,2569,9.64
1447,6.11985,2531,9.49
1448,6.11150,2459,9.22
1449,6.11798,2367,8.88
1450,6.11039,2480,9.30
1451,6.11159,2591,9.72
1452,6.11536,2460,9.23
1453,6.12128,2331,8.74
1454,6.11032,2154,8.08
1455,6.12389,2335,8.76
1456,6.12563,2142,8.04
1457,6.11505,2436,9.14
1458,6.11309,2537,9.52
1459,6.11140,2561,9.61
1460,6.11962,2576,9.66
1461,6.10486,2596,9.74
1462,6.10872,1970,7.39
1463,6.11770,2040,7.65
1464,6.11204,2055,7.71
1465,6.11704,2454,9.21
1466,6.11170,1975,7.41
1467,6.12130,2204,8.27
1468,6.10966,2355,8.84
1469,6.11414,2598,9.75
1470,6.11505,2390,8.97
1471,6.11560,2293,8.60
1472,6.11063,2688,10.09
1473,6.11885,2261,8.48
1474,6.11002,2643,9.92
1475,6.11023,2631,9.87
1476,6.10136,2561,9.61
1477,6.11881,2529,9.49
1478,6.10070,2468,9.26
1479,6.12572,2467,9.26
1480,6.11446,2621,9.83
1481,6.12036,2475,9.29
1482,6.11373,2513,9.43
1483,6.10687,2526,9.48
1484,6.11180,2521,9.46
1485,6.09981,2512,9.43
1486,6.10916,2583,9.69
1487,6.10826,2036,7.64
1488,6.09939,2364,8.87
1489,6.10674,2154,8.08
1490,6.11194,2276,8.54
1491,6.11244,1920,7.20
1492,6.10745,2037,7.64
1493,6.10709,2164,8.12
1494,6.10600,2129,7.99
1495,6.10474,2383,8.94
1496,6.10732,2562,9.61
1497,6.09743,2551,9.57
1498,6.10439,2567,9.63
1499,6.10030,2620,9.83
1500,6.10537,2143,8.04
1501,6.10594,131,0.49
1502,6.10309,2096,7.86
1503,6.09791,2289,8.59
1504,6.10462,2338,8.77
1505,6.09735,2605,9.78
1506,6.10024,2507,9.40
1507,6.09754,2551,9.57
1508,6.10017,2166,8.13
1509,6.10449,2451,9.20
1510,6.09609,2416,9.07
1511,6.10214,2025,7.60
1512,6.10515,2309,8.66
1513,6.10583,2091,7.84
1514,6.10419,2312,8.67
1515,6.09740,2535,9.51
1516,6.09125,2537,9.52
1517,6.08818,2620,9.83
1518,6.10641,2551,9.57
1519,6.10577,2248,8.44
1520,6.09701,2579,9.68
1521,6.09436,2506,9.40
1522,6.08310,2564,9.62
1523,6.08595,2433,9.13
1524,6.09455,2524,9.47
1525,6.09628,2584,9.69
1526,6.09109,2544,9.55
1527,6.09619,2487,9.33
1528,6.09998,2288,8.59
1529,6.09031,2480,9.31
1530,6.08819,2396,8.99
1531,6.09720,2279,8.55
1532,6.08923,2597,9.75
1533,6.08608,2599,9.75
1534,6.10194,2610,9.79
1535,6.09429,2652,9.95
1536,6.09562,2668,10.01
1537,6.09857,2582,9.69
1538,6.08703,2578,9.67
1539,6.09441,2643,9.92
1540,6.09027,2615,9.81
1541,6.09531,2597,9.74
1542,6.09342,2571,9.65
1543,6.11381,2153,8.08
1544,6.08053,2713,10.18
1545,6.13181,2150,8.07
1546,6.08735,2597,9.74
1547,6.11227,2591,9.72
1548,6.09447,2648,9.94
1549,6.10088,2648,9.94
1550,6.08670,2524,9.47
1551,6.10149,2567,9.63
1552,6.08084,2210,8.29
1553,6.10506,2563,9.62
1554,6.07724,2610,9.79
1555,6.11259,2587,9.71
1556,6.07794,2594,9.73
1557,6.09511,2289,8.59
1558,6.08942,2270,8.52
1559,6.10058,2545,9.55
1560,6.08831,2308,8.66
1561,6.08880,2672,10.03
1562,6.08094,2489,9.34
1563,6.09443,2257,8.47
1564,6.08327,2655,9.96
1565,6.09820,2566,9.63
1566,6.08850,2427,9.11
1567,6.08816,2598,9.75
1568,6.06886,2587,9.71
1569,6.09016,2610,9.79
1570,6.08994,2528,9.49
1571,6.08661,2512,9.43
1572,6.08503,2456,9.22
1573,6.09166,2508,9.41
1574,6.07633,2591,9.72
1575,6.09318,2242,8.41
1576,6.07770,2561,9.61
1577,6.08141,2493,9.35
1578,6.08729,2366,8.88
1579,6.08583,2484,9.32
1580,6.07163,2438,9.15
1581,6.08466,2422,9.09
1582,6.09130,2614,9.81
1583,6.07674,2563,9.62
1584,6.08721,2562,9.61
1585,6.08641,2512,9.43
1586,6.08139,2219,8.33
1587,6.07866,2038,7.65
1588,6.08602,1980,7.43
1589,6.08604,2567,9.63
1590,6.07982,2622,9.84
1591,6.08112,2501,9.38
1592,6.07501,2562,9.61
1593,6.07686,2308,8.66
1594,6.08826,2613,9.80
1595,6.08925,2548,9.56
1596,6.08319,1186,4.45
1597,6.08868,2594,9.73
1598,6.07615,2534,9.51
1599,6.07165,2616,9.81
1600,6.07749,2589,9.72
1601,6.07961,131,0.49
1602,6.07798,2541,9.53
1603,6.08391,2369,8.89
1604,6.08353,2653,9.95
1605,6.07257,2668,10.01
1606,6.07637,2607,9.78
1607,6.07570,2631,9.87
1608,6.07959,2586,9.70
1609,6.07977,2604,9.77
1610,6.07316,2361,8.86
1611,6.07724,2620,9.83
1612,6.07941,2515,9.44
1613,6.07537,2641,9.91
1614,6.07200,2223,8.34
1615,6.07227,2193,8.23
1616,6.07741,2481,9.31
1617,6.06928,2683,10.06
1618,6.07163,2398,9.00
1619,6.08063,2708,10.16
1620,6.07808,2654,9.96
1621,6.07319,2337,8.77
1622,6.07255,2519,9.45
1623,6.08398,2343,8.79
1624,6.07409,2491,9.35
1625,6.07632,2099,7.87
1626,6.07505,2096,7.86
1627,6.06868,2548,9.56
1628,6.07238,2249,8.44
1629,6.06845,2235,8.39
1630,6.07456,2409,9.04
1631,6.07510,2501,9.38
1632,6.06619,2655,9.96
1633,6.07036,2517,9.44
1634,6.06732,2673,10.03
1635,6.07609,2548,9.56
1636,6.07429,2643,9.92
1637,6.07094,2606,9.78
1638,6.07750,2577,9.67
1639,6.07360,2667,10.01
1640,6.07220,2646,9.93
1641,6.06823,2687,10.08
1642,6.07353,2619,9.83
1643,6.06034,2580,9.68
1644,6.06116,2574,9.66
1645,6.06895,2482,9.31
1646,6.06693,2562,9.61
1647,6.06662,2581,9.69
1648,6.07044,2211,8.30
1649,6.06971,2042,7.66
1650,6.09512,2531,9.50
1651,6.06123,2612,9.80
1652,6.10083,2615,9.81
1653,6.06498,2487,9.33
1654,6.09135,2371,8.90
1655,6.06401,2217,8.32
1656,6.09467,2687,10.08
1657,6.06007,2704,10.15
1658,6.08221,2604,9.77
1659,6.05734,2606,9.78
1660,6.08080,2687,10.08
1661,6.06611,2740,10.28
1662,6.08468,2658,9.97
1663,6.06030,2739,10.28
1664,6.07579,2748,10.31
1665,6.05889,2620,9.83
1666,6.07084,2478,9.30
1667,6.06246,2781,10.44
1668,6.07364,2688,10.09
1669,6.06704,2582,9.69
1670,6.07287,2164,8.12
1671,6.05549,2665,10.00
1672,6.06727,2621,9.84
1673,6.06046,2673,10.03
1674,6.06995,2681,10.06
1675,6.06681,2629,9.87
1676,6.06963,2711,10.17
1677,6.06216,2739,10.28
1678,6.05322,2436,9.14
1679,6.06599,2478,9.30
1680,6.05993,2609,9.79
1681,6.06664,2590,9.72
1682,6.06429,2580,9.68
1683,6.05240,2244,8.42
1684,6.07144,2386,8.95
1685,6.06703,2678,10.05
1686,6.06445,2128,7.99
1687,6.06974,2634,9.88
1688,6.06321,2673,10.03
1689,6.06641,2451,9.20
1690,6.06949,2591,9.72
1691,6.06537,2660,9.98
1692,6.06101,2603,9.76
1693,6.05688,2601,9.76
1694,6.05763,2629,9.86
1695,6.05088,2603,9.77
1696,6.06067,2611,9.80
1697,6.05971,2485,9.33
1698,6.06329,2721,10.21
1699,6.06585,2787,10.46
1700,6.05559,2569,9.64
1701,6.06897,123,0.46
1702,6.05814,2437,9.14
1703,6.05531,2307,8.66
1704,6.06559,2230,8.37
1705,6.05813,2361,8.86
1706,6.06015,362,1.36
1707,6.06175,2592,9.72
1708,6.06492,2147,8.06
1709,6.06004,2549,9.56
1710,6.05156,2500,9.38
1711,6.05724,2572,9.65
1712,6.05310,2067,7.75
1713,6.06397,2600,9.75
1714,6.05510,1748,6.56
1715,6.05803,2052,7.70
1716,6.06554,1723,6.47
1717,6.06041,2275,8.54
1718,6.05760,2542,9.54
1719,6.04780,2665,10.00
1720,6.05649,2636,9.89
1721,6.05703,2588,9.71
1722,6.05401,2674,10.03
1723,6.05346,2589,9.72
1724,6.05541,2630,9.87
1725,6.05119,2646,9.93
1726,6.05822,2453,9.20
1727,6.05365,2578,9.67
1728,6.04636,2552,9.58
1729,6.04849,2332,8.75
1730,6.04557,2648,9.94
1731,6.05066,2627,9.85
1732,6.05044,2277,8.54
1733,6.05669,2264,8.49
1734,6.05927,2465,9.25
1735,6.04784,2593,9.73
1736,6.04704,2145,8.05
1737,6.04661,2569,9.64
1738,6.05048,2183,8.19
1739,6.05647,2107,7.91
1740,6.05115,2342,8.79
1741,6.05514,2623,9.84
1742,6.04908,2545,9.55
1743,6.05292,2471,9.27
1744,6.05765,2443,9.17
1745,6.04876,2682,10.06
1746,6.05899,2655,9.96
1747,6.05301,2637,9.90
1748,6.04919,2646,9.93
1749,6.05652,2706,10.15
1750,6.05631,2655,9.96
1751,6.04981,2595,9.74
1752,6.04063,2659,9.98
1753,6.05185,2625,9.85
1754,6.04746,2574,9.66
1755,6.04171,2596,9.74
1756,6.05428,2660,9.98
1757,6.05146,2660,9.98
1758,6.04935,2465,9.25
1759,6.04376,2677,10.04
1760,6.05707,2620,9.83
1761,6.04958,2662,9.99
1762,6.04587,2637,9.89
1763,6.05790,2572,9.65
1764,6.03290,2648,9.94
1765,6.04899,2636,9.89
1766,6.05029,2526,9.48
1767,6.04556,2632,9.88
1768,6.05255,2627,9.86
1769,6.03799,2665,10.00
1770,6.05149,2474,9.28
1771,6.04331,2403,9.02
1772,6.04135,2495,9.36
1773,6.04427,2669,10.01
1774,6.04432,2608,9.79
1775,6.03875,2510,9.42
1776,6.04797,2604,9.77
1777,6.04616,2272,8.52
1778,6.04572,2733,10.25
1779,6.04713,2738,10.27
1780,6.04777,2693,10.11
1781,6.03557,2576,9.67
1782,6.04623,2737,10.27
1783,6.04256,2673,10.03
1784,6.03583,2284,8.57
1785,6.04733,2663,9.99
1786,6.02794,2691,10.10
1787,6.05107,2694,10.11
1788,6.04599,2690,10.09
1789,6.03655,2680,10.06
1790,6.04435,2595,9.74
1791,6.04428,2247,8.43
1792,6.03852,2709,10.16
1793,6.04028,2686,10.08
1794,6.03783,2751,10.32
1795,6.03924,2571,9.65
1796,6.04125,2251,8.44
1797,6.04062,2636,9.89
1798,6.05545,2566,9.63
1799,6.04684,2651,9.95
1800,6.03865,2417,9.07
1801,6.04371,131,0.49
1802,6.04646,2567,9.63
1803,6.03443,2133,8.00
1804,6.04099,2600,9.76
1805,6.03198,2578,9.67
1806,6.04433,2650,9.94
1807,6.03526,2621,9.83
1808,6.04746,2663,9.99
1809,6.05290,2610,9.79
1810,6.03962,2615,9.81
1811,6.03947,2406,9.03
1812,6.03009,2458,9.22
1813,6.04617,2456,9.22
1814,6.03850,2567,9.63
1815,6.03889,2711,10.17
1816,6.03713,2403,9.02
1817,6.03532,2704,10.15
1818,6.03935,2512,9.42
1819,6.04054,2723,10.22
1820,6.03794,2185,8.20
1821,6.04700,2529,9.49
1822,6.03470,2704,10.15
1823,6.03504,2496,9.36
1824,6.04181,2714,10.18
1825,6.03835,2671,10.02
1826,6.03667,2298,8.62
1827,6.03257,2392,8.97
1828,6.03124,2485,9.32
1829,6.03975,2696,10.11
1830,6.04114,2610,9.79
1831,6.03081,2490,9.34
1832,6.03477,2498,9.37
1833,6.03769,2546,9.55
1834,6.02717,2666,10.00
1835,6.04875,2518,9.45
1836,6.02961,2612,9.80
1837,6.03557,2276,8.54
1838,6.04081,2587,9.70
1839,6.04156,2635,9.89
1840,6.03054,2437,9.14
1841,6.04336,2414,9.06
1842,6.03182,2535,9.51
1843,6.03154,1939,7.27
1844,6.03174,2348,8.81
1845,6.03900,2134,8.01
1846,6.03546,2428,9.11
1847,6.03266,1924,7.22
1848,6.03548,2043,7.66
1849,6.04118,1917,7.19
1850,6.03139,2141,8.03
1851,6.03062,2347,8.81
1852,6.03143,2526,9.48
1853,6.03009,2681,10.06
1854,6.03176,2547,9.56
1855,6.03559,2654,9.96
1856,6.03431,2591,9.72
1857,6.03719,2591,9.72
1858,6.03724,2574,9.66
1859,6.03623,2549,9.56
1860,6.03236,2746,10.30
1861,6.03500,2697,10.12
1862,6.03579,2588,9.71
1863,6.03091,2707,10.16
1864,6.03495,1963,7.37
1865,6.02982,1813,6.80
1866,6.02541,127,0.48
1867,6.03230,736,2.76
1868,6.02232,630,2.36
1869,6.03020,996,3.74
1870,6.03135,452,1.70
1871,6.03869,2003,7.52
1872,6.02891,2428,9.11
1873,6.03178,2259,8.48
1874,6.02967,2310,8.67
1875,6.03110,1082,4.06
1876,6.02740,783,2.94
1877,6.02298,2034,7.63
1878,6.02759,2153,8.08
1879,6.07358,2527,9.48
1880,6.02382,2548,9.56
1881,6.04989,2263,8.49
1882,6.04484,2327,8.73
1883,6.02383,2363,8.87
1884,6.05364,2238,8.40
1885,6.03158,2044,7.67
1886,6.03793,2385,8.95
1887,6.02974,2172,8.15
1888,6.03332,2464,9.24
1889,6.03172,1541,5.78
1890,6.03046,1936,7.26
1891,6.03031,2319,8.70
1892,6.03165,2304,8.65
1893,6.03026,2024,7.59
1894,6.03263,2398,9.00
1895,6.02607,2146,8.05
1896,6.02916,1856,6.96
1897,6.03075,1453,5.45
1898,6.03138,1484,5.57
1899,6.03769,2362,8.86
1900,6.02546,1595,5.98
1901,6.02943,130,0.49
1902,6.02434,2462,9.24
1903,6.03192,2489,9.34
1904,6.02465,1760,6.61
1905,6.02542,1829,6.86
1906,6.02638,1654,6.21
1907,6.03141,2020,7.58
1908,6.02542,2266,8.50
1909,6.01859,2053,7.70
1910,6.02321,2278,8.55
1911,6.02190,2295,8.61
1912,6.02912,950,3.56
1913,6.03445,2133,8.00
1914,6.02199,2239,8.40
1915,6.02856,2541,9.53
1916,6.02766,2508,9.41
1917,6.03566,2429,9.11
1918,6.02862,2419,9.08
1919,6.02159,2033,7.63
1920,6.02536,2471,9.27
1921,6.02960,2548,9.56
1922,6.02419,2468,9.26
1923,6.01871,2597,9.74
1924,6.03606,2452,9.20
1925,6.02143,2480,9.30
1926,6.02123,2547,9.56
1927,6.02491,2611,9.80
1928,6.01784,2559,9.60
1929,6.01312,2492,9.35
1930,6.02284,2127,7.98
1931,6.01566,1895,7.11
1932,6.02494,2532,9.50
1933,6.02640,2369,8.89
1934,6.02420,2534,9.51
1935,6.01779,2191,8.22
1936,6.02977,2419,9.08
1937,6.02651,1955,7.34
1938,6.01884,2334,8.76
1939,6.01814,2365,8.87
1940,6.03427,2467,9.26
1941,6.01967,2484,9.32
1942,6.01812,2604,9.77
1943,6.02413,2633,9.88
1944,6.02337,2614,9.81
1945,6.00840,2662,9.99
1946,6.01695,2502,9.39
1947,6.02149,2533,9.51
1948,6.01753,2617,9.82
1949,6.02327,2725,10.22
1950,6.01347,2591,9.72
1951,6.01783,2566,9.63
1952,6.02177,2732,10.25
1953,6.01476,2736,10.27
1954,6.02135,2424,9.09
1955,6.00933,2653,9.95
1956,6.01514,2459,9.23
1957,6.02054,2042,7.66
1958,6.01676,2245,8.42
1959,6.01495,2155,8.08
1960,6.01901,2647,9.93
1961,6.03016,2662,9.99
1962,6.01799,2551,9.57
1963,6.02047,2649,9.94
1964,6.01877,2533,9.50
1965,6.01154,2148,8.06
1966,6.01514,2272,8.53
1967,6.00637,2222,8.34
1968,6.01318,2410,9.04
1969,6.02022,2402,9.01
1970,6.01807,2330,8.74
1971,6.01499,1991,7.47
1972,6.02052,2392,8.98
1973,6.02002,2345,8.80
1974,6.02105,2226,8.35
1975,6.02132,2386,8.95
1976,6.01393,1578,5.92
1977,6.00255,2441,9.16
1978,6.00970,2581,9.68
1979,6.01906,2603,9.77
1980,6.00617,2448,9.19
1981,6.01808,2601,9.76
1982,6.01583,2643,9.92
1983,6.01078,2233,8.38
1984,6.00900,1975,7.41
1985,6.01925,2127,7.98
1986,6.01820,1690,6.34
1987,6.00746,2061,7.73
1988,6.01317,2338,8.77
1989,6.01602,2329,8.74
1990,6.01355,2381,8.93
1991,6.01394,2518,9.45
1992,6.01169,2442,9.16
1993,6.01495,2263,8.49
1994,6.01476,2370,8.89
1995,6.01051,2256,8.46
1996,6.00940,2239,8.40
1997,6.01849,2379,8.93
1998,6.01897,2398,9.00
1999,6.01472,2161,8.11
2000,6.01954,2205,8.27
2001,6.00984,131,0.49
2002,6.00466,2397,8.99
2003,6.01431,2095,7.86
2004,6.00862,2585,9.70
2005,6.01532,2681,10.06
2006,6.01137,2557,9.59
2007,6.01428,2459,9.23
2008,6.00940,2640,9.91
2009,6.00078,2227,8.36
2010,6.01451,2625,9.85
2011,6.00717,2593,9.73
2012,6.00973,2358,8.85
2013,6.00226,2434,9.13
2014,6.00702,2649,9.94
2015,6.01262,2516,9.44
2016,6.00140,2460,9.23
2017,6.00591,2159,8.10
2018,6.01968,2528,9.48
2019,6.00955,2679,10.05
2020,6.01500,2188,8.21
2021,6.01578,2472,9.28
2022,6.01148,2564,9.62
2023,6.00482,2574,9.66
2024,6.00186,2696,10.11
2025,6.01156,2672,10.03
2026,6.00858,2676,10.04
2027,6.01127,2634,9.88
2028,6.01008,2258,8.47
2029,6.01141,2656,9.97
2030,6.01156,2606,9.78
2031,6.00426,2629,9.86
2032,6.01214,2494,9.36
2033,6.00424,2680,10.06
2034,5.99730,2565,9.62
2035,6.01188,2607,9.78
2036,6.00934,2662,9.99
2037,6.00429,2522,9.46
2038,6.00505,2527,9.48
2039,6.01567,2542,9.54
2040,6.01222,2724,10.22
2041,5.99937,2668,10.01
2042,6.00882,2632,9.88
2043,6.00766,2642,9.91
2044,6.00145,2633,9.88
2045,6.01161,2684,10.07
2046,6.01311,2630,9.87
2047,5.99451,2617,9.82
2048,6.00966,2212,8.30
2049,6.01352,2363,8.87
2050,6.01538,2498,9.37
2051,6.00007,2353,8.83
2052,6.00516,2296,8.61
2053,6.01192,2418,9.07
2054,6.00411,2655,9.96
2055,5.99707,2642,9.91
2056,6.00655,2614,9.81
2057,6.00443,2632,9.88
2058,6.00386,2491,9.35
2059,6.02127,2628,9.86
2060,5.99949,2735,10.26
2061,6.00835,2607,9.78
2062,6.00590,2663,9.99
2063,6.01220,2747,10.31
2064,6.00177,1963,7.37
2065,6.00585,2572,9.65
2066,5.99699,2332,8.75
2067,6.00368,2090,7.84
2068,6.00227,2479,9.30
2069,6.00471,2397,8.99
2070,6.00449,2388,8.96
2071,6.00565,2410,9.04
2072,6.00350,2667,10.01
2073,5.99830,2734,10.26
2074,6.00427,2666,10.00
2075,6.00908,2446,9.18
2076,6.00745,2257,8.47
2077,6.00395,2385,8.95
2078,6.01035,2294,8.61
2079,6.00254,2224,8.34
2080,5.99586,2052,7.70
2081,5.99567,2086,7.83
2082,5.99791,2525,9.47
2083,6.01318,2624,9.85
2084,5.99573,2676,10.04
2085,5.99400,2688,10.09
2086,5.99909,2732,10.25
2087,5.99838,2670,10.02
2088,5.99154,2596,9.74
2089,5.99995,2445,9.18
2090,6.00296,2505,9.40
2091,6.01195,2656,9.97
2092,5.99765,2743,10.29
2093,6.00449,2157,8.09
2094,5.99965,2709,10.17
2095,6.00100,2666,10.00
2096,6.00780,2763,10.37
2097,6.00398,2669,10.01
2098,6.00214,2590,9.72
2099,5.99557,2648,9.93
2100,5.99182,2308,8.66
2101,5.99879,131,0.49
2102,6.00919,2229,8.36
2103,6.00343,2561,9.61
2104,6.00159,2609,9.79
2105,6.00222,2600,9.75
2106,6.01232,2710,10.17
2107,6.00126,2629,9.86
2108,5.99788,2539,9.53
2109,5.99646,2634,9.88
2110,6.00038,2694,10.11
2111,5.99132,2750,10.32
2112,5.99857,2672,10.03
2113,6.00248,2698,10.12
2114,5.99719,2752,10.32
2115,5.99851,2630,9.87
2116,6.00065,2457,9.22
2117,6.00255,2153,8.08
2118,5.99326,2210,8.29
2119,5.99725,2373,8.90
2120,5.99566,2241,8.41
2121,5.98814,2576,9.67
2122,5.99237,2640,9.91
2123,5.99598,2540,9.53
2124,5.99514,2739,10.28
2125,5.99153,2578,9.67
2126,5.99543,2633,9.88
2127,5.99928,2664,10.00
2128,5.99941,2705,10.15
2129,5.98926,2668,10.01
2130,5.99787,2608,9.79
2131,5.99430,2743,10.29
2132,6.00290,2765,10.37
2133,5.98119,2619,9.83
2134,5.98406,2644,9.92
2135,5.99632,2302,8.64
2136,5.99219,2271,8.52
2137,5.99995,2661,9.98
2138,5.99522,2687,10.08
2139,5.99738,2696,10.12
2140,5.99937,2674,10.03
2141,5.99456,2125,7.97
2142,5.98722,2549,9.56
2143,5.99390,2727,10.23
2144,5.98257,2552,9.57
2145,5.98610,2735,10.26
2146,5.99239,2697,10.12
2147,5.99284,2742,10.29
2148,5.98904,2489,9.34
2149,5.98753,2554,9.58
2150,5.99310,2536,9.51
2151,5.99164,2688,10.09
2152,5.99409,2609,9.79
2153,5.99635,2748,10.31
2154,5.99193,2413,9.05
2155,5.99660,2544,9.55
2156,5.99329,2547,9.56
2157,5.99238,2620,9.83
2158,5.99581,2690,10.09
2159,5.98077,2684,10.07
2160,5.99180,2721,10.21
2161,5.99510,2689,10.09
2162,5.98793,2011,7.54
2163,6.00301,2672,10.03
2164,5.99565,2532,9.50
2165,5.99007,2632,9.87
2166,5.98747,2665,10.00
2167,5.97753,2648,9.93
2168,5.99797,1508,5.66
2169,5.99289,2326,8.73
2170,6.00087,2254,8.46
2171,5.98722,2556,9.59
2172,5.99151,2633,9.88
2173,5.98126,2737,10.27
2174,5.98804,2676,10.04
2175,5.98274,2484,9.32
2176,5.98269,2561,9.61
2177,5.98860,2455,9.21
2178,5.99326,2154,8.08
2179,5.99007,2652,9.95
2180,5.99091,1908,7.16
2181,5.98873,2666,10.00
2182,5.99625,2643,9.92
2183,5.99165,2603,9.77
2184,6.01522,2685,10.07
2185,5.99221,2687,10.08
2186,6.01229,2589,9.71
2187,5.99431,2462,9.24
2188,5.98387,2543,9.54
2189,6.00011,2501,9.38
2190,5.99309,2675,10.04
2191,5.99608,2566,9.63
2192,5.98558,2581,9.68
2193,5.99166,2635,9.88
2194,5.99561,2631,9.87
2195,6.03993,2699,10.13
2196,5.99470,2742,10.29
2197,6.00583,2647,9.93
2198,6.00180,2593,9.73
2199,6.00233,2700,10.13
2200,5.98485,2428,9.11
2201,6.00375,134,0.50
2202,5.98887,2697,10.12
2203,6.00093,2501,9.38
2204,5.97740,2671,10.02
2205,5.99766,2649,9.94
2206,5.99275,2631,9.87
2207,5.99680,2158,8.10
2208,5.98583,2568,9.64
2209,5.99433,2681,10.06
2210,5.99093,2452,9.20
2211,6.00044,1867,7.00
2212,5.98443,2221,8.33
2213,5.99825,2408,9.03
2214,5.98564,1946,7.30
2215,5.99869,1686,6.32
2216,5.98335,1950,7.32
2217,5.98573,2197,8.24
2218,5.97725,2708,10.16
2219,5.98128,2207,8.28
2220,5.98756,2622,9.84
2221,5.99097,2517,9.44
2222,5.98556,2295,8.61
2223,5.98419,2358,8.85
2224,5.97527,2536,9.52
2225,5.98364,2697,10.12
2226,5.98745,2624,9.85
2227,5.99211,2434,9.13
2228,5.98404,2571,9.65
2229,5.98890,2583,9.69
2230,5.98321,2450,9.19
2231,5.99843,2526,9.48
2232,5.98480,2730,10.24
2233,5.99242,2488,9.33
2234,5.98704,2634,9.88
2235,6.00130,2597,9.74
2236,5.99830,2387,8.96
2237,5.99314,2611,9.80
2238,5.98783,2639,9.90
2239,5.99555,2190,8.22
2240,5.98898,2697,10.12
2241,5.98474,2734,10.26
2242,5.97623,2397,8.99
2243,5.99422,2422,9.09
2244,5.98575,2523,9.47
2245,5.97915,2623,9.84
2246,5.98547,2400,9.01
2247,5.98688,2699,10.13
2248,5.97788,2591,9.72
2249,5.98979,2710,10.17
2250,5.98781,2597,9.74
2251,5.98149,2742,10.29
2252,5.97452,2273,8.53
2253,5.98383,2667,10.01
2254,5.98286,2622,9.84
2255,5.97836,2532,9.50
2256,5.98539,2404,9.02
2257,5.98846,2765,10.37
2258,5.98392,2661,9.99
2259,5.98414,2804,10.52
2260,5.97924,2683,10.07
2261,5.97814,2575,9.66
2262,5.97871,2602,9.76
2263,5.97971,2688,10.09
2264,5.98593,2620,9.83
2265,5.98530,2633,9.88
2266,5.98242,2693,10.10
2267,5.98262,2576,9.66
2268,5.97427,2488,9.34
2269,5.98701,2723,10.22
2270,5.98425,2389,8.96
2271,5.97910,2607,9.78
2272,5.97629,2643,9.92
2273,5.98123,2010,7.54
2274,5.97454,2518,9.45
2275,5.98330,2582,9.69
2276,5.97977,2569,9.64
2277,5.97747,2272,8.53
2278,5.97607,2637,9.89
2279,5.97698,2618,9.82
2280,5.98026,2695,10.11
2281,5.97382,2604,9.77
2282,5.98131,2703,10.14
2283,5.98161,2678,10.05
2284,5.98091,2649,9.94
2285,5.97998,2615,9.81
2286,5.98814,2611,9.80
2287,5.97868,2614,9.81
2288,5.98199,2675,10.04
2289,5.98062,2700,10.13
2290,5.97792,2554,9.58
2291,5.98167,2790,10.47
2292,5.98865,2605,9.77
2293,5.98267,2643,9.92
2294,5.97365,2618,9.82
2295,5.98186,2391,8.97
2296,5.98497,2742,10.29
2297,5.97936,2589,9.71
2298,5.97873,2739,10.28
2299,5.98405,2568,9.64
2300,5.97288,2709,10.16
2301,5.98089,131,0.49
2302,5.98314,2707,10.15
2303,5.97862,2505,9.40
2304,5.97385,2663,9.99
2305,5.97834,2555,9.59
2306,5.97994,2722,10.21
2307,5.98288,2763,10.37
2308,5.97845,2776,10.41
2309,5.98187,2649,9.94
2310,5.97628,2240,8.41
2311,5.97765,2626,9.85
2312,5.97651,2625,9.85
2313,5.97606,2618,9.82
2314,5.98228,2190,8.22
2315,5.97811,2397,8.99
2316,5.97624,2316,8.69
2317,5.97567,2641,9.91
2318,5.98421,2622,9.84
2319,5.97330,2552,9.58
2320,5.98260,2635,9.89
2321,5.98003,2703,10.14
2322,5.97619,2659,9.98
2323,5.98315,2686,10.08
2324,5.97502,2678,10.05
2325,5.97700,2613,9.81
2326,5.96971,2646,9.93
2327,5.97056,2258,8.47
2328,5.96550,2689,10.09
2329,5.96386,2817,10.57
2330,5.98064,2666,10.00
2331,5.97892,2635,9.89
2332,5.97755,2682,10.06
2333,5.96969,2656,9.96
2334,5.97523,2612,9.80
2335,5.97626,2640,9.90
2336,5.97249,2743,10.29
2337,5.97299,2565,9.63
2338,5.97052,2597,9.74
2339,5.98257,2643,9.92
2340,5.98116,2704,10.15
2341,5.96220,2574,9.66
2342,5.97632,2636,9.89
2343,5.97731,2684,10.07
2344,5.96058,2442,9.16
2345,5.97269,2088,7.84
2346,5.97736,2389,8.96
2347,5.97212,2711,10.17
2348,5.98299,2663,9.99
2349,5.97847,2307,8.66
2350,5.97076,2311,8.67
2351,5.97581,2745,10.30
2352,5.97015,2771,10.40
2353,5.96751,2644,9.92
2354,5.96897,2634,9.88
2355,5.97188,2608,9.78
2356,5.97406,2539,9.53
2357,5.96817,2577,9.67
2358,5.97938,2662,9.99
2359,5.97249,2722,10.21
2360,5.97475,2783,10.44
2361,5.97473,2365,8.87
2362,5.97308,2638,9.90
2363,5.96738,2594,9.73
2364,5.97772,2755,10.34
2365,5.96948,2720,10.21
2366,5.97269,2754,10.33
2367,5.97112,2748,10.31
2368,5.97347,2762,10.36
2369,5.97518,2766,10.38
2370,5.96578,2568,9.64
2371,5.97281,2759,10.35
2372,5.97027,2680,10.05
2373,5.97552,2499,9.37
2374,5.96821,2656,9.96
2375,5.97270,2557,9.59
2376,5.98144,2570,9.64
2377,5.97569,2550,9.57
2378,5.96493,2723,10.22
2379,5.97480,2744,10.29
2380,5.96653,2689,10.09
2381,5.96954,2717,10.19
2382,5.96541,2415,9.06
2383,5.97693,2572,9.65
2384,5.96013,2608,9.78
2385,5.97098,2636,9.89
2386,5.96159,2617,9.82
2387,5.96730,2692,10.10
2388,5.96587,2588,9.71
2389,5.96955,2500,9.38
2390,5.96800,2409,9.04
2391,5.95916,2618,9.82
2392,5.96977,2713,10.18
2393,5.96849,2669,10.01
2394,5.96888,2745,10.30
2395,5.96328,2514,9.43
2396,5.97350,2525,9.48
2397,5.96497,2629,9.86
2398,5.96150,2685,10.07
2399,5.96805,2604,9.77
2400,5.97335,2716,10.19
2401,5.97280,131,0.49
2402,5.96874,2479,9.30
2403,5.97552,2542,9.54
2404,5.96642,2663,9.99
2405,6.01955,2713,10.18
2406,5.95295,2578,9.67
2407,5.98994,2436,9.14
2408,5.97510,2456,9.21
2409,5.95722,2698,10.12
2410,5.99766,2728,10.24
2411,5.95990,2550,9.57
2412,5.99025,2680,10.06
2413,5.96114,1955,7.33
2414,5.97155,2162,8.11
2415,5.97097,1539,5.77
2416,5.97440,2252,8.45
2417,5.98926,2636,9.89
2418,5.96393,2700,10.13
2419,5.98534,2593,9.73
2420,5.97780,2643,9.92
2421,5.99965,2710,10.17
2422,5.96638,2633,9.88
2423,5.97966,2619,9.83
2424,5.96597,2644,9.92
2425,5.97076,2555,9.58
2426,5.96759,2634,9.88
2427,5.97411,2603,9.77
2428,5.96882,2640,9.91
2429,5.96840,2259,8.48
2430,5.97262,2771,10.40
2431,5.96792,2772,10.40
2432,5.96978,2691,10.10
2433,5.96362,2457,9.22
2434,5.96692,2478,9.30
2435,5.97331,2598,9.75
2436,5.97401,2773,10.40
2437,5.95778,2234,8.38
2438,5.97368,2717,10.19
2439,5.96254,2785,10.45
2440,5.95560,2559,9.60
2441,5.97226,2338,8.77
2442,5.96374,2548,9.56
2443,5.97020,2602,9.76
2444,5.96962,2531,9.50
2445,5.96566,2412,9.05
2446,5.96128,2717,10.19
2447,5.97348,2679,10.05
2448,5.96668,2746,10.30
2449,5.97301,2348,8.81
2450,5.96862,2562,9.61
2451,5.96173,2696,10.11
2452,5.96051,2671,10.02
2453,5.96469,2712,10.17
2454,5.95728,2186,8.20
2455,5.96996,2759,10.35
2456,5.97057,2673,10.03
2457,5.96526,2491,9.35
2458,5.96315,2702,10.14
2459,5.96987,2575,9.66
2460,5.97124,2448,9.18
2461,5.95627,2375,8.91
2462,5.95753,2718,10.20
2463,5.95831,2764,10.37
2464,5.95677,2697,10.12
2465,5.95959,2647,9.93
2466,5.95768,2682,10.06
2467,5.96191,2717,10.20
2468,5.96081,2421,9.08
2469,5.96789,2488,9.34
2470,5.97188,2555,9.59
2471,5.96615,2414,9.06
2472,5.96126,2567,9.63
2473,5.97006,390,1.46
2474,5.96269,2157,8.09
2475,5.95861,2419,9.07
2476,5.95854,2462,9.24
2477,5.96077,2644,9.92
2478,5.96091,2391,8.97
2479,5.95801,2526,9.48
2480,5.95756,2619,9.83
2481,5.96051,2396,8.99
2482,5.96158,2643,9.92
2483,5.95926,2730,10.24
2484,5.96375,2730,10.24
2485,5.95395,2607,9.78
2486,5.96717,2715,10.19
2487,5.96681,2651,9.94
2488,5.96259,2507,9.41
2489,5.96037,2588,9.71
2490,5.96470,2657,9.97
2491,5.96972,2657,9.97
2492,5.96786,2636,9.89
2493,5.95861,2762,10.36
2494,5.96321,2334,8.76
2495,5.94518,2270,8.52
2496,5.95071,2426,9.10
2497,5.95510,2620,9.83
2498,5.95116,2461,9.23
2499,5.95993,2636,9.89
2500,5.95089,2306,8.65
2501,5.97244,130,0.49
2502,5.95770,2577,9.67
2503,5.96065,2582,9.69
2504,5.96756,2443,9.17
2505,5.95956,2380,8.93
2506,5.95287,2623,9.84
2507,5.95626,2566,9.63
2508,5.95791,2093,7.85
2509,5.95586,2499,9.38
2510,5.96740,2726,10.23
2511,5.96645,2601,9.76
2512,5.96079,2656,9.96
2513,5.95891,2479,9.30
2514,5.95704,2224,8.35
2515,5.95639,2644,9.92
2516,5.96179,2209,8.29
2517,5.95455,2154,8.08
2518,5.95610,2236,8.39
2519,5.96151,2695,10.11
2520,5.95147,2619,9.83
2521,5.96345,2636,9.89
2522,5.95493,2656,9.97
2523,5.95368,2655,9.96
2524,5.96278,2602,9.76
2525,5.95964,2715,10.19
2526,5.94515,2372,8.90
2527,5.95566,2546,9.55
2528,5.95471,2690,10.09
2529,5.95102,2543,9.54
2530,5.95589,2592,9.72
2531,5.95796,2117,7.94
2532,5.95796,2566,9.63
2533,5.95401,2595,9.74
2534,5.95124,1989,7.46
2535,5.96262,2407,9.03
2536,5.94731,2120,7.96
2537,5.95124,2269,8.51
2538,5.94723,2432,9.13
2539,5.95243,1975,7.41
2540,5.94752,2502,9.39
2541,5.95877,2607,9.78
2542,5.95776,2660,9.98
2543,5.95512,2746,10.30
2544,5.95008,2609,9.79
2545,5.96059,2625,9.85
2546,5.95529,2589,9.71
2547,5.96365,2604,9.77
2548,5.95711,2765,10.38
2549,5.95575,2710,10.17
2550,5.95905,2537,9.52
2551,5.96003,2593,9.73
2552,5.94582,2669,10.01
2553,5.95149,2371,8.90
2554,5.94838,2229,8.36
2555,5.95175,2495,9.36
2556,5.95679,2299,8.63
2557,5.95279,2315,8.68
2558,5.95220,2546,9.55
2559,5.95171,2539,9.53
2560,5.94865,2288,8.58
2561,5.96355,2555,9.59
2562,5.95548,1908,7.16
2563,5.94970,2270,8.52
2564,5.94983,2310,8.67
2565,5.94826,2219,8.33
2566,5.95049,2214,8.31
2567,5.95390,1939,7.27
2568,5.94849,2670,10.02
2569,5.96271,2442,9.16
2570,5.95586,2363,8.87
2571,5.94414,2709,10.16
2572,5.95040,2750,10.32
2573,5.95492,2571,9.64
2574,5.94955,2618,9.82
2575,5.95195,2746,10.30
2576,5.94244,2701,10.13
2577,5.94943,2142,8.04
2578,5.95722,2647,9.93
2579,5.95421,1524,5.72
2580,5.95160,2659,9.98
2581,5.95398,2669,10.01
2582,5.96074,2719,10.20
2583,5.94896,2583,9.69
2584,5.95135,2790,10.47
2585,5.94579,2326,8.73
2586,5.95315,1545,5.80
2587,5.95464,1640,6.15
2588,5.95888,1346,5.05
2589,5.94445,1511,5.67
2590,5.96132,1566,5.88
2591,5.95283,1299,4.87
2592,5.95219,1425,5.35
2593,5.95726,627,2.35
2594,5.94648,1470,5.52
2595,5.95885,1343,5.04
2596,5.95748,685,2.57
2597,5.95452,1484,5.57
2598,5.94974,2183,8.19
2599,5.95401,2054,7.71
2600,5.94240,2138,8.02
2601,5.94763,129,0.48
2602,5.95393,2301,8.63
2603,5.95844,2367,8.88
2604,5.94295,2525,9.47
2605,5.94271,2306,8.65
2606,5.94351,2206,8.28
2607,5.95018,1529,5.74
2608,5.95115,2548,9.56
2609,5.94332,2591,9.72
2610,5.94651,2649,9.94
2611,5.94837,2503,9.39
2612,5.93970,2611,9.80
2613,5.94991,1822,6.84
2614,5.95049,1504,5.64
2615,5.94688,1294,4.86
2616,5.95672,1129,4.24
2617,5.95114,1652,6.20
2618,5.95285,1549,5.81
2619,5.94818,1530,5.74
2620,5.93868,1465,5.50
2621,5.95032,1586,5.95
2622,5.95763,1461,5.48
2623,5.94545,1446,5.43
2624,5.94341,1022,3.83
2625,5.94821,828,3.11
2626,5.95652,1532,5.75
2627,5.94860,2031,7.62
2628,5.95641,2234,8.38
2629,5.94594,2606,9.78
2630,5.94607,1932,7.25
2631,5.93808,2123,7.97
2632,5.94511,2006,7.53
2633,5.94837,2222,8.34
2634,5.94313,2463,9.24
2635,5.95274,2743,10.29
2636,5.95061,2643,9.92
2637,5.94211,2669,10.01
2638,5.93985,1232,4.62
2639,5.95290,1946,7.30
2640,5.94060,1984,7.44
2641,5.95166,2436,9.14
2642,5.94618,1947,7.30
2643,5.94952,1979,7.43
2644,5.94873,2442,9.16
2645,5.94276,2491,9.35
2646,5.94501,2650,9.94
2647,5.94845,2744,10.30
2648,5.94002,2598,9.75
2649,5.93740,2711,10.17
2650,5.94262,2711,10.17
2651,5.94597,2746,10.30
2652,5.94442,2550,9.57
2653,5.94424,1033,3.88
2654,5.94794,2267,8.51
2655,5.94687,2226,8.35
2656,5.93699,2190,8.22
2657,5.95078,2487,9.33
2658,5.94848,2421,9.09
2659,5.94571,1925,7.22
2660,5.95348,1548,5.81
2661,5.93732,1663,6.24
2662,5.94271,1652,6.20
2663,5.94458,1345,5.05
2664,5.94609,1686,6.33
2665,5.93953,1512,5.67
2666,5.93790,581,2.18
2667,5.94148,352,1.32
2668,5.94269,275,1.03
2669,5.94537,540,2.03
2670,5.94875,1856,6.96
2671,5.94517,2353,8.83
2672,5.94692,2400,9.00
2673,5.94158,2561,9.61
2674,5.95070,1740,6.53
2675,5.94119,630,2.36
2676,5.95243,2248,8.43
2677,5.94763,2461,9.23
2678,5.94237,2317,8.70
2679,5.95231,2222,8.34
2680,5.94653,2146,8.05
2681,5.94555,2649,9.94
2682,5.94452,2567,9.63
2683,5.94342,2506,9.40
2684,5.94112,2352,8.83
2685,5.94043,2400,9.00
2686,5.95131,2201,8.26
2687,5.94333,2299,8.62
2688,5.94453,1315,4.94
2689,5.95314,2563,9.62
2690,5.94033,2348,8.81
2691,5.93521,2513,9.43
2692,5.95120,2619,9.83
2693,5.95297,2602,9.76
2694,5.94550,1504,5.64
2695,5.94128,1221,4.58
2696,5.93551,1170,4.39
2697,5.94942,1114,4.18
2698,5.93819,1591,5.97
2699,5.94248,1442,5.41
2700,5.93435,1538,5.77
2701,5.94725,129,0.49
2702,5.94308,2136,8.01
2703,5.93663,2428,9.11
2704,5.94008,2478,9.30
2705,5.94673,2359,8.85
2706,5.93675,2166,8.13
2707,5.93934,1849,6.94
2708,5.94147,2032,7.62
2709,5.93706,2284,8.57
2710,5.92914,2114,7.93
2711,5.94706,2411,9.05
2712,5.95165,2156,8.09
2713,5.94883,2043,7.66
2714,5.95186,2070,7.77
2715,5.94168,1797,6.74
2716,5.94363,1855,6.96
2717,5.94458,2480,9.31
2718,5.94253,2583,9.69
2719,5.93977,2480,9.31
2720,5.94177,2308,8.66
2721,5.94292,2619,9.83
2722,5.94873,2631,9.87
2723,5.94601,2690,10.09
2724,5.94076,2489,9.34
2725,5.93894,2378,8.92
2726,5.94855,2381,8.93
2727,5.94327,2362,8.86
2728,5.94156,2056,7.71
2729,5.93936,2242,8.41
2730,5.93881,2415,9.06
2731,5.94147,2355,8.83
2732,5.94169,2171,8.15
2733,5.93588,2045,7.67
2734,5.93642,2560,9.61
2735,5.94242,2481,9.31
2736,5.92741,2555,9.59
2737,5.94233,2511,9.42
2738,5.94636,2359,8.85
2739,5.93537,2645,9.92
2740,5.93664,1780,6.68
2741,5.94790,2506,9.40
2742,5.93654,2459,9.23
2743,5.93958,2151,8.07
2744,5.93392,2684,10.07
2745,5.94223,2748,10.31
2746,5.94083,2667,10.01
2747,5.94364,2627,9.85
2748,5.94217,2392,8.98
2749,5.94237,2664,10.00
2750,5.94338,2234,8.38
2751,5.93828,2322,8.71
2752,5.93630,2228,8.36
2753,5.94008,2613,9.80
2754,5.93577,2217,8.32
2755,5.94628,2688,10.09
2756,5.93806,2760,10.35
2757,5.92414,2669,10.01
2758,5.94131,2754,10.33
2759,5.93159,2699,10.13
2760,5.94185,2716,10.19
2761,5.93369,2731,10.25
2762,5.94285,2794,10.48
2763,5.94923,2723,10.22
2764,5.93627,2734,10.26
2765,5.93271,2749,10.32
2766,5.93742,2708,10.16
2767,5.94394,2697,10.12
2768,5.93240,2690,10.09
2769,5.94362,2556,9.59
2770,5.94589,2504,9.40
2771,5.93235,2268,8.51
2772,5.94149,2413,9.05
2773,5.93452,2681,10.06
2774,5.94230,2591,9.72
2775,5.93911,2537,9.52
2776,5.94570,2666,10.00
2777,5.93779,2530,9.49
2778,5.93909,2308,8.66
2779,5.93821,2357,8.84
2780,5.94040,2394,8.98
2781,5.93682,2728,10.24
2782,5.94678,2572,9.65
2783,5.93738,2259,8.47
2784,5.94261,2731,10.25
2785,5.93962,2712,10.18
2786,5.93683,2736,10.27
2787,5.93797,2673,10.03
2788,5.93900,2648,9.94
2789,5.94709,2767,10.38
2790,5.94671,2705,10.15
2791,5.93759,2771,10.40
2792,5.93734,2662,9.99
2793,5.94283,2703,10.14
2794,5.94420,2631,9.87
2795,5.93538,2757,10.34
2796,5.93323,2761,10.36
2797,5.94219,2726,10.23
2798,5.94116,2510,9.42
2799,5.93392,2732,10.25
2800,5.93872,2710,10.17
2801,5.93743,130,0.49
2802,5.93050,2522,9.46
2803,5.94034,2684,10.07
2804,5.93472,2639,9.90
2805,5.93960,2485,9.33
2806,5.94224,2690,10.09
2807,5.93399,2743,10.29
2808,5.94283,2628,9.86
2809,5.93519,2654,9.96
2810,5.93715,2705,10.15
2811,5.94064,2669,10.01
2812,5.92948,2586,9.70
2813,5.94014,2607,9.78
2814,5.92970,2580,9.68
2815,5.94271,2662,9.99
2816,5.93701,2647,9.93
2817,5.94022,2782,10.44
2818,5.99547,2620,9.83
2819,5.93187,2610,9.79
2820,5.96596,2543,9.54
2821,5.92280,2490,9.34
2822,5.94513,2660,9.98
2823,5.92980,2696,10.12
2824,5.93940,2715,10.19
2825,5.93104,2714,10.18
2826,5.95411,2275,8.54
2827,5.92884,2753,10.33
2828,5.95149,2774,10.41
2829,5.91831,2629,9.86
2830,5.94992,2661,9.99
2831,5.93501,2748,10.31
2832,5.95030,2716,10.19
2833,5.92608,2683,10.07
2834,5.94207,2754,10.33
2835,5.93789,2757,10.35
2836,5.94788,2722,10.21
2837,5.93876,2564,9.62
2838,5.95135,2821,10.58
2839,5.94396,2728,10.24
2840,5.93673,2746,10.30
2841,5.94305,2658,9.97
2842,5.92701,2739,10.28
2843,5.94211,2680,10.05
2844,5.93458,2654,9.96
2845,5.92083,2845,10.68
2846,5.93745,2684,10.07
2847,5.93878,2679,10.05
2848,5.94244,2768,10.38
2849,5.93408,2458,9.22
2850,5.94057,2424,9.09
2851,5.93354,2537,9.52
2852,5.93482,2378,8.92
2853,5.94327,2627,9.86
2854,5.93715,2668,10.01
2855,5.92734,2623,9.84
2856,5.93953,2721,10.21
2857,5.93020,2757,10.34
2858,5.92579,2739,10.28
2859,5.93747,2718,10.20
2860,5.94079,2630,9.87
2861,5.93067,2641,9.91
2862,5.93150,2776,10.42
2863,5.92560,2726,10.23
2864,5.93137,2369,8.89
2865,5.93526,2323,8.72
2866,5.92657,2684,10.07
2867,5.93234,2691,10.10
2868,5.93495,2746,10.30
2869,5.93675,2642,9.91
2870,5.92798,2746,10.30
2871,5.93327,2776,10.42
2872,5.92259,2768,10.39
2873,5.92957,2746,10.30
2874,5.92504,2687,10.08
2875,5.92688,2558,9.60
2876,5.93102,2327,8.73
2877,5.92799,2721,10.21
2878,5.92591,2704,10.15
2879,5.93227,2483,9.32
2880,5.92714,2376,8.92
2881,5.93204,2578,9.67
2882,5.93674,2587,9.71
2883,5.92612,2412,9.05
2884,5.94173,2716,10.19
2885,5.92727,2735,10.26
2886,5.92956,2629,9.86
2887,5.92230,2634,9.88
2888,5.91609,2728,10.24
2889,5.93013,2664,10.00
2890,5.93303,2256,8.46
2891,5.93364,2774,10.41
2892,5.93819,2679,10.05
2893,5.93573,2779,10.43
2894,5.92796,2694,10.11
2895,5.93127,2699,10.13
2896,5.93077,2756,10.34
2897,5.93641,2416,9.06
2898,5.93536,2652,9.95
2899,5.92644,2666,10.00
2900,5.92990,2760,10.36
2901,5.93270,131,0.49
2902,5.93556,2622,9.84
2903,5.92780,2722,10.21
2904,5.92893,2544,9.54
2905,5.92825,2659,9.98
2906,5.92872,2606,9.78
2907,5.92248,2644,9.92
2908,5.92395,2648,9.94
2909,5.93525,2595,9.74
2910,5.93081,2438,9.15
2911,5.93855,2707,10.16
2912,5.93275,2771,10.40
2913,5.93838,2751,10.32
2914,5.92974,2727,10.23
2915,5.92480,2702,10.14
2916,5.92677,2736,10.27
2917,5.92741,2683,10.07
2918,5.92454,2591,9.72
2919,5.92832,2798,10.50
2920,5.92762,2617,9.82
2921,5.93069,2614,9.81
2922,5.92749,2630,9.87
2923,5.93233,2018,7.57
2924,5.93652,2372,8.90
2925,5.92185,2745,10.30
2926,5.93053,2337,8.77
2927,5.92856,2680,10.06
2928,5.92173,2681,10.06
2929,5.93062,2669,10.01
2930,5.92742,2595,9.74
2931,5.92275,2764,10.37
2932,5.92546,2656,9.97
2933,5.93357,2568,9.64
2934,5.93556,2635,9.89
2935,5.91412,2360,8.86
2936,5.93154,2683,10.07
2937,5.92350,2681,10.06
2938,5.93004,2655,9.96
2939,5.92633,2453,9.20
2940,5.93459,2652,9.95
2941,5.93132,2626,9.85
2942,5.93449,2690,10.09
2943,5.93239,2504,9.40
2944,5.93560,2426,9.10
2945,5.93229,2568,9.63
2946,5.92688,2644,9.92
2947,5.93015,2317,8.69
2948,5.92046,2618,9.82
2949,5.92339,2571,9.65
2950,5.92560,2441,9.16
2951,5.93054,2511,9.42
2952,5.92252,2535,9.51
2953,5.93553,2086,7.83
2954,5.92851,2691,10.10
2955,5.92339,2742,10.29
2956,5.92689,2625,9.85
2957,5.92463,2704,10.14
2958,5.91939,2715,10.19
2959,5.93010,2634,9.88
2960,5.92504,2736,10.26
2961,5.92566,2706,10.15
2962,5.91835,2658,9.97
2963,5.92783,2602,9.76
2964,5.91604,2516,9.44
2965,5.92428,2643,9.92
2966,5.91624,2719,10.20
2967,5.92532,2723,10.22
2968,5.92942,2789,10.47
2969,5.92754,2697,10.12
2970,5.91645,2752,10.32
2971,5.92687,2201,8.26
2972,5.93059,2628,9.86
2973,5.97404,2640,9.90
2974,5.92003,2707,10.16
2975,5.95792,2651,9.95
2976,5.93094,2607,9.78
2977,5.93076,2685,10.07
2978,5.92058,2370,8.89
2979,5.93032,2684,10.07
2980,5.91428,2356,8.84
2981,5.92458,2423,9.09
2982,5.92028,2559,9.60
2983,5.94219,2512,9.43
2984,5.92156,2721,10.21
2985,5.95238,2625,9.85
2986,5.91805,2589,9.71
2987,5.94825,2695,10.11
2988,5.92489,2606,9.78
2989,5.92484,2713,10.18
2990,5.93976,2634,9.88
2991,5.91899,2670,10.02
2992,5.94028,2537,9.52
2993,5.93783,2773,10.41
2994,5.93498,2709,10.17
2995,5.92941,2645,9.93
2996,5.92929,2656,9.96
2997,5.92050,2723,10.22
2998,5.92312,2612,9.80
2999,5.93036,2762,10.36
3000,5.93663,2733,10.25
3001,5.92630,132,0.50
3002,5.92696,2413,9.05
3003,5.92607,2164,8.12
3004,5.91238,2669,10.02
3005,5.92873,2633,9.88
3006,5.92903,2753,10.33
3007,5.91823,2556,9.59
3008,5.92381,2388,8.96
3009,5.92497,2705,10.15
3010,5.92576,2755,10.34
3011,5.92384,2795,10.49
3012,5.92294,1504,5.64
3013,5.92775,1348,5.06
3014,5.91611,2642,9.91
3015,5.92854,2695,10.11
3016,5.92115,2678,10.05
3017,5.92081,2574,9.66
3018,5.93772,2737,10.27
3019,5.92167,2581,9.68
3020,5.92199,2340,8.78
3021,5.92363,2337,8.77
3022,5.91589,2328,8.73
3023,5.93187,2715,10.18
3024,5.92479,2633,9.88
3025,5.91614,1597,5.99
3026,5.92035,2782,10.44
3027,5.91969,2704,10.14
3028,5.93107,2607,9.78
3029,5.92480,2782,10.44
3030,5.92003,2815,10.56
3031,5.92341,2713,10.18
3032,5.91751,2540,9.53
3033,5.92282,2696,10.12
3034,5.92424,2581,9.68
3035,5.92237,2776,10.42
3036,5.91379,2759,10.35
3037,5.93060,2722,10.21
3038,5.92800,2675,10.04
3039,5.91524,2729,10.24
3040,5.92107,2758,10.35
3041,5.93052,2709,10.16
3042,5.92364,2727,10.23
3043,5.91059,2697,10.12
3044,5.93128,2666,10.00
3045,5.92343,2355,8.84
3046,5.92030,2728,10.24
3047,5.91876,2687,10.08
3048,5.92221,2674,10.03
3049,5.91954,2283,8.56
3050,5.92728,2666,10.00
3051,5.93189,2427,9.11
3052,5.92837,2231,8.37
3053,5.92216,2704,10.15
3054,5.92105,2644,9.92
3055,5.91966,2665,10.00
3056,5.92103,2585,9.70
3057,5.92296,2245,8.42
3058,5.91135,2545,9.55
3059,5.92502,2705,10.15
3060,5.91778,2784,10.44
3061,5.93022,2760,10.36
3062,5.92171,2223,8.34
3063,5.91624,2012,7.55
3064,5.92518,2634,9.88
3065,5.92203,2750,10.32
3066,5.91808,2676,10.04
3067,5.90879,2713,10.18
3068,5.92284,2727,10.23
3069,5.92888,2423,9.09
3070,5.91914,2705,10.15
3071,5.91494,2680,10.05
3072,5.92030,2679,10.05
3073,5.91989,2749,10.31
3074,5.92050,2591,9.72
3075,5.92160,2709,10.16
3076,5.92311,2660,9.98
3077,5.92538,2668,10.01
3078,5.91657,2335,8.76
3079,5.91257,2548,9.56
3080,5.91432,2644,9.92
3081,5.90923,2455,9.21
3082,5.92077,2741,10.28
3083,5.91941,2793,10.48
3084,5.90820,2801,10.51
3085,5.92175,2759,10.35
3086,5.91519,2727,10.23
3087,5.92888,2718,10.20
3088,5.92617,1735,6.51
3089,5.92758,2648,9.94
3090,5.91376,2258,8.47
3091,5.93327,2598,9.75
3092,5.90968,2757,10.34
3093,5.96719,2632,9.87
3094,5.90807,2704,10.15
3095,5.94757,2660,9.98
3096,5.92041,2715,10.19
3097,5.93246,2674,10.03
3098,5.91087,2167,8.13
3099,5.92456,2575,9.66
3100,5.92409,2618,9.82
3101,5.93509,129,0.48
3102,5.92125,2484,9.32
3103,5.92527,2703,10.14
3104,5.92244,2672,10.02
3105,5.93337,2640,9.90
3106,5.91938,2755,10.34
3107,5.92785,2631,9.87
3108,5.91687,2557,9.59
3109,5.92300,2341,8.78
3110,5.91148,2754,10.33
3111,5.92705,2739,10.28
3112,5.91210,2704,10.14
3113,5.92306,2719,10.20
3114,5.91844,2704,10.14
3115,5.91634,2594,9.73
3116,5.91800,2667,10.01
3117,5.92222,2718,10.20
3118,5.91479,2273,8.53
3119,5.91853,2514,9.43
3120,5.92087,2415,9.06
3121,5.92253,1783,6.69
3122,5.91914,2768,10.39
3123,5.91919,2761,10.36
3124,5.92350,1921,7.21
3125,5.91638,2636,9.89
3126,5.91854,2669,10.01
3127,5.92542,2675,10.04
3128,5.92448,2427,9.11
3129,5.90918,2731,10.25
3130,5.91300,2733,10.25
3131,5.90875,2555,9.59
3132,5.91977,2764,10.37
3133,5.92040,2639,9.90
3134,5.91552,2739,10.28
3135,5.91871,2174,8.16
3136,5.91383,2770,10.39
3137,5.91841,2630,9.87
3138,5.92117,2708,10.16
3139,5.92026,2666,10.00
3140,5.92109,2655,9.96
3141,5.90852,2572,9.65
3142,5.92238,2702,10.14
3143,5.91374,2705,10.15
3144,5.91728,2680,10.06
3145,5.91167,2275,8.54
3146,5.91315,2721,10.21
3147,5.92359,2408,9.03
3148,5.91030,2547,9.56
3149,5.91601,2541,9.53
3150,5.91677,2228,8.36
3151,5.91905,2543,9.54
3152,5.91732,2700,10.13
3153,5.90251,2444,9.17
3154,5.91776,2535,9.51
3155,5.91336,2738,10.27
3156,5.90829,2697,10.12
3157,5.91139,2712,10.17
3158,5.91883,2807,10.53
3159,5.92061,2767,10.38
3160,5.91215,2761,10.36
3161,5.91289,2733,10.25
3162,5.91982,2682,10.06
3163,5.91832,2641,9.91
3164,5.91168,2630,9.87
3165,5.90428,2669,10.02
3166,5.90389,2375,8.91
3167,5.91125,2363,8.87
3168,5.90997,2643,9.92
3169,5.91755,2527,9.48
3170,5.91702,2709,10.16
3171,5.91531,2564,9.62
3172,5.90827,2641,9.91
3173,5.91126,2682,10.06
3174,5.91516,2684,10.07
3175,5.91831,2761,10.36
3176,5.91071,2714,10.18
3177,5.91455,2597,9.75
3178,5.91308,2651,9.95
3179,5.91320,2142,8.04
3180,5.91436,2466,9.25
3181,5.90866,2607,9.78
3182,5.91642,2701,10.13
3183,5.91142,2752,10.32
3184,5.91853,2673,10.03
3185,5.91018,2637,9.90
3186,5.91691,2714,10.18
3187,5.91404,2592,9.72
3188,5.91399,2721,10.21
3189,5.91160,2681,10.06
3190,5.91785,2729,10.24
3191,5.91814,2756,10.34
3192,5.92044,2622,9.84
3193,5.91526,2731,10.25
3194,5.91594,2618,9.82
3195,5.91172,2758,10.35
3196,5.92098,2640,9.91
3197,5.91402,2790,10.47
3198,5.91281,2666,10.00
3199,5.92330,2466,9.25
3200,5.90054,2804,10.52
3201,5.91399,131,0.49
3202,5.90434,2723,10.22
3203,5.90895,2672,10.02
3204,5.91293,2788,10.46
3205,5.90734,2714,10.18
3206,5.91442,2693,10.10
3207,5.91020,2700,10.13
3208,5.91066,2759,10.35
3209,5.90875,2742,10.29
3210,5.91273,2796,10.49
3211,5.91988,2675,10.04
3212,5.91812,2614,9.81
3213,5.91373,2739,10.28
3214,5.92003,2599,9.75
3215,5.91130,2411,9.05
3216,5.91195,2753,10.33
3217,5.91373,2631,9.87
3218,5.91254,2773,10.41
3219,5.91966,2669,10.01
3220,5.92177,2387,8.96
3221,5.91404,2602,9.76
3222,5.92227,2476,9.29
3223,5.90744,2757,10.34
3224,5.91655,2292,8.60
3225,5.91424,2318,8.70
3226,5.91360,2641,9.91
3227,5.91671,2172,8.15
3228,5.91265,2713,10.18
3229,5.91278,2748,10.31
3230,5.91374,2723,10.22
3231,5.89995,2698,10.12
3232,5.91119,2680,10.06
3233,5.92058,2557,9.59
3234,5.91038,2612,9.80
3235,5.93999,2723,10.22
3236,5.91542,2670,10.02
3237,5.94354,2598,9.75
3238,5.90199,2666,10.00
3239,5.92824,2709,10.16
3240,5.91390,2763,10.37
3241,5.92567,2825,10.60
3242,5.91245,2755,10.34
3243,5.91571,2441,9.16
3244,5.91369,2601,9.76
3245,5.90470,2601,9.76
3246,5.91337,2699,10.13
3247,5.90833,2727,10.23
3248,5.94627,2705,10.15
3249,5.90347,2421,9.08
3250,5.94314,2315,8.69
3251,5.91366,2430,9.12
3252,5.92456,2369,8.89
3253,5.90881,2637,9.89
3254,5.92848,2690,10.09
3255,5.90020,2778,10.42
3256,5.93570,2599,9.75
3257,5.91045,2612,9.80
3258,5.93084,2601,9.76
3259,5.90993,2697,10.12
3260,5.91930,2299,8.63
3261,5.91634,2616,9.82
3262,5.91476,2669,10.01
3263,5.91426,2681,10.06
3264,5.91140,2777,10.42
3265,5.91772,2630,9.87
3266,5.91020,2819,10.58
3267,5.91829,2661,9.98
3268,5.90582,2704,10.15
3269,5.90770,2750,10.32
3270,5.90909,2574,9.66
3271,5.91282,2680,10.06
3272,5.91572,2399,9.00
3273,5.91463,2766,10.38
3274,5.91400,2634,9.88
3275,5.91320,2684,10.07
3276,5.90768,2605,9.77
3277,5.91500,2661,9.98
3278,5.90984,2679,10.05
3279,5.91064,2711,10.17
3280,5.91119,2394,8.98
3281,5.91801,2591,9.72
3282,5.90802,2682,10.06
3283,5.91130,2638,9.90
3284,5.89618,2509,9.42
3285,5.91083,2669,10.01
3286,5.90670,2658,9.97
3287,5.97665,2658,9.97
3288,6.01703,2672,10.03
3289,5.91535,2634,9.88
3290,5.90512,2711,10.17
3291,5.98181,2627,9.86
3292,5.93066,2715,10.19
3293,5.91437,2752,10.32
3294,5.94610,2547,9.56
3295,5.93108,2677,10.04
3296,5.92058,2668,10.01
3297,5.91629,2681,10.06
3298,5.92138,2485,9.32
3299,5.92116,2721,10.21
3300,5.90995,2583,9.69
3301,5.91089,131,0.49
3302,5.91364,2627,9.86
3303,5.90955,2533,9.50
3304,5.90813,2643,9.92
3305,5.90776,2608,9.79
3306,5.90530,2359,8.85
3307,5.91212,2556,9.59
3308,5.91465,2569,9.64
3309,5.90839,2686,10.08
3310,5.91774,2624,9.85
3311,5.90862,2620,9.83
3312,5.90908,2684,10.07
3313,5.91099,2640,9.90
3314,5.90506,2662,9.99
3315,5.90577,2690,10.09
3316,5.91247,2626,9.85
3317,5.90429,2542,9.54
3318,5.90860,2610,9.79
3319,5.91394,2586,9.70
3320,5.90893,2284,8.57
3321,5.91916,2484,9.32
3322,5.90722,2434,9.13
3323,5.90472,2294,8.61
3324,5.90791,2547,9.56
3325,5.90560,2504,9.40
3326,5.90184,2786,10.45
3327,5.90482,2681,10.06
3328,5.90110,2657,9.97
3329,5.90513,2658,9.97
3330,5.91043,2524,9.47
3331,5.90019,2429,9.11
3332,5.90683,2157,8.09
3333,5.90927,2553,9.58
3334,5.90588,2276,8.54
3335,5.91836,2693,10.10
3336,5.90497,2685,10.07
3337,5.90347,2703,10.14
3338,5.90206,2760,10.36
3339,5.90567,2713,10.18
3340,5.91544,2631,9.87
3341,5.90394,2171,8.14
3342,5.90888,2638,9.90
3343,5.90974,2745,10.30
3344,5.91294,2706,10.15
3345,5.90540,2596,9.74
3346,5.90863,2715,10.19
3347,5.91495,2475,9.29
3348,5.90141,2638,9.90
3349,5.90835,2526,9.48
3350,5.90246,2342,8.79
3351,5.91626,2307,8.66
3352,5.90681,2344,8.79
3353,5.90701,2703,10.14
3354,5.91018,2772,10.40
3355,5.91331,2566,9.63
3356,5.90460,2730,10.24
3357,5.91426,2716,10.19
3358,5.89917,2552,9.57
3359,5.90571,2741,10.28
3360,5.90229,2654,9.96
3361,5.90004,2714,10.18
3362,5.91191,2654,9.96
3363,5.91038,2741,10.28
3364,5.91263,2611,9.80
3365,5.91219,2688,10.09
3366,5.90706,2708,10.16
3367,5.90276,2227,8.36
3368,5.90879,2806,10.53
3369,5.91177,2605,9.77
3370,5.91024,2792,10.47
3371,5.91504,2707,10.16
3372,5.91231,2709,10.17
3373,5.90366,2705,10.15
3374,5.90542,2714,10.18
3375,5.90299,2632,9.87
3376,5.91779,2379,8.92
3377,5.89675,2695,10.11
3378,5.89768,2781,10.44
3379,5.90819,2375,8.91
3380,5.91008,2256,8.46
3381,5.91058,2271,8.52
3382,5.89840,2637,9.90
3383,5.91281,2718,10.20
3384,5.90991,2712,10.18
3385,5.89897,2557,9.59
3386,5.90798,2689,10.09
3387,5.90281,2686,10.08
3388,5.90110,2820,10.58
3389,5.90087,2469,9.26
3390,5.89971,2753,10.33
3391,5.90610,2589,9.72
3392,5.91952,2332,8.75
3393,5.90066,2813,10.55
3394,5.91219,2677,10.04
3395,5.90478,2661,9.98
3396,5.90966,2670,10.02
3397,5.91260,2685,10.07
3398,5.90524,2732,10.25
3399,5.91102,2705,10.15
3400,5.90660,2739,10.28
3401,5.90624,125,0.47
3402,5.90808,1039,3.90
3403,5.90872,2134,8.01
3404,5.90718,2241,8.41
3405,5.89960,2274,8.53
3406,5.90424,2470,9.27
3407,5.90732,669,2.51
3408,5.90412,2186,8.20
3409,5.90170,2592,9.73
3410,5.91003,2072,7.78
3411,5.96186,2243,8.41
3412,5.90311,2482,9.31
3413,5.93555,1961,7.36
3414,5.90121,1832,6.88
3415,5.91250,1773,6.65
3416,5.89922,1843,6.91
3417,5.90505,2246,8.43
3418,5.89986,2518,9.45
3419,5.90815,2290,8.59
3420,5.90247,1777,6.67
3421,5.89789,2148,8.06
3422,5.90571,2275,8.53
3423,5.90470,2457,9.22
3424,5.90314,2503,9.39
3425,5.90684,2485,9.32
3426,5.90253,2436,9.14
3427,5.88864,2294,8.61
3428,5.90366,2152,8.07
3429,5.90439,2243,8.42
3430,5.91583,2391,8.97
3431,5.90150,2455,9.21
3432,5.95675,2614,9.81
3433,5.88991,2318,8.70
3434,5.94476,2093,7.85
3435,5.92010,2205,8.27
3436,5.90678,2220,8.33
3437,5.93311,2302,8.64
3438,5.90225,1960,7.35
3439,5.93071,2110,7.92
3440,5.90611,1973,7.40
3441,5.91892,1836,6.89
3442,5.89774,2266,8.50
3443,5.90282,2245,8.42
3444,5.90895,2330,8.74
3445,5.91322,2144,8.04
3446,5.91052,2293,8.60
3447,5.91145,452,1.70
3448,5.90398,2136,8.01
3449,5.90564,1214,4.55
3450,5.90841,1525,5.72
3451,5.90317,1201,4.50
3452,5.89846,2029,7.61
3453,5.90777,1188,4.46
3454,5.91149,1088,4.08
3455,5.90782,1837,6.89
3456,5.90547,1703,6.39
3457,5.90916,1831,6.87
3458,5.90178,1526,5.73
3459,5.90271,1958,7.35
3460,5.90571,604,2.27
3461,5.90538,2050,7.69
3462,5.90696,2466,9.25
3463,5.89472,2589,9.71
3464,5.91456,2602,9.76
3465,5.90619,2528,9.49
3466,5.90246,2353,8.83
3467,5.90168,2138,8.02
3468,5.90729,2251,8.45
3469,5.90602,2653,9.96
3470,5.90062,2549,9.57
3471,5.88952,2630,9.87
3472,5.90102,2101,7.88
3473,5.89913,2432,9.13
3474,5.91251,2002,7.51
3475,5.91189,2394,8.98
3476,5.90875,2559,9.60
3477,5.90569,2207,8.28
3478,5.90012,1997,7.49
3479,5.90009,1982,7.44
3480,5.90565,2002,7.51
3481,5.90312,1977,7.42
3482,5.91653,2320,8.70
3483,5.90173,2329,8.74
3484,5.90620,2294,8.61
3485,5.90469,2239,8.40
3486,5.91017,2336,8.76
3487,5.89607,2089,7.84
3488,5.90006,2309,8.66
3489,5.90051,2235,8.39
3490,5.90863,2015,7.56
3491,5.90049,2584,9.69
3492,5.89988,2104,7.89
3493,5.89894,2395,8.99
3494,5.90736,2200,8.25
3495,5.90129,2149,8.06
3496,5.89560,2471,9.27
3497,5.89877,2330,8.74
3498,5.89988,2329,8.74
3499,5.89133,2114,7.93
3500,5.89732,2249,8.44
3501,5.90167,131,0.49
3502,5.89406,2083,7.82
3503,5.90631,2000,7.50
3504,5.90423,2266,8.50
3505,5.90267,1957,7.34
3506,5.88585,1977,7.42
3507,5.89241,2074,7.78
3508,5.89294,2222,8.34
3509,5.90514,1931,7.25
3510,5.90769,2044,7.67
3511,5.89235,1869,7.01
3512,5.90032,2165,8.12
3513,5.89290,2108,7.91
3514,5.90444,2272,8.52
3515,5.90585,1941,7.28
3516,5.89803,2281,8.56
3517,5.90517,1481,5.56
3518,5.90645,2525,9.48
3519,5.90159,2241,8.41
3520,5.89657,2306,8.65
3521,5.89808,2463,9.24
3522,5.89879,1973,7.40
3523,5.90324,2136,8.02
3524,5.90232,2179,8.17
3525,5.89680,2117,7.94
3526,5.89894,2433,9.13
3527,5.90262,2447,9.18
3528,5.89591,2343,8.79
3529,5.90813,2176,8.17
3530,5.90208,2188,8.21
3531,5.89672,2099,7.87
3532,5.89535,2004,7.52
3533,5.90484,1909,7.16
3534,5.89867,2075,7.78
3535,5.89362,2325,8.72
3536,5.87782,1699,6.38
3537,5.89477,1782,6.69
3538,5.89487,1585,5.95
3539,5.90171,1900,7.13
3540,5.89727,2496,9.37
3541,5.89949,2493,9.35
3542,5.89333,2418,9.07
3543,5.89905,2484,9.32
3544,5.89236,2644,9.92
3545,5.89622,2662,9.99
3546,5.90390,2663,9.99
3547,5.89817,2649,9.94
3548,5.89350,2533,9.51
3549,5.89951,2294,8.61
3550,5.89813,2246,8.43
3551,5.90477,2180,8.18
3552,5.89572,2035,7.63
3553,5.89162,2211,8.30
3554,5.89569,1936,7.26
3555,5.90006,2211,8.30
3556,5.89339,2126,7.98
3557,5.89599,2469,9.27
3558,5.89229,2513,9.43
3559,5.89647,2201,8.26
3560,5.90421,2636,9.89
3561,5.88669,2643,9.92
3562,5.89481,2549,9.56
3563,5.89899,2236,8.39
3564,5.89573,2282,8.56
3565,5.94182,2375,8.91
3566,5.89890,2090,7.84
3567,5.91436,2573,9.65
3568,5.88992,2362,8.86
3569,5.89848,1488,5.58
3570,5.88912,1517,5.69
3571,5.90373,2496,9.36
3572,5.88772,2737,10.27
3573,5.91086,2773,10.40
3574,5.89211,2705,10.15
3575,5.91352,2775,10.41
3576,5.88847,2695,10.11
3577,5.90181,2533,9.50
3578,5.88937,2618,9.82
3579,5.89943,2651,9.95
3580,5.89619,2365,8.87
3581,5.89329,2604,9.77
3582,5.89014,2709,10.17
3583,5.89861,2481,9.31
3584,5.89742,2670,10.02
3585,5.92779,2123,7.97
3586,5.89446,2651,9.95
3587,5.90954,2434,9.13
3588,5.90121,2098,7.87
3589,5.90639,1600,6.00
3590,5.91196,1906,7.15
3591,5.89265,1679,6.30
3592,5.89881,1977,7.42
3593,5.88652,2504,9.39
3594,5.89721,2360,8.85
3595,5.88732,2531,9.49
3596,5.88608,2420,9.08
3597,5.89959,2500,9.38
3598,5.89741,2520,9.45
3599,5.89421,2607,9.78
3600,5.90146,2332,8.75
3601,5.88809,128,0.48
3602,5.89812,2341,8.78
3603,5.89303,2359,8.85
3604,5.90365,2209,8.29
3605,5.90778,2318,8.70
3606,5.89627,2268,8.51
3607,5.89348,2019,7.58
3608,5.90340,2252,8.45
3609,5.90293,2052,7.70
3610,5.89435,2364,8.87
3611,5.90184,1943,7.29
3612,5.89385,2271,8.52
3613,5.88987,2483,9.32
3614,5.89400,2439,9.15
3615,5.88983,2255,8.46
3616,5.89309,2191,8.22
3617,5.89524,2100,7.88
3618,5.89669,2104,7.89
3619,5.89899,2301,8.63
3620,5.89519,2221,8.33
3621,5.90128,2221,8.33
3622,5.88913,2303,8.64
3623,5.89528,2326,8.73
3624,5.89327,2082,7.81
3625,5.89733,2036,7.64
3626,5.89597,2099,7.88
3627,5.90535,2556,9.59
3628,5.89963,2630,9.87
3629,5.89342,2304,8.64
3630,5.90160,2543,9.54
3631,5.89222,2332,8.75
3632,5.88328,2390,8.97
3633,5.89834,2309,8.66
3634,5.89286,2422,9.09
3635,5.89534,2284,8.57
3636,5.89221,2191,8.22
3637,5.89562,2633,9.88
3638,5.89343,2589,9.71
3639,5.93740,2525,9.48
3640,5.89619,2544,9.55
3641,5.92924,2566,9.63
3642,5.88131,2696,10.11
3643,5.91530,2621,9.84
3644,5.88605,2517,9.45
3645,5.91979,2669,10.02
3646,5.88018,2598,9.75
3647,5.92187,2471,9.27
3648,5.87762,2648,9.94
3649,5.90797,2623,9.84
3650,5.89714,2555,9.59
3651,5.90565,2479,9.30
3652,5.88888,2065,7.75
3653,5.89928,2365,8.87
3654,5.90129,2408,9.04
3655,5.89132,2274,8.53
3656,5.89364,2647,9.93
3657,5.89512,2663,9.99
3658,5.89809,2653,9.95
3659,5.90171,2746,10.30
3660,5.89800,2464,9.24
3661,5.89529,2428,9.11
3662,5.89365,2329,8.74
3663,5.89435,2455,9.21
3664,5.88485,2692,10.10
3665,5.93604,2637,9.90
3666,5.88655,2663,9.99
3667,5.92121,2609,9.79
3668,5.89096,2586,9.70
3669,5.90828,2731,10.25
3670,5.89067,2785,10.45
3671,5.92550,2717,10.19
3672,5.90587,2608,9.79
3673,5.89733,2706,10.15
3674,5.89995,2677,10.04
3675,5.89595,2698,10.12
3676,5.89985,2587,9.71
3677,5.89000,2719,10.20
3678,5.90563,2771,10.40
3679,5.89919,2488,9.34
3680,5.89994,2627,9.86
3681,5.89387,2585,9.70
3682,5.89232,2569,9.64
3683,5.90151,2614,9.81
3684,5.89050,1751,6.57
3685,5.89363,2734,10.26
3686,5.95452,2667,10.01
3687,5.89422,2586,9.70
3688,5.92367,2719,10.20
3689,5.90945,2683,10.07
3690,5.89296,2523,9.47
3691,5.91813,2553,9.58
3692,5.89737,2397,8.99
3693,5.90296,2280,8.56
3694,5.89752,2503,9.39
3695,5.91543,2655,9.96
3696,5.89786,2739,10.28
3697,5.89956,2761,10.36
3698,5.89473,2756,10.34
3699,5.89146,2369,8.89
3700,5.89457,2697,10.12
3701,5.89624,131,0.49
3702,5.88658,2389,8.96
3703,5.88900,2496,9.37
3704,5.89886,2181,8.18
3705,5.89849,2732,10.25
3706,5.89328,2624,9.84
3707,5.88753,2605,9.78
3708,5.90062,90,0.34
3709,5.90004,100,0.38
3710,5.89371,63,0.24
3711,5.89550,452,1.69
3712,5.90686,366,1.37
3713,5.90103,155,0.58
3714,5.89831,1026,3.85
3715,5.90133,2440,9.15
3716,5.89176,2669,10.01
3717,5.89176,2462,9.24
3718,5.88536,2418,9.07
3719,5.89130,2553,9.58
3720,5.88631,2557,9.59
3721,5.89479,2654,9.96
3722,5.89530,2176,8.16
3723,5.88331,2608,9.79
3724,5.88894,2758,10.35
3725,5.88812,2410,9.04
3726,5.89648,2699,10.13
3727,5.89660,2525,9.48
3728,5.89652,2266,8.50
3729,5.88983,2696,10.12
3730,5.89347,2416,9.06
3731,5.88755,2572,9.65
3732,5.88451,2682,10.06
3733,5.89223,2599,9.75
3734,5.89013,2627,9.86
3735,5.88873,2564,9.62
3736,5.89393,2593,9.73
3737,5.89636,2636,9.89
3738,5.89032,2512,9.43
3739,5.89507,2535,9.51
3740,5.88841,2253,8.45
3741,5.88447,2509,9.41
3742,5.89658,2629,9.86
3743,5.88847,2611,9.80
3744,5.87775,2331,8.75
3745,5.88421,2506,9.40
3746,5.89387,2540,9.53
3747,5.89684,2479,9.30
3748,5.88138,2605,9.78
3749,5.88875,2635,9.89
3750,5.89575,2738,10.27
3751,5.89005,2638,9.90
3752,5.89630,2635,9.89
3753,5.89228,2591,9.72
3754,5.89890,2524,9.47
3755,5.88437,2630,9.87
3756,5.94717,2514,9.43
3757,5.88022,2381,8.93
3758,5.91441,2466,9.25
3759,5.90355,2498,9.37
3760,5.89478,2443,9.17
3761,5.92236,2558,9.60
3762,5.88926,2524,9.47
3763,5.90812,2553,9.58
3764,5.88747,2314,8.68
3765,5.89953,2379,8.93
3766,5.89702,2619,9.83
3767,5.88525,2662,9.99
3768,5.89158,2658,9.97
3769,5.88641,2629,9.86
3770,5.89478,2695,10.11
3771,5.88914,2590,9.72
3772,5.89489,2724,10.22
3773,5.88597,2411,9.05
3774,5.90793,2730,10.24
3775,5.88636,2174,8.16
3776,5.90897,2749,10.31
3777,5.89352,2760,10.36
3778,5.90781,2724,10.22
3779,5.88408,2737,10.27
3780,5.89759,2146,8.05
3781,5.89074,2692,10.10
3782,5.89512,2711,10.17
3783,5.89328,2580,9.68
3784,5.89208,2698,10.12
3785,5.89433,2274,8.53
3786,5.88712,2429,9.11
3787,5.89521,2381,8.93
3788,5.89227,2541,9.54
3789,5.89822,2113,7.93
3790,5.89431,2634,9.88
3791,5.88081,2602,9.76
3792,5.88213,2809,10.54
3793,5.89090,2707,10.16
3794,5.89024,2575,9.66
3795,5.89425,2592,9.72
3796,5.88786,2664,9.99
3797,5.88096,2732,10.25
3798,5.88138,2746,10.30
3799,5.88605,2260,8.48
3800,5.88662,2665,10.00
3801,5.88660,129,0.48
3802,5.88791,2619,9.83
3803,5.89227,2578,9.67
3804,5.89500,2662,9.99
3805,5.89347,2342,8.79
3806,5.89320,2404,9.02
3807,5.89294,2600,9.76
3808,5.88343,2649,9.94
3809,5.89272,2729,10.24
3810,5.89015,2657,9.97
3811,5.89100,2696,10.11
3812,5.89375,2760,10.36
3813,5.87805,2765,10.37
3814,5.89595,2708,10.16
3815,5.89167,2774,10.41
3816,5.89516,2645,9.92
3817,5.88909,2652,9.95
3818,5.88674,2054,7.70
3819,5.89415,2713,10.18
3820,5.88798,2477,9.29
3821,5.89075,2681,10.06
3822,5.88951,2595,9.74
3823,5.88835,2741,10.28
3824,5.88209,2752,10.33
3825,5.88778,2642,9.91
3826,5.88545,2652,9.95
3827,5.87153,2464,9.24
3828,5.88348,2688,10.08
3829,5.87806,2595,9.73
3830,5.88273,2642,9.91
3831,5.88763,2652,9.95
3832,5.88445,2298,8.62
3833,5.89082,2747,10.31
3834,5.88973,2785,10.45
3835,5.87554,2636,9.89
3836,5.88482,2663,9.99
3837,5.88932,2722,10.21
3838,5.88561,2653,9.95
3839,5.88034,2670,10.02
3840,5.89009,2561,9.61
3841,5.88618,2333,8.76
3842,5.88920,2675,10.04
3843,5.89092,2251,8.45
3844,5.88437,2221,8.33
3845,5.88837,2682,10.06
3846,5.89047,2605,9.77
3847,5.88568,2738,10.27
3848,5.88367,2749,10.31
3849,5.89418,2304,8.64
3850,5.87864,1492,5.60
3851,5.88649,2621,9.84
3852,5.89825,2749,10.31
3853,5.89034,2686,10.08
3854,5.89236,2669,10.01
3855,5.88928,2587,9.71
3856,5.88568,2360,8.85
3857,5.88303,2310,8.67
3858,5.88999,2368,8.89
3859,5.88116,2715,10.19
3860,5.88564,2543,9.54
3861,5.88658,2635,9.89
3862,5.89000,2609,9.79
3863,5.88467,2740,10.28
3864,5.88482,2710,10.17
3865,5.88578,2613,9.80
3866,5.88664,2748,10.31
3867,5.87816,2703,10.14
3868,5.89010,2545,9.55
3869,5.88151,2649,9.94
3870,5.88656,2690,10.09
3871,5.89212,2627,9.86
3872,5.88077,2030,7.62
3873,5.88294,2658,9.97
3874,5.89106,2678,10.05
3875,5.88754,2581,9.68
3876,5.88975,2282,8.56
3877,5.89407,2619,9.83
3878,5.87533,2169,8.14
3879,5.87842,2507,9.41
3880,5.87703,2694,10.11
3881,5.87728,2659,9.98
3882,5.88935,1661,6.23
3883,5.87775,2671,10.02
3884,5.88604,2537,9.52
3885,5.88053,2589,9.71
3886,5.89302,2588,9.71
3887,5.89090,2590,9.72
3888,5.87757,2698,10.12
3889,5.88212,2766,10.38
3890,5.88447,2635,9.88
3891,5.88536,2666,10.00
3892,5.87974,2714,10.18
3893,5.88837,2814,10.56
3894,5.88473,2748,10.31
3895,5.88636,2651,9.95
3896,5.88924,2705,10.15
3897,5.88692,2679,10.05
3898,5.88397,2646,9.93
3899,5.87893,2662,9.99
3900,5.88482,2663,9.99
3901,5.88205,128,0.48
3902,5.88388,2598,9.75
3903,5.87501,2333,8.75
3904,5.88341,2487,9.33
3905,5.88038,2710,10.17
3906,5.90878,2763,10.37
3907,5.87731,2624,9.84
3908,5.90943,2447,9.18
3909,5.87341,2622,9.84
3910,5.88940,2700,10.13
3911,5.88934,2682,10.06
3912,5.90099,2602,9.76
3913,5.87909,2659,9.98
3914,5.89854,2580,9.68
3915,5.88158,2718,10.20
3916,5.89495,2566,9.63
3917,5.87934,2665,10.00
3918,5.90105,2616,9.82
3919,5.88108,2720,10.21
3920,5.89550,2718,10.20
3921,5.88632,2743,10.29
3922,5.89383,2638,9.90
3923,5.88664,2439,9.15
3924,5.89123,2602,9.76
3925,5.88031,2542,9.54
3926,5.89856,2542,9.54
3927,5.88116,2581,9.68
3928,5.89024,2683,10.07
3929,5.88683,2697,10.12
3930,5.89383,2770,10.39
3931,5.87759,2634,9.88
3932,5.89613,2592,9.72
3933,5.87967,2701,10.13
3934,5.89716,2707,10.16
3935,5.88337,2763,10.37
3936,5.88945,2750,10.32
3937,5.87542,2623,9.84
3938,5.87887,2718,10.20
3939,5.86787,2656,9.96
3940,5.88501,2700,10.13
3941,5.88399,2465,9.25
3942,5.89450,2765,10.37
3943,5.87910,2651,9.95
3944,5.87911,2691,10.10
3945,5.88621,2739,10.28
3946,5.88468,2760,10.35
3947,5.88962,2773,10.40
3948,5.88277,2632,9.88
3949,5.88770,2807,10.53
3950,5.87621,2703,10.14
3951,5.88430,2694,10.11
3952,5.87588,2669,10.01
3953,5.88452,2829,10.61
3954,5.87259,2617,9.82
3955,5.88032,2340,8.78
3956,5.87706,2322,8.71
3957,5.88213,2403,9.02
3958,5.88381,2556,9.59
3959,5.87914,2614,9.81
3960,5.88223,2616,9.81
3961,5.88126,2698,10.12
3962,5.88441,2733,10.25
3963,5.87990,2707,10.16
3964,5.87703,2754,10.33
3965,5.88739,2679,10.05
3966,5.88236,2730,10.24
3967,5.89054,2507,9.41
3968,5.86466,2705,10.15
3969,5.88297,2698,10.12
3970,5.88673,2640,9.91
3971,5.87944,2587,9.71
3972,5.88007,2741,10.28
3973,5.87603,2430,9.12
3974,5.86952,2697,10.12
3975,5.87559,2566,9.63
3976,5.88443,2606,9.78
3977,5.87502,2653,9.96
3978,5.87941,2610,9.79
3979,5.87393,2652,9.95
3980,5.88329,2700,10.13
3981,5.88647,2241,8.41
3982,5.87571,2645,9.92
3983,5.88175,2643,9.92
3984,5.89670,2665,10.00
3985,5.87985,2616,9.82
3986,5.88223,2573,9.65
3987,5.88632,2419,9.08
3988,5.88647,2729,10.24
3989,5.87986,2765,10.37
3990,5.88257,2560,9.61
3991,5.87693,2616,9.81
3992,5.87528,2753,10.33
3993,5.89007,2738,10.27
3994,5.88240,2731,10.25
3995,5.88159,2763,10.37
3996,5.86412,2721,10.21
3997,5.87227,2751,10.32
3998,5.87863,2683,10.07
3999,5.87700,2642,9.91
4000,5.88179,2407,9.03
4001,5.89352,112,0.42
4002,5.88152,2610,9.79
4003,5.87231,2346,8.80
4004,5.87163,2574,9.66
4005,5.88360,2642,9.91
4006,5.88843,2601,9.76
4007,5.88066,2385,8.95
4008,5.88033,2638,9.90
4009,5.88016,2596,9.74
4010,5.87870,2755,10.34
4011,5.86792,2727,10.23
4012,5.88140,2491,9.35
4013,5.87521,2668,10.01
4014,5.88340,2704,10.15
4015,5.86927,2761,10.36
4016,5.88584,2705,10.15
4017,5.87668,2671,10.02
4018,5.88066,2394,8.98
4019,5.87857,2745,10.30
4020,5.88694,2777,10.42
4021,5.87776,2633,9.88
4022,5.88163,2629,9.87
4023,5.86809,2532,9.50
4024,5.88475,2378,8.92
4025,5.87521,2258,8.47
4026,5.88654,2437,9.14
4027,5.87593,2707,10.16
4028,5.88001,2697,10.12
4029,5.87784,2372,8.90
4030,5.88072,2635,9.89
4031,5.88410,2734,10.26
4032,5.89066,2735,10.26
4033,5.87482,2166,8.13
4034,5.88601,2616,9.82
4035,5.86981,2714,10.18
4036,5.86879,2534,9.51
4037,5.87886,2666,10.00
4038,5.88375,2745,10.30
4039,5.87242,2664,9.99
4040,5.88653,2688,10.09
4041,5.87312,2652,9.95
4042,5.88273,2750,10.32
4043,5.88150,2706,10.15
4044,5.88310,2658,9.97
4045,5.87916,2786,10.45
4046,5.87210,2680,10.06
4047,5.88169,2700,10.13
4048,5.88301,2785,10.45
4049,5.87274,2657,9.97
4050,5.87754,2582,9.69
4051,5.87731,2638,9.90
4052,5.87425,2518,9.45
4053,5.87291,2303,8.64
4054,5.88099,2391,8.97
4055,5.87333,2231,8.37
4056,5.87650,2585,9.70
4057,5.87019,2635,9.88
4058,5.88165,2571,9.65
4059,5.88322,2737,10.27
4060,5.88520,2702,10.14
4061,5.87627,2729,10.24
4062,5.89033,2696,10.12
4063,5.86873,2708,10.16
4064,5.87614,2639,9.90
4065,5.87638,2616,9.82
4066,5.87857,2645,9.92
4067,5.87132,2714,10.18
4068,5.88022,2747,10.31
4069,5.86976,2048,7.68
4070,5.88078,2705,10.15
4071,5.87646,2597,9.75
4072,5.87514,2684,10.07
4073,5.87696,2607,9.78
4074,5.87411,2662,9.99
4075,5.87516,2695,10.11
4076,5.86993,2263,8.49
4077,5.87220,2654,9.96
4078,5.87099,2603,9.77
4079,5.86809,2621,9.83
4080,5.86742,2638,9.90
4081,5.87585,2782,10.44
4082,5.87791,2388,8.96
4083,5.87104,2287,8.58
4084,5.86519,2459,9.23
4085,5.88739,2603,9.77
4086,5.87465,2400,9.01
4087,5.88427,2737,10.27
4088,5.88425,2730,10.24
4089,5.88294,2634,9.88
4090,5.88208,2652,9.95
4091,5.87579,2719,10.20
4092,5.87207,2615,9.81
4093,5.88062,2786,10.45
4094,5.88016,2559,9.60
4095,5.87639,2633,9.88
4096,5.87937,2768,10.39
4097,5.86758,2687,10.08
4098,5.86691,2636,9.89
4099,5.87449,2672,10.03
4100,5.87557,2573,9.65
4101,5.87997,127,0.48
4102,5.86992,2570,9.64
4103,5.88197,2641,9.91
4104,5.87340,2633,9.88
4105,5.88516,2598,9.75
4106,5.87806,2608,9.79
4107,5.87965,2665,10.00
4108,5.87279,2652,9.95
4109,5.87279,2553,9.58
4110,5.87481,2684,10.07
4111,5.87158,2670,10.02
4112,5.87742,2614,9.81
4113,5.87531,2697,10.12
4114,5.88130,2700,10.13
4115,5.87247,2590,9.72
4116,5.87462,2634,9.88
4117,5.87609,2778,10.42
4118,5.87749,2752,10.32
4119,5.87116,2727,10.23
4120,5.87394,2460,9.23
4121,5.86201,2697,10.12
4122,5.87156,2657,9.97
4123,5.87352,2582,9.69
4124,5.88411,2478,9.30
4125,5.88001,2555,9.58
4126,5.86692,2250,8.44
4127,5.88044,2620,9.83
4128,5.88118,2654,9.96
4129,5.88389,2712,10.17
4130,5.87087,2684,10.07
4131,5.87736,2722,10.21
4132,5.87725,2726,10.23
4133,5.87799,2725,10.23
4134,5.87076,2682,10.06
4135,5.87252,2221,8.33
4136,5.87725,2641,9.91
4137,5.87518,2771,10.40
4138,5.87609,2703,10.14
4139,5.88016,2669,10.01
4140,5.87167,2614,9.81
4141,5.88063,2681,10.06
4142,5.87435,2721,10.21
4143,5.86593,2742,10.29
4144,5.86990,2256,8.46
4145,5.88174,2246,8.43
4146,5.87403,2717,10.19
4147,5.87763,2622,9.84
4148,5.88001,2748,10.31
4149,5.86462,2728,10.24
4150,5.87135,2513,9.43
4151,5.87611,2674,10.03
4152,5.87825,2209,8.29
4153,5.87333,2354,8.83
4154,5.87480,2429,9.12
4155,5.87854,2483,9.32
4156,5.88112,2697,10.12
4157,5.87332,2224,8.34
4158,5.88058,2591,9.72
4159,5.86733,2500,9.38
4160,5.87843,2676,10.04
4161,5.87397,2690,10.09
4162,5.87698,2750,10.32
4163,5.86903,2722,10.21
4164,5.87164,2739,10.28
4165,5.87092,2685,10.07
4166,5.87170,2787,10.46
4167,5.87843,2629,9.86
4168,5.87276,2594,9.73
4169,5.87823,2708,10.16
4170,5.86732,2745,10.30
4171,5.86383,2593,9.73
4172,5.88206,2720,10.21
4173,5.87936,2705,10.15
4174,5.86706,2755,10.34
4175,5.87383,2807,10.53
4176,5.86719,2575,9.66
4177,5.86613,2799,10.50
4178,5.86783,2254,8.46
4179,5.87073,2604,9.77
4180,5.88284,2571,9.65
4181,5.86935,2679,10.05
4182,5.86648,2593,9.73
4183,5.87763,2378,8.92
4184,5.88207,2351,8.82
4185,5.87220,2347,8.81
4186,5.87170,2624,9.85
4187,5.87095,2619,9.83
4188,5.87262,2587,9.71
4189,5.86741,2407,9.03
4190,5.87031,1105,4.14
4191,5.87783,2718,10.20
4192,5.87225,2593,9.73
4193,5.87372,2669,10.01
4194,5.87809,2321,8.71
4195,5.87823,2486,9.33
4196,5.87100,2679,10.05
4197,5.87829,2695,10.11
4198,5.88259,2769,10.39
4199,5.86773,2588,9.71
4200,5.87772,2309,8.66
4201,5.87207,128,0.48
4202,5.86644,2490,9.34
4203,5.87254,2611,9.80
4204,5.87539,2670,10.02
4205,5.86031,2719,10.20
4206,5.87290,2255,8.46
4207,5.87886,2681,10.06
4208,5.87717,2630,9.87
4209,5.87467,2708,10.16
4210,5.87419,2616,9.82
4211,5.87767,2604,9.77
4212,5.87373,2736,10.26
4213,5.86545,2378,8.92
4214,5.86222,2335,8.76
4215,5.87082,2635,9.89
4216,5.87031,2185,8.20
4217,5.86546,2153,8.08
4218,5.87624,2703,10.14
4219,5.86487,2693,10.11
4220,5.87101,2581,9.68
4221,5.86971,2563,9.62
4222,5.87356,2498,9.37
4223,5.86340,2109,7.91
4224,5.86713,2647,9.93
4225,5.87283,2589,9.72
4226,5.86932,2695,10.11
4227,5.86450,2683,10.06
4228,5.87387,2578,9.67
4229,5.88293,2655,9.96
4230,5.86652,2721,10.21
4231,5.90622,2775,10.41
4232,5.85707,2699,10.13
4233,5.90428,2606,9.78
4234,5.86546,2387,8.96
4235,5.89541,2576,9.67
4236,5.86322,2673,10.03
4237,5.88668,2757,10.35
4238,5.86176,2628,9.86
4239,5.89564,2689,10.09
4240,5.87921,2752,10.33
4241,5.87831,2675,10.04
4242,5.86656,2674,10.03
4243,5.88007,2733,10.25
4244,5.87051,2704,10.15
4245,5.87280,2712,10.17
4246,5.87158,2724,10.22
4247,5.86972,2523,9.47
4248,5.87677,2508,9.41
4249,5.87320,2681,10.06
4250,5.92912,2481,9.31
4251,5.85906,2447,9.18
4252,5.90568,2300,8.63
4253,5.87410,2579,9.68
4254,5.87577,2527,9.48
4255,5.87231,2406,9.03
4256,5.86870,2420,9.08
4257,5.87936,2631,9.87
4258,5.86201,2727,10.23
4259,5.87624,2704,10.15
4260,5.87553,2736,10.26
4261,5.88129,2440,9.16
4262,5.87222,456,1.71
4263,5.87609,981,3.68
4264,5.88088,247,0.93
4265,5.87773,792,2.97
4266,5.86706,600,2.25
4267,5.87272,1386,5.20
4268,5.87122,1178,4.42
4269,5.86717,2346,8.80
4270,5.87836,505,1.90
4271,5.86850,593,2.23
4272,5.87005,1870,7.02
4273,5.94964,2055,7.71
4274,5.86445,2127,7.98
4275,5.90717,2281,8.56
4276,5.88548,2227,8.35
4277,5.87368,1634,6.13
4278,5.88386,2077,7.79
4279,5.87626,2130,7.99
4280,5.87747,2234,8.38
4281,5.86902,2207,8.28
4282,5.89293,1920,7.20
4283,5.86581,1969,7.39
4284,5.88075,1425,5.35
4285,5.88210,1638,6.14
4286,5.88040,2209,8.29
4287,5.87237,2161,8.11
4288,5.87705,2335,8.76
4289,5.87049,2305,8.65
4290,5.86285,2378,8.92
4291,5.87311,2418,9.07
4292,5.87781,2058,7.72
4293,5.86890,2213,8.30
4294,5.86166,2491,9.35
4295,5.86513,2347,8.81
4296,5.87524,2448,9.18
4297,5.86660,2599,9.75
4298,5.87122,2123,7.96
4299,5.94459,2096,7.86
4300,5.87015,1933,7.25
4301,5.89768,126,0.47
4302,5.88402,1993,7.48
4303,5.86964,2084,7.82
4304,5.88663,1907,7.15
4305,5.86467,1208,4.53
4306,5.89587,2188,8.21
4307,5.86168,2195,8.24
4308,5.89806,1569,5.89
4309,5.87026,1764,6.62
4310,5.86960,1690,6.34
4311,5.88470,1749,6.56
4312,5.87062,1787,6.70
4313,5.87718,2256,8.46
4314,5.87041,2345,8.80
4315,5.87639,1955,7.34
4316,5.87700,1921,7.21
4317,5.86474,1628,6.11
4318,5.87869,1830,6.87
4319,5.86984,1811,6.79
4320,5.88239,1972,7.40
4321,5.86440,2038,7.65
4322,5.88145,2107,7.91
4323,5.87339,2501,9.38
4324,5.88208,2563,9.62
4325,5.87714,2465,9.25
4326,5.88530,2444,9.17
4327,5.87302,2545,9.55
4328,5.88641,2496,9.36
4329,5.87288,2057,7.72
4330,5.88467,1853,6.95
4331,5.86368,1292,4.85
4332,5.87854,1520,5.70
4333,5.87050,1786,6.70
4334,5.88269,1871,7.02
4335,5.86483,1955,7.34
4336,5.86919,1918,7.20
4337,5.87203,2272,8.53
4338,5.87046,2205,8.27
4339,5.88413,2151,8.07
4340,5.87438,2639,9.90
4341,5.87239,2123,7.96
4342,5.87335,2646,9.93
4343,5.87768,2588,9.71
4344,5.88628,2655,9.96
4345,5.86559,2540,9.53
4346,5.87076,2320,8.70
4347,5.88501,2588,9.71
4348,5.87673,2489,9.34
4349,5.87172,2529,9.49
4350,5.88991,2631,9.87
4351,5.87157,2606,9.78
4352,5.92655,2740,10.28
4353,5.86607,2710,10.17
4354,5.88221,2762,10.36
4355,5.86117,2722,10.21
4356,5.87715,1809,6.79
4357,5.85999,2480,9.30
4358,5.87964,2359,8.85
4359,5.86527,2349,8.81
4360,5.87858,2508,9.41
4361,5.86161,2685,10.08
4362,5.87729,2677,10.04
4363,5.87063,2740,10.28
4364,5.86984,2793,10.48
4365,5.87311,2741,10.28
4366,5.87790,2676,10.04
4367,5.87250,2763,10.37
4368,5.87182,2708,10.16
4369,5.85925,2293,8.60
4370,5.86869,2739,10.28
4371,5.86699,2719,10.20
4372,5.85721,2701,10.13
4373,5.87579,2578,9.67
4374,5.87200,2738,10.27
4375,5.87231,2591,9.72
4376,5.86845,2242,8.41
4377,5.87634,2656,9.96
4378,5.86562,2764,10.37
4379,5.87630,2549,9.56
4380,5.86960,2551,9.57
4381,5.87197,2447,9.18
4382,5.87011,2673,10.03
4383,5.86817,2374,8.91
4384,5.87352,2757,10.34
4385,5.87205,358,1.34
4386,5.86924,2420,9.08
4387,5.86256,2582,9.69
4388,5.88075,2690,10.09
4389,5.86216,2664,10.00
4390,5.86736,2720,10.21
4391,5.86298,2618,9.82
4392,5.87842,2723,10.22
4393,5.87167,2666,10.00
4394,5.86794,2587,9.71
4395,5.87088,2736,10.27
4396,5.87262,2553,9.58
4397,5.86318,2665,10.00
4398,5.86626,2771,10.40
4399,5.86031,2642,9.91
4400,5.87192,2649,9.94
4401,5.87133,127,0.48
4402,5.86479,2708,10.16
4403,5.86608,2378,8.92
4404,5.86681,2725,10.22
4405,5.86293,2600,9.75
4406,5.86987,2669,10.01
4407,5.86752,2672,10.02
4408,5.86593,2621,9.83
4409,5.86467,2670,10.02
4410,5.87473,2656,9.96
4411,5.86330,2646,9.93
4412,5.87805,2644,9.92
4413,5.86374,2777,10.42
4414,5.86222,2762,10.36
4415,5.87076,2644,9.92
4416,5.86771,1429,5.36
4417,5.85752,2558,9.60
4418,5.85606,2709,10.16
4419,5.85970,2677,10.04
4420,5.86634,2591,9.72
4421,5.86954,2443,9.17
4422,5.86670,2244,8.42
4423,5.85521,2301,8.63
4424,5.86890,2650,9.94
4425,5.87657,2630,9.87
4426,5.86555,2197,8.24
4427,5.86276,2412,9.05
4428,5.86724,2690,10.09
4429,5.87027,2692,10.10
4430,5.86646,2511,9.42
4431,5.86475,2671,10.02
4432,5.86244,2670,10.02
4433,5.87428,2580,9.68
4434,5.86024,2723,10.22
4435,5.86769,2791,10.47
4436,5.87250,2639,9.90
4437,5.86131,2626,9.85
4438,5.86692,2537,9.52
4439,5.87323,2707,10.16
4440,5.85347,2579,9.68
4441,5.86764,2184,8.19
4442,5.87467,2683,10.07
4443,5.87009,2572,9.65
4444,5.92702,2636,9.89
4445,5.86264,2628,9.86
4446,5.90311,2727,10.23
4447,5.87690,2216,8.32
4448,5.87651,2648,9.93
4449,5.87914,2424,9.10
4450,5.86013,2220,8.33
4451,5.87952,2421,9.09
4452,5.85954,2663,9.99
4453,5.88485,2664,9.99
4454,5.86050,2612,9.80
4455,5.87745,2595,9.74
4456,5.86655,2651,9.95
4457,5.85638,2575,9.66
4458,5.87164,2409,9.04
4459,5.87008,2368,8.89
4460,5.87054,2320,8.71
4461,5.86709,2474,9.28
4462,5.87053,2768,10.39
4463,5.86960,2665,10.00
4464,5.85963,2676,10.04
4465,5.86683,2655,9.96
4466,5.86301,2697,10.12
4467,5.85393,2524,9.47
4468,5.87957,2445,9.17
4469,5.87282,2682,10.06
4470,5.86382,2507,9.41
4471,5.87245,2748,10.31
4472,5.85915,2447,9.18
4473,5.86051,2692,10.10
4474,5.86355,2658,9.97
4475,5.87122,2595,9.74
4476,5.86885,2761,10.36
4477,5.86855,2654,9.96
4478,5.86342,2540,9.53
4479,5.86567,2235,8.39
4480,5.86169,2119,7.95
4481,5.87191,2629,9.86
4482,5.87667,2501,9.38
4483,5.89077,2631,9.87
4484,5.86366,2546,9.55
4485,5.89529,2703,10.14
4486,5.87187,2714,10.18
4487,5.89342,2635,9.89
4488,5.89323,2633,9.88
4489,5.86737,2510,9.42
4490,5.88174,2475,9.29
4491,5.85387,2656,9.96
4492,5.86671,2771,10.40
4493,5.86577,2759,10.35
4494,5.86891,2241,8.41
4495,5.89157,2710,10.17
4496,5.86185,2346,8.80
4497,5.88516,2590,9.72
4498,5.87041,2711,10.17
4499,5.85901,2287,8.58
4500,5.88508,2648,9.94
4501,5.86410,128,0.48
4502,5.87436,2673,10.03
4503,5.87155,2615,9.81
4504,5.86214,2633,9.88
4505,5.87518,2162,8.11
4506,5.87320,2596,9.74
4507,5.87327,2653,9.95
4508,5.85702,2652,9.95
4509,5.86859,2616,9.81
4510,5.87251,2403,9.02
4511,5.86826,2717,10.20
4512,5.86964,2649,9.94
4513,5.85836,2714,10.18
4514,5.85285,2633,9.88
4515,5.86967,2527,9.48
4516,5.87335,2647,9.93
4517,5.86035,2603,9.77
4518,5.86255,2639,9.90
4519,5.86115,2587,9.71
4520,5.87167,2606,9.78
4521,5.86437,2702,10.14
4522,5.86736,2674,10.03
4523,5.85956,2617,9.82
4524,5.88227,2680,10.06
4525,5.84850,2711,10.17
4526,5.91502,2630,9.87
4527,5.86740,2665,10.00
4528,5.87976,2581,9.68
4529,5.92636,2555,9.58
4530,5.87325,2424,9.10
4531,5.86788,2442,9.16
4532,5.88926,2596,9.74
4533,5.85822,2633,9.88
4534,5.87750,2629,9.86
4535,5.87566,2728,10.23
4536,5.85883,2620,9.83
4537,5.87905,2565,9.63
4538,5.86389,2649,9.94
4539,5.86411,2476,9.29
4540,5.87044,2724,10.22
4541,5.87111,2648,9.93
4542,5.87297,2719,10.20
4543,5.87674,2622,9.84
4544,5.86902,2647,9.93
4545,5.87191,2590,9.72
4546,5.87199,2579,9.68
4547,5.86505,2502,9.39
4548,5.87712,2470,9.27
4549,5.85169,2810,10.54
4550,5.86853,2558,9.60
4551,5.86321,2199,8.25
4552,5.87400,2624,9.85
4553,5.86573,2667,10.01
4554,5.87486,2654,9.96
4555,5.86634,2601,9.76
4556,5.86636,2650,9.94
4557,5.86814,2582,9.69
4558,5.87286,2531,9.50
4559,5.85802,2633,9.88
4560,5.86288,2093,7.85
4561,5.87011,2342,8.79
4562,5.86152,2699,10.12
4563,5.86778,2577,9.67
4564,5.86391,2765,10.37
4565,5.87541,2737,10.27
4566,5.85520,2423,9.09
4567,5.85995,2711,10.17
4568,5.86744,2668,10.01
4569,5.87170,2766,10.38
4570,5.86816,2600,9.76
4571,5.87017,2680,10.06
4572,5.86464,2714,10.18
4573,5.86433,2640,9.90
4574,5.85765,2584,9.70
4575,5.86893,2719,10.20
4576,5.86057,2714,10.18
4577,5.86758,2771,10.40
4578,5.86867,2752,10.32
4579,5.86102,2639,9.90
4580,5.86592,2386,8.95
4581,5.86604,2669,10.01
4582,5.86463,2526,9.48
4583,5.86408,2671,10.02
4584,5.86711,2517,9.45
4585,5.86220,2778,10.42
4586,5.86225,2556,9.59
4587,5.85354,2591,9.72
4588,5.86952,2490,9.34
4589,5.85355,2649,9.94
4590,5.86782,2234,8.38
4591,5.86060,2631,9.87
4592,5.88686,2734,10.26
4593,5.85945,2480,9.31
4594,5.87437,2639,9.90
4595,5.85578,2585,9.70
4596,5.86797,2808,10.54
4597,5.85790,2812,10.55
4598,5.86419,2234,8.38
4599,5.85764,2768,10.39
4600,5.86785,2632,9.87
4601,5.85564,129,0.49
4602,5.87004,2443,9.17
4603,5.85850,2365,8.88
4604,5.86452,2685,10.07
4605,5.86325,2620,9.83
4606,5.86270,2209,8.29
4607,5.87021,2261,8.48
4608,5.86782,2649,9.94
4609,5.87458,2648,9.93
4610,5.86659,2686,10.08
4611,5.86332,2634,9.88
4612,5.86346,2751,10.32
4613,5.86151,2653,9.95
4614,5.86692,2718,10.20
4615,5.86314,2676,10.04
4616,5.86768,2586,9.70
4617,5.86275,2630,9.87
4618,5.86155,2645,9.92
4619,5.85724,2336,8.76
4620,5.86360,2695,10.11
4621,5.85559,2697,10.12
4622,5.85983,2675,10.04
4623,5.86743,2625,9.85
4624,5.86345,2592,9.73
4625,5.86205,2779,10.43
4626,5.85500,2707,10.16
4627,5.86044,2398,9.00
4628,5.86525,2277,8.54
4629,5.85965,2602,9.76
4630,5.85738,2253,8.45
4631,5.86044,2376,8.91
4632,5.86917,2689,10.09
4633,5.85864,2682,10.06
4634,5.87115,2671,10.02
4635,5.85609,2582,9.69
4636,5.86782,2697,10.12
4637,5.86117,2738,10.27
4638,5.86013,2644,9.92
4639,5.85339,2820,10.58
4640,5.86569,2505,9.40
4641,5.86343,2343,8.79
4642,5.86250,2698,10.12
4643,5.86665,2587,9.71
4644,5.86057,2703,10.14
4645,5.86432,2760,10.36
4646,5.86142,2719,10.20
4647,5.85912,2714,10.18
4648,5.85539,2688,10.09
4649,5.86230,2715,10.19
4650,5.86523,2694,10.11
4651,5.86440,2633,9.88
4652,5.85024,2723,10.22
4653,5.86203,2764,10.37
4654,5.87414,2762,10.36
4655,5.85723,2647,9.93
4656,5.87175,2170,8.14
4657,5.85929,2475,9.29
4658,5.86820,2592,9.72
4659,5.86309,2275,8.54
4660,5.85257,2337,8.77
4661,5.86691,2629,9.86
4662,5.85863,2607,9.78
4663,5.86210,2608,9.78
4664,5.87094,2596,9.74
4665,5.84980,2619,9.82
4666,5.86175,2695,10.11
4667,5.86906,2016,7.56
4668,5.86120,2840,10.66
4669,5.86297,2484,9.32
4670,5.85519,2479,9.30
4671,5.85506,2645,9.92
4672,5.86454,2789,10.47
4673,5.85367,2614,9.81
4674,5.85673,2659,9.98
4675,5.86683,2550,9.57
4676,5.86009,2708,10.16
4677,5.86162,2696,10.12
4678,5.85350,2233,8.38
4679,5.86599,2370,8.89
4680,5.86457,2649,9.94
4681,5.86094,2631,9.87
4682,5.84836,2688,10.09
4683,5.87044,2640,9.90
4684,5.87121,2538,9.52
4685,5.85774,2692,10.10
4686,5.86843,2455,9.21
4687,5.86167,2421,9.08
4688,5.86231,2385,8.95
4689,5.85559,2582,9.69
4690,5.86320,2631,9.87
4691,5.89065,2195,8.24
4692,5.84945,2485,9.32
4693,5.89746,2565,9.62
4694,5.85168,2582,9.69
4695,5.88385,2705,10.15
4696,5.85812,2646,9.93
4697,5.87478,2735,10.26
4698,5.85207,2756,10.34
4699,5.87867,2700,10.13
4700,5.85914,2665,10.00
4701,5.86997,127,0.48
4702,5.84769,2666,10.00
4703,5.88091,2674,10.03
4704,5.84625,2611,9.80
4705,5.86889,2176,8.16
4706,5.85577,2637,9.89
4707,5.86636,2583,9.69
4708,5.85626,2603,9.77
4709,5.86005,2142,8.04
4710,5.86019,1479,5.55
4711,5.86043,2722,10.21
4712,5.85936,2588,9.71
4713,5.85650,2683,10.07
4714,5.86534,2639,9.90
4715,5.86122,2715,10.19
4716,5.85277,2664,10.00
4717,5.86289,2577,9.67
4718,5.85520,2633,9.88
4719,5.85907,2699,10.13
4720,5.86053,2653,9.95
4721,5.86500,2512,9.43
4722,5.85999,2502,9.39
4723,5.85610,2114,7.93
4724,5.85828,2678,10.05
4725,5.85633,2613,9.80
4726,5.85358,2474,9.28
4727,5.85656,2535,9.51
4728,5.85273,2438,9.15
4729,5.85682,2620,9.83
4730,5.85149,2707,10.16
4731,5.85578,2707,10.16
4732,5.86364,2720,10.21
4733,5.85398,2338,8.77
4734,5.84622,2602,9.76
4735,5.85740,2575,9.66
4736,5.86552,2671,10.02
4737,5.86115,2673,10.03
4738,5.84578,2158,8.10
4739,5.85478,2654,9.96
4740,5.85774,2504,9.40
4741,5.84909,2681,10.06
4742,5.85256,2733,10.25
4743,5.86255,2443,9.17
4744,5.84693,2387,8.96
4745,5.85960,2654,9.96
4746,5.86869,2310,8.67
4747,5.85695,2462,9.24
4748,5.85899,2600,9.76
4749,5.85713,2501,9.38
4750,5.85737,2603,9.77
4751,5.86146,2630,9.87
4752,5.85247,2602,9.76
4753,5.85151,2201,8.26
4754,5.86527,2431,9.12
4755,5.85506,2499,9.38
4756,5.86079,2181,8.18
4757,5.86029,2243,8.41
4758,5.85058,2639,9.90
4759,5.85009,2714,10.18
4760,5.85225,2591,9.72
4761,5.84291,2670,10.02
4762,5.86145,2691,10.10
4763,5.86341,2581,9.68
4764,5.85767,2540,9.53
4765,5.86192,2523,9.47
4766,5.86132,2317,8.69
4767,5.86198,2349,8.81
4768,5.85023,2233,8.38
4769,5.84623,2440,9.15
4770,5.86838,2413,9.05
4771,5.85063,2462,9.24
4772,5.85151,2297,8.62
4773,5.85864,2478,9.30
4774,5.85790,2425,9.10
4775,5.85283,2468,9.26
4776,5.85270,2353,8.83
4777,5.85792,2225,8.35
4778,5.84450,2263,8.49
4779,5.86023,2327,8.73
4780,5.84233,1886,7.07
4781,5.86298,2356,8.84
4782,5.85522,2289,8.59
4783,5.86052,2166,8.13
4784,5.85152,1803,6.77
4785,5.85789,2261,8.48
4786,5.85866,2388,8.96
4787,5.86300,2250,8.44
4788,5.86358,2305,8.65
4789,5.85614,2280,8.56
4790,5.85066,2389,8.96
4791,5.86387,2251,8.44
4792,5.84700,2430,9.12
4793,5.87133,2479,9.30
4794,5.85045,2134,8.01
4795,5.85332,2264,8.50
4796,5.85895,2324,8.72
4797,5.85653,2233,8.38
4798,5.85510,2167,8.13
4799,5.85919,2262,8.49
4800,5.86863,2221,8.33
4801,5.85741,130,0.49
4802,5.86155,2582,9.69
4803,5.85832,2641,9.91
4804,5.85134,2596,9.74
4805,5.85606,2514,9.43
4806,5.86192,2239,8.40
4807,5.86244,2568,9.63
4808,5.86346,2618,9.82
4809,5.85441,2438,9.15
4810,5.85882,2607,9.78
4811,5.85896,2646,9.93
4812,5.86024,2629,9.87
4813,5.86018,2632,9.88
4814,5.86444,2641,9.91
4815,5.85334,2680,10.06
4816,5.85179,2714,10.18
4817,5.86167,2490,9.34
4818,5.86079,2619,9.83
4819,5.86010,2614,9.81
4820,5.87131,2352,8.83
4821,5.84897,2545,9.55
4822,5.88617,2218,8.32
4823,5.83673,2544,9.54
4824,5.88403,2653,9.96
4825,5.84709,2549,9.56
4826,5.88460,2596,9.74
4827,5.84159,2633,9.88
4828,5.86635,2687,10.08
4829,5.85000,2596,9.74
4830,5.85923,2644,9.92
4831,5.86333,2637,9.89
4832,5.86285,2688,10.08
4833,5.84383,2615,9.81
4834,5.84904,2614,9.81
4835,5.85674,2655,9.96
4836,5.86654,2665,10.00
4837,5.86490,2694,10.11
4838,5.86350,2666,10.00
4839,5.85155,2558,9.60
4840,5.86046,2195,8.23
4841,5.85220,2698,10.12
4842,5.84601,2764,10.37
4843,5.85652,2553,9.58
4844,5.86118,2738,10.27
4845,5.85593,2600,9.75
4846,5.85258,2430,9.12
4847,5.85443,2682,10.06
4848,5.85803,2634,9.88
4849,5.86274,2449,9.19
4850,5.86118,2446,9.18
4851,5.86289,2315,8.69
4852,5.85786,2620,9.83
4853,5.85534,2771,10.40
4854,5.84889,2679,10.05
4855,5.85070,2630,9.87
4856,5.84607,2732,10.25
4857,5.86017,2678,10.05
4858,5.85569,2735,10.26
4859,5.86576,2727,10.23
4860,5.85546,2600,9.75
4861,5.85776,2616,9.81
4862,5.85269,2583,9.69
4863,5.86514,2684,10.07
4864,5.85159,2726,10.23
4865,5.85543,2662,9.99
4866,5.85225,2688,10.08
4867,5.85978,2623,9.84
4868,5.84941,2769,10.39
4869,5.86113,2678,10.05
4870,5.85893,2676,10.04
4871,5.85182,2661,9.98
4872,5.85107,2728,10.23
4873,5.85600,2632,9.88
4874,5.86060,2607,9.78
4875,5.84989,2380,8.93
4876,5.85851,1797,6.74
4877,5.86356,2697,10.12
4878,5.84987,1587,5.96
4879,5.85131,2494,9.36
4880,5.85299,2299,8.63
4881,5.85330,2546,9.55
4882,5.85826,2583,9.69
4883,5.85906,2730,10.24
4884,5.84870,2660,9.98
4885,5.84702,2665,10.00
4886,5.85792,2553,9.58
4887,5.86029,2468,9.26
4888,5.84948,2702,10.14
4889,5.86321,2695,10.11
4890,5.85887,2631,9.87
4891,5.84797,2717,10.19
4892,5.84970,2263,8.49
4893,5.85114,2661,9.98
4894,5.85765,2745,10.30
4895,5.86116,2683,10.07
4896,5.85608,2679,10.05
4897,5.85457,2196,8.24
4898,5.84462,2757,10.34
4899,5.85316,2604,9.77
4900,5.84259,2709,10.17
4901,5.84877,128,0.48
4902,5.85666,2595,9.74
4903,5.85561,2236,8.39
4904,5.85817,2547,9.55
4905,5.85657,2629,9.86
4906,5.85093,2585,9.70
4907,5.85088,2705,10.15
4908,5.85134,2501,9.39
4909,5.85849,2681,10.06
4910,5.85695,2238,8.40
4911,5.85668,2492,9.35
4912,5.84690,2522,9.46
4913,5.85427,2476,9.29
4914,5.86036,2528,9.48
4915,5.85355,2649,9.94
4916,5.85969,2445,9.17
4917,5.86078,2439,9.15
4918,5.85868,2442,9.16
4919,5.85959,2536,9.51
4920,5.85379,2312,8.67
4921,5.85171,2230,8.37
4922,5.85741,2749,10.31
4923,5.85486,2174,8.16
4924,5.85682,2699,10.13
4925,5.85034,2635,9.89
4926,5.85570,2447,9.18
4927,5.85248,2436,9.14
4928,5.85163,2579,9.68
4929,5.86026,2575,9.66
4930,5.85550,2053,7.70
4931,5.84190,2593,9.73
4932,5.85050,2283,8.57
4933,5.86243,2726,10.23
4934,5.85938,2635,9.89
4935,5.86455,2646,9.93
4936,5.85272,2803,10.52
4937,5.85882,2631,9.87
4938,5.85058,2747,10.31
4939,5.85792,2632,9.88
4940,5.84666,2530,9.49
4941,5.84844,2700,10.13
4942,5.85375,2630,9.87
4943,5.83962,2713,10.18
4944,5.86041,2678,10.05
4945,5.85708,2672,10.03
4946,5.85557,2641,9.91
4947,5.84939,2515,9.44
4948,5.84885,2411,9.05
4949,5.85502,2528,9.49
4950,5.85633,2565,9.63
4951,5.84897,2775,10.41
4952,5.86030,2588,9.71
4953,5.84805,2582,9.69
4954,5.84452,2697,10.12
4955,5.86364,2309,8.66
4956,5.85164,2710,10.17
4957,5.85334,2724,10.22
4958,5.84930,2662,9.99
4959,5.84670,2823,10.59
4960,5.84741,2190,8.22
4961,5.85480,2409,9.04
4962,5.86186,2673,10.03
4963,5.84990,926,3.47
4964,5.85232,1066,4.00
4965,5.85110,2536,9.52
4966,5.85314,2732,10.25
4967,5.84898,2762,10.36
4968,5.85058,926,3.47
4969,5.85173,2410,9.04
4970,5.84541,1535,5.76
4971,5.85809,2364,8.87
4972,5.85095,2536,9.51
4973,5.85112,2552,9.57
4974,5.85380,2368,8.88
4975,5.84989,2540,9.53
4976,5.84809,2588,9.71
4977,5.85409,2669,10.01
4978,5.84668,2567,9.63
4979,5.85010,2728,10.23
4980,5.85184,2666,10.00
4981,5.84708,2487,9.33
4982,5.85386,2160,8.11
4983,5.85693,2689,10.09
4984,5.85296,2637,9.89
4985,5.85549,2478,9.30
4986,5.84932,2653,9.95
4987,5.85014,2731,10.25
4988,5.85286,2427,9.11
4989,5.85500,2645,9.92
4990,5.85153,2733,10.25
4991,5.84840,2708,10.16
4992,5.84712,2774,10.41
4993,5.85316,2615,9.81
4994,5.86349,2685,10.07
4995,5.84783,2717,10.19
4996,5.85299,2625,9.85
4997,5.85820,2545,9.55
4998,5.85394,2766,10.38
4999,5.84403,2763,10.37
5000,5.86084,2458,9.22
5001,5.84650,129,0.48
5002,5.85005,2583,9.69
5003,5.85855,2489,9.34
5004,5.85253,2632,9.87
5005,5.85060,2643,9.92
5006,5.85106,2569,9.64
5007,5.85817,2569,9.64
5008,5.85133,2634,9.88
5009,5.85510,2762,10.36
5010,5.84154,2604,9.77
5011,5.85526,2151,8.07
5012,5.85088,2354,8.83
5013,5.84241,2568,9.63
5014,5.85507,2387,8.95
5015,5.85225,2647,9.93
5016,5.85287,2576,9.66
5017,5.85780,2459,9.23
5018,5.85140,2334,8.76
5019,5.85194,2199,8.25
5020,5.86567,2156,8.09
5021,5.84522,1978,7.42
5022,5.85097,1066,4.00
5023,5.85446,1002,3.76
5024,5.85174,175,0.66
5025,5.84910,234,0.88
5026,5.84307,291,1.09
5027,5.85585,605,2.27
5028,5.84752,1453,5.45
5029,5.85774,2244,8.42
5030,5.85096,459,1.72
5031,5.85214,1206,4.52
5032,5.85025,962,3.61
5033,5.85631,987,3.70
5034,5.84990,984,3.69
5035,5.84809,719,2.70
5036,5.84993,1192,4.47
5037,5.84737,612,2.30
5038,5.84231,415,1.56
5039,5.85404,677,2.54
5040,5.85557,553,2.07
5041,5.83777,576,2.16
5042,5.84287,438,1.64
5043,5.85234,480,1.80
5044,5.85088,429,1.61
5045,5.84645,113,0.42
5046,5.90242,97,0.36
5047,5.84493,49,0.18
5048,5.88197,44,0.16
5049,5.84691,27,0.10
5050,5.85757,286,1.07
5051,5.84697,503,1.89
5052,5.85448,1402,5.26
5053,5.84480,1488,5.58
5054,5.86231,1842,6.91
5055,5.85320,1799,6.75
5056,5.87899,1698,6.37
5057,5.85073,1631,6.12
5058,5.85942,1153,4.33
5059,5.86706,995,3.73
5060,5.85454,1227,4.60
5061,5.86333,1193,4.47
5062,5.85185,1223,4.59
5063,5.87381,1465,5.50
5064,5.85227,1184,4.44
5065,5.85092,1005,3.77
5066,5.86128,641,2.40
5067,5.84049,896,3.36
5068,5.86150,870,3.26
5069,5.84606,1050,3.94
5070,5.85952,1306,4.90
5071,5.85126,1601,6.01
5072,5.85017,1212,4.55
5073,5.85382,1159,4.35
5074,5.84991,916,3.44
5075,5.85595,629,2.36
5076,5.85950,502,1.88
5077,5.85436,804,3.02
5078,5.85111,1061,3.98
5079,5.84887,1020,3.83
5080,5.84761,1462,5.49
5081,5.84977,792,2.97
5082,5.84512,715,2.68
5083,5.85338,1166,4.37
5084,5.84395,1279,4.80
5085,5.85520,1051,3.94
5086,5.85754,724,2.72
5087,5.85138,572,2.15
5088,5.84692,809,3.04
5089,5.85420,597,2.24
5090,5.84814,558,2.09
5091,5.85031,863,3.24
5092,5.84794,606,2.27
5093,5.84168,667,2.50
5094,5.84931,891,3.34
5095,5.85451,686,2.57
5096,5.85322,922,3.46
5097,5.84581,832,3.12
5098,5.84756,814,3.06
5099,5.85154,1094,4.10
5100,5.85130,709,2.66
5101,5.84860,112,0.42
5102,5.84159,1337,5.02
5103,5.85934,1480,5.55
5104,5.85656,1174,4.40
5105,5.85104,792,2.97
5106,5.83973,559,2.10
5107,5.84618,962,3.61
5108,5.85374,925,3.47
5109,5.84810,1320,4.95
5110,5.84317,1717,6.44
5111,5.85048,1311,4.92
5112,5.84838,1012,3.80
5113,5.84963,678,2.54
5114,5.84787,696,2.61
5115,5.85938,1037,3.89
5116,5.84903,1209,4.54
5117,5.84439,1438,5.39
5118,5.85739,1264,4.74
5119,5.84539,1140,4.28
5120,5.85422,767,2.88
5121,5.85247,863,3.24
5122,5.84315,746,2.80
5123,5.85689,1270,4.77
5124,5.85033,1280,4.80
5125,5.85057,1028,3.86
5126,5.83703,1101,4.13
5127,5.84402,956,3.59
5128,5.85144,1092,4.10
5129,5.84811,935,3.51
5130,5.85801,538,2.02
5131,5.85149,1027,3.85
5132,5.85368,973,3.65
5133,5.85262,1248,4.68
5134,5.85162,1237,4.64
5135,5.84176,1000,3.75
5136,5.84695,888,3.33
5137,5.85501,702,2.63
5138,5.84570,818,3.07
5139,5.84874,1175,4.41
5140,5.85892,1148,4.31
5141,5.84133,869,3.26
5142,5.84424,1132,4.25
5143,5.84344,1016,3.81
5144,5.85540,649,2.44
5145,5.85229,698,2.62
5146,5.84752,1067,4.00
5147,5.85476,961,3.61
5148,5.85254,789,2.96
5149,5.84569,840,3.15
5150,5.85322,757,2.84
5151,5.84718,899,3.37
5152,5.85113,865,3.25
5153,5.84690,1157,4.34
5154,5.83577,1256,4.71
5155,5.84151,913,3.42
5156,5.83989,992,3.72
5157,5.83291,807,3.03
5158,5.85240,692,2.60
5159,5.84906,871,3.27
5160,5.90600,800,3.00
5161,5.83991,871,3.27
5162,5.87707,1066,4.00
5163,5.84249,1005,3.77
5164,5.86123,1089,4.09
5165,5.86397,957,3.59
5166,5.84118,811,3.04
5167,5.86864,1088,4.08
5168,5.84490,1042,3.91
5169,5.85919,1085,4.07
5170,5.84981,1164,4.37
5171,5.84475,959,3.60
5172,5.84589,790,2.96
5173,5.84485,687,2.58
5174,5.85399,875,3.28
5175,5.84840,817,3.06
5176,5.85015,1240,4.65
5177,5.85241,1087,4.08
5178,5.85373,1061,3.98
5179,5.84845,1027,3.85
5180,5.85302,948,3.56
5181,5.84367,911,3.42
5182,5.84772,1024,3.84
5183,5.85203,1179,4.42
5184,5.84255,1105,4.15
5185,5.84207,1060,3.98
5186,5.84701,926,3.48
5187,5.83092,757,2.84
5188,5.84182,919,3.45
5189,5.84630,1014,3.80
5190,5.85328,950,3.56
5191,5.83775,1050,3.94
5192,5.85208,1213,4.55
5193,5.84405,1124,4.22
5194,5.84593,1208,4.53
5195,5.84913,1331,5.00
5196,5.84048,1133,4.25
5197,5.86218,1008,3.78
5198,5.85685,805,3.02
5199,5.85485,712,2.67
5200,5.84058,977,3.67
5201,5.85333,117,0.44
5202,5.85081,1074,4.03
5203,5.85986,1220,4.58
5204,5.83929,1227,4.60
5205,5.84238,991,3.72
5206,5.83700,1252,4.70
5207,5.83769,1412,5.30
5208,5.84726,1072,4.02
5209,5.84953,1130,4.24
5210,5.85715,1085,4.07
5211,5.84718,1183,4.44
5212,5.85114,1177,4.42
5213,5.85794,1076,4.04
5214,5.84703,1066,4.00
5215,5.84002,908,3.41
5216,5.83947,1033,3.88
5217,5.85726,1025,3.84
5218,5.84468,1176,4.41
5219,5.84998,1230,4.61
5220,5.84338,1293,4.85
5221,5.85140,863,3.24
5222,5.83911,1177,4.41
5223,5.83486,1253,4.70
5224,5.83592,1561,5.86
5225,5.84446,1295,4.86
5226,5.85179,838,3.14
5227,5.85230,823,3.09
5228,5.84402,1313,4.92
5229,5.84649,1053,3.95
5230,5.83923,951,3.57
5231,5.84031,1029,3.86
5232,5.84545,1380,5.18
5233,5.84619,1215,4.56
5234,5.85446,1136,4.26
5235,5.85338,1455,5.46
5236,5.83606,1514,5.68
5237,5.84806,1239,4.65
5238,5.84642,970,3.64
5239,5.84600,1203,4.51
5240,5.84634,1134,4.25
5241,5.82820,1136,4.26
5242,5.84073,1345,5.05
5243,5.83777,1610,6.04
5244,5.84878,1576,5.91
5245,5.84466,1521,5.71
5246,5.85545,1299,4.87
5247,5.85646,1322,4.96
5248,5.84909,1333,5.00
5249,5.84099,1068,4.01
5250,5.84064,992,3.72
5251,5.84760,1165,4.37
5252,5.84702,1264,4.74
5253,5.83401,1332,5.00
5254,5.84262,1217,4.56
5255,5.84706,1042,3.91
5256,5.84563,1435,5.38
5257,5.84785,1328,4.98
5258,5.84472,1186,4.45
5259,5.84308,1086,4.07
5260,5.85158,1163,4.36
5261,5.84039,1233,4.63
5262,5.84113,1207,4.53
5263,5.84762,1832,6.87
5264,5.84590,1943,7.29
5265,5.83817,1675,6.28
5266,5.84711,1878,7.05
5267,5.85024,1854,6.96
5268,5.84784,1339,5.03
5269,5.84076,1020,3.83
5270,5.85243,955,3.58
5271,5.85075,1139,4.27
5272,5.85120,1156,4.34
5273,5.84269,1750,6.57
5274,5.83253,1378,5.17
5275,5.84232,1375,5.16
5276,5.84713,1238,4.65
5277,5.84928,1267,4.75
5278,5.84447,1759,6.60
5279,5.86416,1356,5.09
5280,5.83170,1295,4.86
5281,5.90333,1060,3.98
5282,5.84500,841,3.15
5283,5.87278,1677,6.29
5284,5.85019,1673,6.28
5285,5.86334,1442,5.41
5286,5.84318,1281,4.81
5287,5.85946,1334,5.00
5288,5.84032,1510,5.67
5289,5.85581,1336,5.01
5290,5.83953,1487,5.58
5291,5.85867,1581,5.93
5292,5.84057,1557,5.84
5293,5.88649,1560,5.85
5294,5.84494,1660,6.23
5295,5.85567,2058,7.72
5296,5.85459,1726,6.48
5297,5.84250,1340,5.03
5298,5.85512,1219,4.57
5299,5.84991,1259,4.72
5300,5.84608,956,3.59
5301,5.85023,121,0.45
5302,5.84668,1339,5.02
5303,5.85702,1604,6.02
5304,5.84943,1818,6.82
5305,5.83903,1945,7.30
5306,5.83380,1852,6.95
5307,5.84419,1276,4.79
5308,5.83769,1393,5.22
5309,5.85175,1480,5.55
5310,5.84945,1478,5.55
5311,5.83726,1175,4.41
5312,5.85445,1179,4.42
5313,5.84265,1560,5.85
5314,5.85861,1358,5.09
5315,5.84480,1609,6.04
5316,5.86103,1687,6.33
5317,5.84314,1687,6.33
5318,5.84501,1482,5.56
5319,5.84501,1280,4.80
5320,5.84857,1818,6.82
5321,5.84758,1757,6.59
5322,5.84348,1939,7.28
5323,5.85213,1955,7.33
5324,5.83498,1581,5.93
5325,5.83992,1293,4.85
5326,5.84823,1231,4.62
5327,5.83899,1633,6.13
5328,5.84860,1702,6.39
5329,5.83951,1416,5.31
5330,5.83760,1264,4.74
5331,5.84087,955,3.58
5332,5.84346,1664,6.24
5333,5.84744,1644,6.17
5334,5.83662,1693,6.35
5335,5.84587,1434,5.38
5336,5.84987,1358,5.09
5337,5.85104,1507,5.65
5338,5.84314,1628,6.11
5339,5.85026,1687,6.33
5340,5.83844,2413,9.05
5341,5.85371,2339,8.78
5342,5.85200,2700,10.13
5343,5.83590,2133,8.00
5344,5.84407,2605,9.77
5345,5.84148,2039,7.65
5346,5.84095,2132,8.00
5347,5.84645,1879,7.05
5348,5.83896,1596,5.99
5349,5.84804,1460,5.48
5350,5.84066,1690,6.34
5351,5.85060,1583,5.94
5352,5.84449,1532,5.75
5353,5.85169,1289,4.84
5354,5.84482,1880,7.05
5355,5.84743,2320,8.70
5356,5.84250,1897,7.12
5357,5.89886,2546,9.55
5358,5.84373,1905,7.15
5359,5.87868,1294,4.85
5360,5.84613,1885,7.07
5361,5.85295,2374,8.91
5362,5.84276,2292,8.60
5363,5.84672,1932,7.25
5364,5.84280,2151,8.07
5365,5.84834,1915,7.18
5366,5.84127,2480,9.30
5367,5.84389,1407,5.28
5368,5.83881,1457,5.47
5369,5.84499,1663,6.24
5370,5.84307,1817,6.82
5371,5.84649,1897,7.12
5372,5.83836,1570,5.89
5373,5.84330,1423,5.34
5374,5.85220,2546,9.55
5375,5.83799,2633,9.88
5376,5.84485,1830,6.87
5377,5.85387,2365,8.87
5378,5.84702,2635,9.89
5379,5.83702,2166,8.13
5380,5.85794,1615,6.06
5381,5.84070,2014,7.56
5382,5.84531,1361,5.11
5383,5.84480,1680,6.30
5384,5.83814,1996,7.49
5385,5.85408,2499,9.37
5386,5.84962,2687,10.08
5387,5.84295,2331,8.74
5388,5.85094,2369,8.89
5389,5.84020,1839,6.90
5390,5.84568,1681,6.31
5391,5.83732,1656,6.21
5392,5.84128,1647,6.18
5393,5.85012,2291,8.60
5394,5.84593,1660,6.23
5395,5.84090,1397,5.24
5396,5.84666,1806,6.78
5397,5.84800,2563,9.62
5398,5.84877,2477,9.30
5399,5.85117,2100,7.88
5400,5.84699,2124,7.97
5401,5.85095,21,0.08
5402,5.84083,562,2.11
5403,5.84363,1789,6.71
5404,5.84531,1262,4.73
5405,5.88569,1378,5.17
5406,5.82910,898,3.37
5407,5.87239,1126,4.22
5408,5.83872,453,1.70
5409,5.85451,1004,3.77
5410,5.84187,1416,5.31
5411,5.84851,1366,5.13
5412,5.83095,979,3.67
5413,5.85142,352,1.32
5414,5.84065,238,0.89
5415,5.85151,137,0.51
5416,5.83334,1250,4.69
5417,5.85673,1829,6.86
5418,5.84107,1853,6.95
5419,5.85477,1736,6.51
5420,5.84677,1889,7.09
5421,5.84335,1667,6.26
5422,5.84159,1928,7.23
5423,5.83459,2626,9.85
5424,5.84251,2521,9.46
5425,5.84048,1798,6.75
5426,5.84442,1544,5.79
5427,5.84648,1616,6.06
5428,5.84078,2534,9.51
5429,5.83781,2611,9.80
5430,5.84516,2650,9.94
5431,5.83536,2151,8.07
5432,5.84480,2593,9.73
5433,5.85177,2520,9.46
5434,5.84487,2580,9.68
5435,5.84011,2556,9.59
5436,5.84454,2486,9.33
5437,5.83824,2545,9.55
5438,5.84386,2426,9.10
5439,5.84174,2184,8.19
5440,5.84697,1918,7.20
5441,5.84682,1861,6.98
5442,5.84671,2024,7.59
5443,5.85038,2362,8.86
5444,5.83226,2699,10.13
5445,5.86666,2648,9.93
5446,5.83111,2667,10.01
5447,5.86879,2126,7.98
5448,5.83611,1688,6.34
5449,5.85218,1975,7.41
5450,5.84471,2140,8.03
5451,5.84682,2035,7.64
5452,5.83682,1982,7.44
5453,5.84741,2542,9.54
5454,5.84276,2566,9.63
5455,5.84293,2512,9.42
5456,5.84667,2637,9.89
5457,5.84444,2640,9.91
5458,5.83222,2342,8.79
5459,5.84683,1598,6.00
5460,5.84550,1505,5.65
5461,5.84731,1539,5.78
5462,5.84113,1676,6.29
5463,5.84988,1806,6.78
5464,5.83566,1878,7.05
5465,5.83945,2386,8.95
5466,5.83864,2354,8.83
5467,5.84391,1862,6.99
5468,5.83777,1953,7.33
5469,5.84658,2569,9.64
5470,5.84301,2531,9.50
5471,5.84398,2560,9.61
5472,5.83926,2524,9.47
5473,5.85093,2620,9.83
5474,5.84104,1916,7.19
5475,5.83835,2455,9.21
5476,5.84656,2691,10.10
5477,5.84892,1885,7.07
5478,5.83706,1967,7.38
5479,5.83708,2670,10.02
5480,5.83294,2654,9.96
5481,5.84334,2629,9.86
5482,5.83980,2540,9.53
5483,5.83563,1754,6.58
5484,5.83422,1638,6.15
5485,5.84824,2338,8.77
5486,5.84291,2251,8.44
5487,5.84256,1948,7.31
5488,5.84172,2110,7.92
5489,5.84103,1250,4.69
5490,5.83944,1620,6.08
5491,5.84377,2663,9.99
5492,5.84492,2632,9.87
5493,5.83113,2683,10.07
5494,5.84192,2694,10.11
5495,5.83463,2478,9.30
5496,5.83925,1837,6.89
5497,5.84651,1956,7.34
5498,5.84149,2653,9.95
5499,5.84771,2649,9.94
5500,5.83889,2723,10.22
5501,5.84199,125,0.47
5502,5.84005,1761,6.61
5503,5.83442,1471,5.52
5504,5.85193,1597,5.99
5505,5.83709,2681,10.06
5506,5.86780,2600,9.75
5507,5.83464,2624,9.84
5508,5.88702,2695,10.11
5509,5.83630,2662,9.99
5510,5.85254,2680,10.06
5511,5.83656,2222,8.34
5512,5.84430,2455,9.21
5513,5.84821,2572,9.65
5514,5.84336,2620,9.83
5515,5.84742,2685,10.07
5516,5.83715,2181,8.18
5517,5.84399,1813,6.80
5518,5.84462,2078,7.79
5519,5.83601,2241,8.41
5520,5.84627,2595,9.74
5521,5.84514,2628,9.86
5522,5.84760,2586,9.70
5523,5.83003,2416,9.06
5524,5.83724,2171,8.15
5525,5.83726,2058,7.72
5526,5.85147,2083,7.82
5527,5.84886,1613,6.05
5528,5.83797,1735,6.51
5529,5.83030,2368,8.88
5530,5.83347,2062,7.74
5531,5.84806,2622,9.84
5532,5.87118,2680,10.05
5533,5.83198,2440,9.16
5534,5.88649,2680,10.06
5535,5.83869,2599,9.75
5536,5.85234,2637,9.89
5537,5.83306,2754,10.33
5538,5.85181,2569,9.64
5539,5.83949,2716,10.19
5540,5.84917,2686,10.08
5541,5.84405,2727,10.23
5542,5.84067,2668,10.01
5543,5.84063,2754,10.33
5544,5.84033,2759,10.35
5545,5.83761,2234,8.38
5546,5.83769,2422,9.09
5547,5.82410,2492,9.35
5548,5.83851,2397,8.99
5549,5.84346,2041,7.66
5550,5.84225,2647,9.93
5551,5.84789,2707,10.15
5552,5.82540,2448,9.18
5553,5.83454,2284,8.57
5554,5.83613,2390,8.97
5555,5.85488,2646,9.93
5556,5.83839,2565,9.62
5557,5.84036,2213,8.30
5558,5.83992,2700,10.13
5559,5.84772,2545,9.55
5560,5.84032,2138,8.02
5561,5.84018,2309,8.66
5562,5.84402,2583,9.69
5563,5.84027,2547,9.55
5564,5.84088,2690,10.09
5565,5.83848,2669,10.01
5566,5.83263,2650,9.94
5567,5.83523,2611,9.80
5568,5.83397,2666,10.00
5569,5.83845,2359,8.85
5570,5.84181,2409,9.04
5571,5.83508,2075,7.79
5572,5.84326,2236,8.39
5573,5.84908,2322,8.71
5574,5.83881,2478,9.30
5575,5.84091,1807,6.78
5576,5.83804,2636,9.89
5577,5.83043,2536,9.51
5578,5.84573,2652,9.95
5579,5.83338,2508,9.41
5580,5.83166,2595,9.73
5581,5.83410,2232,8.38
5582,5.83298,2254,8.46
5583,5.83878,2105,7.90
5584,5.83131,2103,7.89
5585,5.83602,2654,9.96
5586,5.83677,2656,9.96
5587,5.83229,1805,6.77
5588,5.83395,2370,8.89
5589,5.83937,2351,8.82
5590,5.84260,2188,8.21
5591,5.83404,2078,7.80
5592,5.83393,2528,9.49
5593,5.84389,2351,8.82
5594,5.84095,2619,9.83
5595,5.83609,2559,9.60
5596,5.83453,2573,9.65
5597,5.84117,2443,9.17
5598,5.83732,2590,9.72
5599,5.84042,2625,9.85
5600,5.83179,2494,9.36
5601,5.84278,130,0.49
5602,5.83254,2223,8.34
5603,5.84203,2428,9.11
5604,5.84300,2249,8.44
5605,5.83407,2647,9.93
5606,5.84280,2545,9.55
5607,5.83844,2373,8.91
5608,5.83181,2678,10.05
5609,5.84247,2504,9.39
5610,5.83561,2566,9.63
5611,5.82359,2056,7.72
5612,5.83744,2284,8.57
5613,5.84264,2083,7.82
5614,5.85070,2515,9.44
5615,5.83680,2534,9.51
5616,5.83432,2445,9.17
5617,5.84163,2426,9.10
5618,5.84175,2475,9.29
5619,5.84253,2315,8.69
5620,5.83898,2547,9.56
5621,5.84102,2548,9.56
5622,5.84267,2593,9.73
5623,5.83428,2627,9.86
5624,5.84311,2668,10.01
5625,5.84057,2476,9.29
5626,5.83604,2721,10.21
5627,5.83621,2624,9.84
5628,5.83705,2650,9.94
5629,5.83532,2763,10.37
5630,5.83915,2313,8.68
5631,5.84797,2647,9.93
5632,5.84233,2646,9.93
5633,5.83611,2560,9.61
5634,5.84044,2680,10.05
5635,5.83842,1700,6.38
5636,5.84018,2709,10.16
5637,5.83910,2658,9.97
5638,5.83310,2563,9.62
5639,5.84292,2518,9.45
5640,5.83052,2696,10.12
5641,5.83578,748,2.81
5642,5.84654,1474,5.53
5643,5.82885,2396,8.99
5644,5.84561,2282,8.56
5645,5.83675,2687,10.08
5646,5.83889,2446,9.18
5647,5.83309,2150,8.07
5648,5.83664,2701,10.13
5649,5.83684,947,3.55
5650,5.83326,545,2.05
5651,5.83865,530,1.99
5652,5.83265,812,3.05
5653,5.84141,2390,8.97
5654,5.83912,2331,8.75
5655,5.84095,2456,9.22
5656,5.84564,2459,9.23
5657,5.83690,2276,8.54
5658,5.84630,2540,9.53
5659,5.84617,2322,8.71
5660,5.82795,2393,8.98
5661,5.83893,2444,9.17
5662,5.83623,2528,9.49
5663,5.83240,2529,9.49
5664,5.83139,2212,8.30
5665,5.83464,2266,8.50
5666,5.83676,1691,6.35
5667,5.83099,2668,10.01
5668,5.83862,2180,8.18
5669,5.83024,2733,10.26
5670,5.83970,2545,9.55
5671,5.84239,2363,8.87
5672,5.84084,2542,9.54
5673,5.91122,2548,9.56
5674,5.82943,2574,9.66
5675,5.86928,790,2.96
5676,5.83611,314,1.18
5677,5.83553,425,1.60
5678,5.86183,163,0.61
5679,5.83323,274,1.03
5680,5.86556,2438,9.15
5681,5.83486,2408,9.03
5682,5.85117,2328,8.73
5683,5.83513,1368,5.13
5684,5.83154,2553,9.58
5685,5.84945,2391,8.97
5686,5.83567,1659,6.22
5687,5.85315,325,1.22
5688,5.83357,349,1.31
5689,5.84049,1958,7.35
5690,5.84561,1958,7.35
5691,5.84043,2072,7.77
5692,5.83627,2243,8.42
5693,5.84165,630,2.36
5694,5.84209,1981,7.43
5695,5.83807,1069,4.01
5696,5.83739,2445,9.17
5697,5.85153,2220,8.33
5698,5.84239,2485,9.33
5699,5.83360,2398,9.00
5700,5.83797,2422,9.09
5701,5.83064,131,0.49
5702,5.84436,2325,8.72
5703,5.83145,2143,8.04
5704,5.83460,2306,8.65
5705,5.84026,2074,7.78
5706,5.84543,2421,9.08
5707,5.83117,2331,8.75
5708,5.83552,1991,7.47
5709,5.83903,2515,9.44
5710,5.83394,2314,8.68
5711,5.83467,2567,9.63
5712,5.84991,2312,8.67
5713,5.83045,2320,8.71
5714,5.87133,1988,7.46
5715,5.83263,1443,5.41
5716,5.85289,2421,9.08
5717,5.83852,2427,9.11
5718,5.85768,2379,8.93
5719,5.83958,2164,8.12
5720,5.85476,2207,8.28
5721,5.82381,2048,7.68
5722,5.85007,2170,8.14
5723,5.82862,2273,8.53
5724,5.84178,2516,9.44
5725,5.83616,2244,8.42
5726,5.84403,1974,7.41
5727,5.83787,1742,6.54
5728,5.84035,1636,6.14
5729,5.83671,1935,7.26
5730,5.84460,2029,7.61
5731,5.83719,2311,8.67
5732,5.84560,2070,7.76
5733,5.83048,1826,6.85
5734,5.84138,2001,7.51
5735,5.84564,2054,7.71
5736,5.84846,2294,8.61
5737,5.82924,2280,8.56
5738,5.82768,2194,8.23
5739,5.84185,2302,8.64
5740,5.83620,2403,9.02
5741,5.83665,1832,6.87
5742,5.83863,2088,7.83
5743,5.83916,2026,7.60
5744,5.83375,1906,7.15
5745,5.83259,1941,7.28
5746,5.84671,2387,8.95
5747,5.84805,829,3.11
5748,5.83191,543,2.04
5749,5.83599,409,1.53
5750,5.83336,444,1.67
5751,5.83064,485,1.82
5752,5.83483,1018,3.82
5753,5.84016,1826,6.85
5754,5.83336,1954,7.33
5755,5.82591,1879,7.05
5756,5.83542,1764,6.62
5757,5.83490,577,2.17
5758,5.83536,1967,7.38
5759,5.83028,1979,7.42
5760,5.83760,2240,8.40
5761,5.82553,2547,9.56
5762,5.83803,1873,7.03
5763,5.83483,1821,6.83
5764,5.81760,2425,9.10
5765,5.84307,2258,8.47
5766,5.83485,2218,8.32
5767,5.83694,1720,6.45
5768,5.83322,1847,6.93
5769,5.83978,2228,8.36
5770,5.83599,2469,9.26
5771,5.82363,2574,9.66
5772,5.83710,2201,8.26
5773,5.84866,2506,9.40
5774,5.82964,2380,8.93
5775,5.82968,2668,10.01
5776,5.83035,2659,9.98
5777,5.84498,2686,10.08
5778,5.83779,2407,9.03
5779,5.83078,2373,8.91
5780,5.83859,2202,8.26
5781,5.82974,2160,8.10
5782,5.83352,2089,7.84
5783,5.83995,2142,8.04
5784,5.83642,2608,9.79
5785,5.83951,2591,9.72
5786,5.84338,2617,9.82
5787,5.84030,2695,10.11
5788,5.83454,2760,10.35
5789,5.82821,2372,8.90
5790,5.82570,2412,9.05
5791,5.83376,2246,8.43
5792,5.82922,2309,8.66
5793,5.83390,2427,9.11
5794,5.83760,2309,8.67
5795,5.84190,2452,9.20
5796,5.83462,2557,9.59
5797,5.83108,2532,9.50
5798,5.83095,2570,9.64
5799,5.84805,2087,7.83
5800,5.82981,2692,10.10
5801,5.87630,130,0.49
5802,5.83729,2328,8.73
5803,5.84114,2391,8.97
5804,5.84187,2553,9.58
5805,5.83664,2192,8.22
5806,5.84243,2152,8.07
5807,5.83311,2085,7.82
5808,5.83607,1691,6.35
5809,5.83476,2139,8.03
5810,5.82966,2459,9.23
5811,5.83029,2332,8.75
5812,5.83623,2038,7.65
5813,5.83541,2344,8.79
5814,5.83259,1616,6.06
5815,5.83447,1740,6.53
5816,5.84186,1652,6.20
5817,5.84052,2111,7.92
5818,5.83627,1546,5.80
5819,5.83884,2411,9.05
5820,5.82850,2197,8.24
5821,5.82045,2229,8.36
5822,5.84003,1923,7.22
5823,5.83348,1587,5.96
5824,5.83317,2089,7.84
5825,5.83437,2253,8.45
5826,5.82159,2301,8.63
5827,5.83522,2403,9.02
5828,5.82955,1998,7.49
5829,5.84485,2099,7.87
5830,5.83011,2014,7.56
5831,5.82407,2074,7.78
5832,5.83238,2127,7.98
5833,5.84361,2035,7.64
5834,5.83817,2156,8.09
5835,5.83776,2262,8.49
5836,5.83380,2243,8.42
5837,5.83631,1565,5.87
5838,5.83883,1573,5.90
5839,5.84010,1876,7.04
5840,5.83569,1755,6.58
5841,5.83363,2531,9.50
5842,5.82664,1817,6.82
5843,5.83779,2575,9.66
5844,5.83791,2429,9.11
5845,5.83335,2433,9.13
5846,5.83400,2542,9.54
5847,5.82850,2006,7.53
5848,5.83914,2417,9.07
5849,5.83010,1167,4.38
5850,5.83772,453,1.70
5851,5.82709,386,1.45
5852,5.84445,805,3.02
5853,5.83615,1233,4.63
5854,5.84792,308,1.16
5855,5.84562,1939,7.27
5856,5.82795,1945,7.30
5857,5.84050,2087,7.83
5858,5.83523,2058,7.72
5859,5.82930,2283,8.57
5860,5.83273,2313,8.68
5861,5.83124,2364,8.87
5862,5.83930,2138,8.02
5863,5.83290,2481,9.31
5864,5.83972,2567,9.63
5865,5.83420,2496,9.36
5866,5.82603,2319,8.70
5867,5.82752,2233,8.38
5868,5.84060,2289,8.59
5869,5.83132,2154,8.08
5870,5.82999,2383,8.94
5871,5.83366,2199,8.25
5872,5.82676,2195,8.24
5873,5.83095,2601,9.76
5874,5.82968,2266,8.50
5875,5.83363,2352,8.82
5876,5.83401,1981,7.43
5877,5.83072,2463,9.24
5878,5.83903,2536,9.52
5879,5.83734,2653,9.95
5880,5.84199,2607,9.78
5881,5.83698,2350,8.82
5882,5.83524,2302,8.64
5883,5.81712,2325,8.72
5884,5.82970,2561,9.61
5885,5.82710,2284,8.57
5886,5.83823,2219,8.33
5887,5.83519,2606,9.78
5888,5.83403,2688,10.08
5889,5.83192,2685,10.07
5890,5.83492,2521,9.46
5891,5.82867,2496,9.37
5892,5.83886,2536,9.52
5893,5.83851,2227,8.36
5894,5.83346,663,2.49
5895,5.83456,1972,7.40
5896,5.83591,1962,7.36
5897,5.82836,2421,9.08
5898,5.82998,2506,9.40
5899,5.82988,2586,9.70
5900,5.83670,2389,8.96
5901,5.83492,129,0.48
5902,5.82856,2529,9.49
5903,5.82694,2114,7.93
5904,5.83306,2263,8.49
5905,5.83617,2401,9.01
5906,5.83341,2333,8.75
5907,5.83017,2324,8.72
5908,5.83815,2236,8.39
5909,5.83485,2561,9.61
5910,5.83145,2254,8.46
5911,5.83222,2387,8.96
5912,5.82953,2469,9.27
5913,5.82967,2447,9.18
5914,5.83057,2531,9.50
5915,5.83646,2568,9.64
5916,5.83831,2542,9.54
5917,5.88225,2494,9.36
5918,5.82488,2586,9.70
5919,5.87052,2493,9.35
5920,5.83076,2472,9.27
5921,5.84826,2432,9.12
5922,5.82389,2601,9.76
5923,5.83435,2364,8.87
5924,5.82491,2330,8.74
5925,5.83884,2509,9.41
5926,5.81979,2622,9.84
5927,5.83545,2508,9.41
5928,5.81899,2591,9.72
5929,5.84628,2249,8.44
5930,5.82821,2381,8.93
5931,5.83966,2217,8.32
5932,5.82805,2508,9.41
5933,5.84423,2426,9.10
5934,5.82950,2388,8.96
5935,5.84028,2394,8.98
5936,5.82285,2521,9.46
5937,5.82951,2427,9.11
5938,5.83890,2670,10.02
5939,5.83068,2612,9.80
5940,5.83091,2553,9.58
5941,5.83391,2186,8.20
5942,5.83635,2228,8.36
5943,5.83068,2572,9.65
5944,5.82740,2597,9.74
5945,5.82801,2563,9.62
5946,5.83931,2568,9.63
5947,5.83138,2238,8.40
5948,5.83188,2368,8.88
5949,5.83483,2640,9.91
5950,5.83550,2275,8.53
5951,5.83399,2538,9.52
5952,5.83903,2552,9.57
5953,5.83489,2631,9.87
5954,5.83623,2604,9.77
5955,5.83418,2418,9.07
5956,5.82801,2599,9.75
5957,5.82586,2361,8.86
5958,5.83959,1847,6.93
5959,5.83400,2450,9.19
5960,5.82994,2140,8.03
5961,5.84936,2216,8.31
5962,5.82631,1923,7.21
5963,5.83048,2299,8.63
5964,5.83064,2245,8.42
5965,5.83192,2586,9.70
5966,5.82592,2574,9.66
5967,5.83386,2472,9.27
5968,5.83941,2618,9.82
5969,5.82998,2214,8.31
5970,5.82664,2550,9.57
5971,5.82256,2603,9.77
5972,5.82867,2543,9.54
5973,5.83385,2620,9.83
5974,5.83562,2612,9.80
5975,5.82835,2570,9.64
5976,5.83873,2518,9.45
5977,5.83328,2179,8.18
5978,5.82902,2301,8.63
5979,5.82900,2478,9.30
5980,5.83298,2093,7.85
5981,5.83216,2438,9.15
5982,5.83971,2593,9.73
5983,5.83081,2129,7.99
5984,5.82651,2680,10.05
5985,5.83009,2696,10.11
5986,5.82656,2508,9.41
5987,5.83937,2501,9.38
5988,5.83773,2398,9.00
5989,5.82984,2400,9.00
5990,5.82847,2292,8.60
5991,5.83143,2686,10.08
5992,5.83046,2662,9.99
5993,5.83250,2543,9.54
5994,5.83440,2580,9.68
5995,5.83038,2211,8.29
5996,5.82551,2151,8.07
5997,5.83717,2283,8.57
5998,5.83280,2219,8.32
5999,5.82962,2537,9.52
6000,5.82625,2126,7.98
6001,5.83476,129,0.48
6002,5.82233,2351,8.82
6003,5.82889,2550,9.57
6004,5.83213,2108,7.91
6005,5.83126,2583,9.69
6006,5.83804,2530,9.49
6007,5.82379,2336,8.77
6008,5.81719,2635,9.89
6009,5.89204,2573,9.65
6010,5.81384,2657,9.97
6011,5.85234,2635,9.89
6012,5.83779,2503,9.39
6013,5.83808,2246,8.43
6014,5.84468,1767,6.63
6015,5.81722,2369,8.89
6016,5.86054,2296,8.62
6017,5.82689,2133,8.00
6018,5.84651,2389,8.96
6019,5.82199,2489,9.34
6020,5.85783,2085,7.82
6021,5.82988,2627,9.86
6022,5.83098,2050,7.69
6023,5.82888,1982,7.43
6024,5.84290,2001,7.51
6025,5.82256,2281,8.56
6026,5.83575,2451,9.20
6027,5.83591,2111,7.92
6028,5.83444,2628,9.86
6029,5.82577,2615,9.81
6030,5.82869,2544,9.54
6031,5.83938,2345,8.80
6032,5.83292,2314,8.68
6033,5.83395,2037,7.64
6034,5.82567,1968,7.38
6035,5.82609,2240,8.40
6036,5.84165,2382,8.94
6037,5.84056,2488,9.34
6038,5.83743,2464,9.24
6039,5.83280,2465,9.25
6040,5.84251,1688,6.33
6041,5.82990,1650,6.19
6042,5.82776,2621,9.83
6043,5.82254,2638,9.90
6044,5.83793,2144,8.05
6045,5.83008,2244,8.42
6046,5.83196,2277,8.54
6047,5.83298,2477,9.30
6048,5.82575,1573,5.90
6049,5.82896,1689,6.34
6050,5.82856,2185,8.20
6051,5.82996,2334,8.76
6052,5.82933,2075,7.79
6053,5.83368,1839,6.90
6054,5.83015,2078,7.80
6055,5.82234,2675,10.04
6056,5.82671,2617,9.82
6057,5.82800,1604,6.02
6058,5.82670,937,3.51
6059,5.83597,2237,8.39
6060,5.83102,2391,8.97
6061,5.83248,1612,6.05
6062,5.83281,2518,9.45
6063,5.82580,2397,9.00
6064,5.82455,1724,6.47
6065,5.83190,2522,9.46
6066,5.83482,2142,8.04
6067,5.82962,1355,5.09
6068,5.83326,2224,8.35
6069,5.83095,2325,8.72
6070,5.83413,2028,7.61
6071,5.82762,1593,5.98
6072,5.82132,2237,8.39
6073,5.83130,1909,7.16
6074,5.83692,2174,8.16
6075,5.83064,2118,7.95
6076,5.81996,1867,7.00
6077,5.82885,1792,6.72
6078,5.82877,966,3.62
6079,5.82589,2055,7.71
6080,5.83905,1892,7.10
6081,5.83207,1572,5.90
6082,5.84175,2255,8.46
6083,5.82242,2319,8.70
6084,5.81734,2211,8.30
6085,5.82498,2022,7.59
6086,5.83498,2393,8.98
6087,5.83264,2031,7.62
6088,5.82039,2220,8.33
6089,5.82857,952,3.57
6090,5.82151,737,2.77
6091,5.82638,762,2.86
6092,5.83015,801,3.00
6093,5.83873,745,2.80
6094,5.81816,1922,7.21
6095,5.83604,1705,6.40
6096,5.82357,1903,7.14
6097,5.81804,1922,7.21
6098,5.82574,2074,7.78
6099,5.83227,2242,8.41
6100,5.83153,1894,7.10
6101,5.83872,126,0.47
6102,5.82985,2331,8.75
6103,5.82200,2374,8.91
6104,5.82475,1692,6.35
6105,5.82740,2060,7.73
6106,5.83991,2369,8.89
6107,5.83455,2530,9.49
6108,5.81282,2137,8.02
6109,5.82367,2356,8.84
6110,5.83342,2488,9.33
6111,5.81599,2272,8.53
6112,5.82511,715,2.68
6113,5.83354,1169,4.39
6114,5.83329,1001,3.75
6115,5.82649,645,2.42
6116,5.82830,1739,6.52
6117,5.82245,2192,8.22
6118,5.82581,318,1.19
6119,5.81883,2000,7.50
6120,5.82396,2030,7.62
6121,5.82228,2069,7.76
6122,5.82754,2339,8.78
6123,5.83110,2493,9.35
6124,5.83231,2516,9.44
6125,5.82541,2380,8.93
6126,5.83092,2342,8.79
6127,5.82306,2524,9.47
6128,5.89059,2536,9.52
6129,5.81701,2116,7.94
6130,5.85247,2242,8.41
6131,5.83272,1740,6.53
6132,5.82980,2150,8.07
6133,5.84748,2281,8.56
6134,5.82376,2162,8.11
6135,5.83966,2351,8.82
6136,5.82264,2531,9.50
6137,5.83911,2517,9.44
6138,5.83153,2257,8.47
6139,5.83077,2595,9.74
6140,5.84283,2203,8.27
6141,5.82049,2343,8.79
6142,5.82665,2472,9.27
6143,5.82569,2462,9.24
6144,5.83495,2516,9.44
6145,5.82831,2310,8.67
6146,5.83002,2189,8.21
6147,5.82222,2112,7.92
6148,5.83510,2416,9.06
6149,5.82131,2151,8.07
6150,5.83112,2314,8.68
6151,5.83090,2392,8.97
6152,5.82776,2518,9.45
6153,5.82728,2319,8.70
6154,5.82588,2304,8.65
6155,5.83688,2443,9.16
6156,5.82923,2201,8.26
6157,5.82669,2346,8.80
6158,5.83054,2054,7.71
6159,5.83399,2127,7.98
6160,5.83153,2208,8.28
6161,5.82740,2021,7.58
6162,5.82206,2150,8.07
6163,5.83378,2179,8.18
6164,5.82990,2430,9.12
6165,5.82090,2195,8.24
6166,5.83519,2446,9.18
6167,5.81619,2435,9.14
6168,5.83024,2424,9.09
6169,5.82271,2402,9.01
6170,5.83589,2445,9.18
6171,5.82213,2307,8.66
6172,5.83723,2328,8.74
6173,5.81676,2210,8.29
6174,5.82336,2301,8.63
6175,5.82137,1975,7.41
6176,5.82471,2572,9.65
6177,5.83290,2427,9.11
6178,5.82386,2004,7.52
6179,5.89129,1563,5.86
6180,5.82412,2386,8.95
6181,5.86472,2095,7.86
6182,5.83282,2223,8.34
6183,5.82466,1797,6.74
6184,5.84568,2062,7.74
6185,5.81917,1534,5.75
6186,5.84001,1662,6.24
6187,5.82847,2115,7.94
6188,5.82569,1936,7.26
6189,5.82705,2055,7.71
6190,5.82487,2071,7.77
6191,5.83705,2159,8.10
6192,5.81745,2120,7.95
6193,5.82464,2026,7.60
6194,5.82811,2187,8.20
6195,5.82074,2083,7.82
6196,5.82086,2008,7.53
6197,5.82710,2189,8.21
6198,5.82740,2135,8.01
6199,5.82677,2172,8.15
6200,5.82490,2402,9.01
6201,5.82931,127,0.47
6202,5.82527,2306,8.65
6203,5.82640,2112,7.92
6204,5.82701,2214,8.31
6205,5.82980,2308,8.66
6206,5.82656,2533,9.51
6207,5.82929,2498,9.37
6208,5.83311,2473,9.28
6209,5.81993,2157,8.09
6210,5.86690,2553,9.58
6211,5.81915,2232,8.37
6212,5.86910,2502,9.39
6213,5.83015,2221,8.33
6214,5.83024,2591,9.72
6215,5.81690,2627,9.86
6216,5.84277,2408,9.03
6217,5.81696,1981,7.43
6218,5.84266,2348,8.81
6219,5.82850,2316,8.69
6220,5.85131,2657,9.97
6221,5.81734,2673,10.03
6222,5.84105,2574,9.66
6223,5.82009,2469,9.26
6224,5.83067,2617,9.82
6225,5.81697,2666,10.00
6226,5.83708,2641,9.91
6227,5.83625,2712,10.18
6228,5.83796,2578,9.67
6229,5.83330,2645,9.92
6230,5.83322,2614,9.81
6231,5.83185,2681,10.06
6232,5.83160,2207,8.28
6233,5.82712,2570,9.64
6234,5.82789,2604,9.77
6235,5.82948,2094,7.86
6236,5.82601,2500,9.38
6237,5.83158,2102,7.89
6238,5.83218,2325,8.72
6239,5.83236,2612,9.80
6240,5.82408,2563,9.62
6241,5.82409,2097,7.87
6242,5.82512,2444,9.17
6243,5.82205,2236,8.39
6244,5.83344,2384,8.95
6245,5.82575,2174,8.16
6246,5.82693,2224,8.35
6247,5.82666,2240,8.41
6248,5.82874,2535,9.51
6249,5.83381,2552,9.58
6250,5.82364,2249,8.44
6251,5.82835,2722,10.21
6252,5.83962,2683,10.07
6253,5.83684,2351,8.82
6254,5.82235,2616,9.81
6255,5.82492,2660,9.98
6256,5.82348,2513,9.43
6257,5.83291,2659,9.98
6258,5.83457,2590,9.72
6259,5.81844,2334,8.76
6260,5.82609,2294,8.61
6261,5.83377,2462,9.24
6262,5.83076,2569,9.64
6263,5.82613,2640,9.91
6264,5.83021,2710,10.17
6265,5.83005,2234,8.38
6266,5.82110,2314,8.68
6267,5.81846,2592,9.73
6268,5.82794,2357,8.84
6269,5.82312,2067,7.76
6270,5.83422,2217,8.32
6271,5.82684,2388,8.96
6272,5.82194,2309,8.66
6273,5.82697,2281,8.56
6274,5.82720,2504,9.39
6275,5.82416,2286,8.58
6276,5.82746,2558,9.60
6277,5.82683,2641,9.91
6278,5.82651,2643,9.92
6279,5.83368,2412,9.05
6280,5.82440,2698,10.12
6281,5.82683,2731,10.25
6282,5.82007,2623,9.84
6283,5.81708,2553,9.58
6284,5.82751,2415,9.06
6285,5.82259,2571,9.64
6286,5.82462,2150,8.07
6287,5.82413,2582,9.69
6288,5.82453,2568,9.63
6289,5.83338,2257,8.47
6290,5.82050,2667,10.01
6291,5.84125,2733,10.25
6292,5.82724,2764,10.37
6293,5.82024,2637,9.90
6294,5.81615,2176,8.16
6295,5.83377,2681,10.06
6296,5.82908,2476,9.29
6297,5.83379,2488,9.34
6298,5.83357,2630,9.87
6299,5.82468,2398,9.00
6300,5.82298,2644,9.92
6301,5.82506,127,0.48
6302,5.83078,2570,9.64
6303,5.83875,2612,9.80
6304,5.82309,2301,8.64
6305,5.83176,2500,9.38
6306,5.81944,2642,9.91
6307,5.82718,2315,8.69
6308,5.82776,2154,8.08
6309,5.82259,2176,8.16
6310,5.82941,2163,8.12
6311,5.83031,2245,8.42
6312,5.82878,2415,9.06
6313,5.83067,2231,8.37
6314,5.81879,2222,8.34
6315,5.81528,2655,9.96
6316,5.82475,2570,9.64
6317,5.83071,2497,9.37
6318,5.82244,2236,8.39
6319,5.82497,2050,7.69
6320,5.82371,2120,7.96
6321,5.82361,2256,8.46
6322,5.82574,2615,9.81
6323,5.82174,2536,9.52
6324,5.83868,2567,9.63
6325,5.83197,2701,10.13
6326,5.83167,2215,8.31
6327,5.83252,2276,8.54
6328,5.81485,2599,9.75
6329,5.82874,2679,10.05
6330,5.82998,2709,10.16
6331,5.82662,2244,8.42
6332,5.81895,2734,10.26
6333,5.82344,2638,9.90
6334,5.82830,2693,10.11
6335,5.82084,2172,8.15
6336,5.82272,2607,9.78
6337,5.82643,2691,10.10
6338,5.81812,2647,9.93
6339,5.81968,2727,10.23
6340,5.82931,2637,9.90
6341,5.82696,2388,8.96
6342,5.82368,2677,10.04
6343,5.81859,2440,9.16
6344,5.82961,2667,10.01
6345,5.84002,2320,8.71
6346,5.82572,2618,9.82
6347,5.82059,2346,8.80
6348,5.83029,2170,8.14
6349,5.82706,2242,8.41
6350,5.82250,2273,8.53
6351,5.81578,2481,9.31
6352,5.82163,2258,8.47
6353,5.83889,2679,10.05
6354,5.83247,2597,9.74
6355,5.82804,2147,8.05
6356,5.83223,2717,10.19
6357,5.82348,2541,9.53
6358,5.83234,2675,10.04
6359,5.82168,2572,9.65
6360,5.83245,2392,8.98
6361,5.82526,1425,5.35
6362,5.82505,2096,7.86
6363,5.81965,2241,8.41
6364,5.83756,2008,7.53
6365,5.81536,2149,8.06
6366,5.82859,2168,8.13
6367,5.82177,2166,8.13
6368,5.84300,2528,9.48
6369,5.82688,2456,9.22
6370,5.83733,2347,8.81
6371,5.83199,2304,8.64
6372,5.81447,429,1.61
6373,5.83434,375,1.41
6374,5.83499,614,2.30
6375,5.82532,603,2.26
6376,5.82777,847,3.18
6377,5.82822,1792,6.72
6378,5.83004,625,2.34
6379,5.84171,1601,6.01
6380,5.82989,1824,6.84
6381,5.82703,2174,8.16
6382,5.82603,1928,7.23
6383,5.82595,771,2.89
6384,5.81397,1688,6.33
6385,5.83173,2074,7.78
6386,5.81993,2293,8.60
6387,5.83141,2257,8.47
6388,5.83325,2250,8.44
6389,5.82324,2570,9.64
6390,5.82708,2303,8.64
6391,5.82743,2428,9.11
6392,5.81852,2287,8.58
6393,5.82742,1791,6.72
6394,5.82444,1921,7.21
6395,5.82090,2337,8.77
6396,5.82761,2567,9.63
6397,5.81447,1968,7.38
6398,5.82404,2612,9.80
6399,5.82577,2441,9.16
6400,5.82904,2097,7.87
6401,5.82410,126,0.47
6402,5.81762,2031,7.62
6403,5.82127,2590,9.72
6404,5.83263,2061,7.73
6405,5.82497,2674,10.03
6406,5.82242,2017,7.57
6407,5.81504,2262,8.49
6408,5.81639,2190,8.22
6409,5.81905,2094,7.86
6410,5.82539,2239,8.40
6411,5.81686,2038,7.65
6412,5.82146,2307,8.66
6413,5.81820,2209,8.29
6414,5.82276,2360,8.86
6415,5.81800,2645,9.92
6416,5.82652,2750,10.32
6417,5.82564,2644,9.92
6418,5.82730,2583,9.69
6419,5.82508,2677,10.04
6420,5.82094,2608,9.78
6421,5.82173,2576,9.67
6422,5.82718,2658,9.97
6423,5.82674,2192,8.22
6424,5.81646,2652,9.95
6425,5.83126,2100,7.88
6426,5.81953,2242,8.41
6427,5.82134,2680,10.06
6428,5.82510,2120,7.95
6429,5.81263,2190,8.22
6430,5.81926,2128,7.98
6431,5.82001,1782,6.69
6432,5.82760,2237,8.39
6433,5.82722,2391,8.97
6434,5.82602,2443,9.17
6435,5.82316,2436,9.14
6436,5.82225,2406,9.03
6437,5.81778,2297,8.62
6438,5.83001,2323,8.72
6439,5.82277,2080,7.80
6440,5.82255,2333,8.75
6441,5.82846,2100,7.88
6442,5.82648,2633,9.88
6443,5.82983,2106,7.90
6444,5.82389,2568,9.63
6445,5.82397,2543,9.54
6446,5.82913,2432,9.12
6447,5.81936,2107,7.91
6448,5.81752,2146,8.05
6449,5.82716,2012,7.55
6450,5.81943,2079,7.80
6451,5.81238,2242,8.41
6452,5.81968,2406,9.03
6453,5.83514,1888,7.09
6454,5.81369,2156,8.09
6455,5.81854,1634,6.13
6456,5.82157,2052,7.70
6457,5.82261,2096,7.86
6458,5.81590,2251,8.45
6459,5.82217,2160,8.11
6460,5.81972,2318,8.70
6461,5.82209,2196,8.24
6462,5.81536,1964,7.37
6463,5.82752,2014,7.56
6464,5.81803,2011,7.54
6465,5.82910,1971,7.40
6466,5.82281,2004,7.52
6467,5.82138,1987,7.45
6468,5.82625,2022,7.59
6469,5.80899,1794,6.73
6470,5.81457,1921,7.21
6471,5.81850,2224,8.34
6472,5.82218,1989,7.46
6473,5.82042,2054,7.71
6474,5.82233,2122,7.96
6475,5.82178,1872,7.02
6476,5.82863,1862,6.99
6477,5.81810,2141,8.03
6478,5.81860,2282,8.56
6479,5.82813,1958,7.35
6480,5.82336,2272,8.53
6481,5.81548,2252,8.45
6482,5.81988,2478,9.30
6483,5.82879,2444,9.17
6484,5.81217,2481,9.31
6485,5.81298,2554,9.58
6486,5.82711,2021,7.58
6487,5.82059,1962,7.36
6488,5.82073,2033,7.63
6489,5.82134,1886,7.08
6490,5.82823,1980,7.43
6491,5.86895,1991,7.47
6492,5.81477,2248,8.43
6493,5.85912,1876,7.04
6494,5.82299,2174,8.16
6495,5.84001,2221,8.33
6496,5.83738,2108,7.91
6497,5.81750,2436,9.14
6498,5.84384,2419,9.07
6499,5.82484,2125,7.97
6500,5.82398,2394,8.98
6501,5.82768,127,0.48
6502,5.82605,2251,8.45
6503,5.82361,2416,9.06
6504,5.81606,2097,7.87
6505,5.82209,2181,8.18
6506,5.82117,1711,6.42
6507,5.81620,2503,9.39
6508,5.81534,2209,8.29
6509,5.81893,2112,7.92
6510,5.81446,2079,7.80
6511,5.81999,2141,8.03
6512,5.81867,2250,8.44
6513,5.82830,2370,8.89
6514,5.81164,2538,9.52
6515,5.82392,2540,9.53
6516,5.81835,2634,9.88
6517,5.83042,2276,8.54
6518,5.81846,2288,8.59
6519,5.81986,2393,8.98
6520,5.83172,2575,9.66
6521,5.82345,2371,8.90
6522,5.82475,2393,8.98
6523,5.82514,2197,8.24
6524,5.82208,2344,8.79
6525,5.81187,2678,10.05
6526,5.81887,2021,7.58
6527,5.82316,2395,8.99
6528,5.82565,2111,7.92
6529,5.81890,2316,8.69
6530,5.81464,2695,10.11
6531,5.82107,2297,8.62
6532,5.81153,2606,9.78
6533,5.82184,2645,9.92
6534,5.82008,2583,9.69
6535,5.81890,2365,8.87
6536,5.82347,2484,9.32
6537,5.82001,2497,9.37
6538,5.81752,2481,9.31
6539,5.82500,2490,9.34
6540,5.82620,2603,9.77
6541,5.82161,2190,8.22
6542,5.81037,2726,10.23
6543,5.81733,2297,8.62
6544,5.82239,2520,9.45
6545,5.82542,2467,9.25
6546,5.81940,2559,9.60
6547,5.81792,2729,10.24
6548,5.82762,2329,8.74
6549,5.81819,2331,8.74
6550,5.82250,2414,9.06
6551,5.82791,2465,9.25
6552,5.81395,2582,9.69
6553,5.82039,2661,9.98
6554,5.82312,2710,10.17
6555,5.81218,2710,10.17
6556,5.82041,1809,6.79
6557,5.82751,2637,9.90
6558,5.81413,2617,9.82
6559,5.82028,2744,10.29
6560,5.81839,2210,8.29
6561,5.81341,2362,8.86
6562,5.81809,1771,6.64
6563,5.82134,488,1.83
6564,5.82346,895,3.36
6565,5.82182,784,2.94
6566,5.82121,1176,4.41
6567,5.81750,1606,6.03
6568,5.81127,1947,7.30
6569,5.81632,2058,7.72
6570,5.82612,1857,6.97
6571,5.82311,598,2.25
6572,5.82147,1613,6.05
6573,5.81640,2035,7.64
6574,5.81559,2221,8.33
6575,5.81195,2492,9.35
6576,5.82128,2219,8.32
6577,5.81421,2404,9.02
6578,5.82509,2108,7.91
6579,5.82435,2358,8.85
6580,5.81967,2442,9.16
6581,5.82808,2452,9.20
6582,5.82212,1917,7.19
6583,5.82394,2129,7.99
6584,5.82998,2249,8.44
6585,5.82415,2448,9.19
6586,5.82689,2565,9.62
6587,5.81817,2600,9.75
6588,5.81828,827,3.10
6589,5.82366,2540,9.53
6590,5.82683,2427,9.11
6591,5.83476,2481,9.31
6592,5.82357,2595,9.74
6593,5.81168,2510,9.42
6594,5.81673,2536,9.51
6595,5.80968,2688,10.09
6596,5.82130,2481,9.31
6597,5.81836,2488,9.33
6598,5.80975,2685,10.07
6599,5.82506,2662,9.99
6600,5.81239,2585,9.70
6601,5.81936,128,0.48
6602,5.81614,2391,8.97
6603,5.81216,2538,9.52
6604,5.82601,2663,9.99
6605,5.81292,2609,9.79
6606,5.81861,2610,9.79
6607,5.81993,2691,10.10
6608,5.82793,2685,10.07
6609,5.82031,2718,10.20
6610,5.81627,2725,10.22
6611,5.82028,2535,9.51
6612,5.81559,2442,9.16
6613,5.80559,2674,10.03
6614,5.82300,2642,9.91
6615,5.82266,2115,7.93
6616,5.82676,2548,9.56
6617,5.82043,2643,9.92
6618,5.81422,2709,10.16
6619,5.82239,2603,9.77
6620,5.83170,2276,8.54
6621,5.82127,2623,9.84
6622,5.81648,2653,9.95
6623,5.80953,2259,8.47
6624,5.81784,2440,9.15
6625,5.81357,2319,8.70
6626,5.81687,2763,10.37
6627,5.82624,2518,9.45
6628,5.82611,2476,9.29
6629,5.81412,2478,9.30
6630,5.82617,2470,9.27
6631,5.82211,2674,10.03
6632,5.82406,2697,10.12
6633,5.82124,2641,9.91
6634,5.82036,2392,8.97
6635,5.81539,2367,8.88
6636,5.82006,2345,8.80
6637,5.81713,2591,9.72
6638,5.82477,2018,7.57
6639,5.81872,2388,8.96
6640,5.82749,2653,9.96
6641,5.83020,2506,9.40
6642,5.81356,2676,10.04
6643,5.82230,2605,9.78
6644,5.81778,2582,9.69
6645,5.82298,2462,9.24
6646,5.83360,2659,9.98
6647,5.82034,2611,9.80
6648,5.82546,2134,8.01
6649,5.81625,2578,9.67
6650,5.82045,2626,9.85
6651,5.82582,2079,7.80
6652,5.82846,2609,9.79
6653,5.81499,2444,9.17
6654,5.82291,1935,7.26
6655,5.82692,2299,8.63
6656,5.81509,1781,6.68
6657,5.81916,1568,5.88
6658,5.81797,1749,6.56
6659,5.81855,2008,7.53
6660,5.80908,2244,8.42
6661,5.82179,2348,8.81
6662,5.81690,2181,8.18
6663,5.81759,2576,9.67
6664,5.83463,886,3.33
6665,5.80962,2085,7.82
6666,5.86403,2379,8.93
6667,5.81078,2582,9.69
6668,5.84788,2508,9.41
6669,5.81406,2321,8.71
6670,5.82224,2251,8.45
6671,5.80197,2401,9.01
6672,5.80901,2427,9.11
6673,5.81740,2205,8.27
6674,5.82377,1955,7.34
6675,5.81807,1924,7.22
6676,5.81956,2252,8.45
6677,5.82357,2058,7.72
6678,5.81432,2266,8.50
6679,5.82064,2016,7.57
6680,5.83109,2067,7.75
6681,5.81722,1723,6.46
6682,5.82108,2073,7.78
6683,5.81314,2233,8.38
6684,5.82291,2013,7.55
6685,5.82013,2493,9.36
6686,5.82132,2219,8.32
6687,5.81729,2209,8.29
6688,5.82236,2018,7.57
6689,5.89811,1990,7.47
6690,5.81607,1890,7.09
6691,5.84162,2521,9.46
6692,5.84505,2243,8.42
6693,5.81394,2193,8.23
6694,5.84098,2085,7.82
6695,5.85565,1811,6.79
6696,5.82071,1876,7.04
6697,5.81754,1569,5.89
6698,5.83201,2281,8.56
6699,5.82310,2151,8.07
6700,5.81843,2186,8.20
6701,5.83016,128,0.48
6702,5.82245,2186,8.20
6703,5.81728,2083,7.81
6704,5.83755,2179,8.18
6705,5.81742,2116,7.94
6706,5.81820,2333,8.75
6707,5.84102,2607,9.78
6708,5.81893,2507,9.40
6709,5.82699,2231,8.37
6710,5.82191,2462,9.24
6711,5.81197,2420,9.08
6712,5.80899,2350,8.82
6713,5.82569,2194,8.23
6714,5.81075,2109,7.91
6715,5.82318,2246,8.43
6716,5.82175,2232,8.37
6717,5.80754,2515,9.44
6718,5.81768,2665,10.00
6719,5.81718,2583,9.69
6720,5.82337,2700,10.13
6721,5.82772,2456,9.21
6722,5.82020,2697,10.12
6723,5.81043,2520,9.46
6724,5.82368,280,1.05
6725,5.81716,206,0.77
6726,5.81891,1105,4.15
6727,5.81373,1726,6.48
6728,5.82207,287,1.08
6729,5.81448,469,1.76
6730,5.81824,615,2.31
6731,5.81333,773,2.90
6732,5.80853,1235,4.63
6733,5.81567,1330,4.99
6734,5.81186,1648,6.18
6735,5.81671,575,2.16
6736,5.82542,2271,8.52
6737,5.82221,2360,8.85
6738,5.81573,2077,7.79
6739,5.81281,2169,8.14
6740,5.81137,2240,8.41
6741,5.82085,2249,8.44
6742,5.82348,2441,9.16
6743,5.81952,2209,8.29
6744,5.82620,2084,7.82
6745,5.80327,2187,8.21
6746,5.81884,2246,8.43
6747,5.81786,1864,7.00
6748,5.82109,2368,8.88
6749,5.81906,2529,9.49
6750,5.82048,2656,9.97
6751,5.81983,2106,7.90
6752,5.81633,1878,7.05
6753,5.82160,1958,7.35
6754,5.81986,1975,7.41
6755,5.82036,2241,8.41
6756,5.81174,2240,8.40
6757,5.81411,2209,8.29
6758,5.81295,2415,9.06
6759,5.81574,2138,8.02
6760,5.82150,1757,6.59
6761,5.80944,104,0.39
6762,5.81211,119,0.45
6763,5.82317,263,0.99
6764,5.81822,262,0.98
6765,5.81677,519,1.95
6766,5.81730,721,2.71
6767,5.82043,577,2.17
6768,5.81863,360,1.35
6769,5.81585,1625,6.10
6770,5.81621,544,2.04
6771,5.81622,1939,7.28
6772,5.81892,1895,7.11
6773,5.82149,2067,7.75
6774,5.81553,2503,9.39
6775,5.81902,2205,8.27
6776,5.81828,2212,8.30
6777,5.82740,2135,8.01
6778,5.81489,2055,7.71
6779,5.80743,2595,9.74
6780,5.82753,2342,8.79
6781,5.80615,2256,8.46
6782,5.81975,1772,6.65
6783,5.81149,1709,6.41
6784,5.80750,2109,7.91
6785,5.82970,1933,7.25
6786,5.82781,370,1.39
6787,5.82371,2010,7.54
6788,5.81262,1013,3.80
6789,5.82021,2200,8.26
6790,5.81446,2185,8.20
6791,5.81665,2164,8.12
6792,5.81642,2152,8.07
6793,5.81199,1626,6.10
6794,5.82189,1433,5.37
6795,5.82008,1494,5.61
6796,5.80967,1295,4.86
6797,5.82012,1157,4.34
6798,5.81183,1164,4.37
6799,5.81448,1465,5.50
6800,5.81758,1525,5.72
6801,5.81746,124,0.47
6802,5.81519,2014,7.56
6803,5.81438,2247,8.43
6804,5.82697,2192,8.22
6805,5.81448,2062,7.73
6806,5.80782,1873,7.03
6807,5.82249,2313,8.68
6808,5.82049,2197,8.24
6809,5.81661,2078,7.80
6810,5.81421,2403,9.01
6811,5.81878,2627,9.86
6812,5.81729,2381,8.94
6813,5.81752,2187,8.21
6814,5.81614,2052,7.70
6815,5.82466,1064,3.99
6816,5.81458,2206,8.28
6817,5.81850,2284,8.57
6818,5.81790,1808,6.78
6819,5.81645,2161,8.11
6820,5.81515,1698,6.37
6821,5.81662,1524,5.72
6822,5.81744,1546,5.80
6823,5.82079,1387,5.20
6824,5.81353,1550,5.82
6825,5.81492,1562,5.86
6826,5.81544,1529,5.74
6827,5.81209,1259,4.72
6828,5.82038,1177,4.42
6829,5.82311,1556,5.84
6830,5.80835,1165,4.37
6831,5.81408,1772,6.65
6832,5.82551,1984,7.44
6833,5.81610,2357,8.85
6834,5.81535,2335,8.76
6835,5.80939,2604,9.77
6836,5.82173,2235,8.39
6837,5.81826,902,3.38
6838,5.80797,2553,9.58
6839,5.82571,2585,9.70
6840,5.81257,2623,9.84
6841,5.82166,2465,9.25
6842,5.82608,2650,9.94
6843,5.82133,2125,7.97
6844,5.81236,2258,8.47
6845,5.81410,2130,7.99
6846,5.81152,2635,9.89
6847,5.81322,2079,7.80
6848,5.82352,2096,7.87
6849,5.81454,1297,4.87
6850,5.80878,1049,3.94
6851,5.81471,2104,7.90
6852,5.80915,2356,8.84
6853,5.82457,2522,9.46
6854,5.81413,2163,8.12
6855,5.81347,1605,6.02
6856,5.81328,1421,5.33
6857,5.80678,1633,6.13
6858,5.80541,1659,6.23
6859,5.81561,1490,5.59
6860,5.80984,1574,5.91
6861,5.80991,1513,5.68
6862,5.80773,1507,5.65
6863,5.82751,1388,5.21
6864,5.81334,1331,4.99
6865,5.82134,1477,5.54
6866,5.82223,1303,4.89
6867,5.80315,1643,6.16
6868,5.82145,1974,7.41
6869,5.80878,2027,7.60
6870,5.81537,2406,9.03
6871,5.82108,1656,6.21
6872,5.82709,1395,5.23
6873,5.80723,2470,9.27
6874,5.81635,2379,8.93
6875,5.81090,2502,9.39
6876,5.82953,2119,7.95
6877,5.82007,2293,8.60
6878,5.81367,2155,8.09
6879,5.81945,2290,8.59
6880,5.81682,2465,9.25
6881,5.83308,2397,8.99
6882,5.80846,1012,3.80
6883,5.84575,2074,7.78
6884,5.80962,1611,6.04
6885,5.83526,2474,9.28
6886,5.81893,2312,8.68
6887,5.81907,2560,9.60
6888,5.81177,2255,8.46
6889,5.84855,2140,8.03
6890,5.81085,2158,8.10
6891,5.83548,1915,7.19
6892,5.80815,2100,7.88
6893,5.82385,2248,8.43
6894,5.82235,1052,3.95
6895,5.81964,2395,8.98
6896,5.81996,1995,7.49
6897,5.81557,2444,9.17
6898,5.82337,173,0.65
6899,5.81111,190,0.71
6900,5.82256,573,2.15
6901,5.81822,124,0.46
6902,5.81321,980,3.68
6903,5.82271,1685,6.32
6904,5.81564,1717,6.44
6905,5.82226,1221,4.58
6906,5.81183,2151,8.07
6907,5.81740,2047,7.68
6908,5.81067,2202,8.26
6909,5.82677,1927,7.23
6910,5.81727,2076,7.79
6911,5.82206,2133,8.00
6912,5.81003,1660,6.23
6913,5.80982,2121,7.96
6914,5.80799,2105,7.90
6915,5.80560,1697,6.37
6916,5.81801,1945,7.30
6917,5.81311,2133,8.00
6918,5.81110,1626,6.10
6919,5.80425,1842,6.91
6920,5.82018,1042,3.91
6921,5.82262,2269,8.51
6922,5.81873,2056,7.71
6923,5.80741,2107,7.91
6924,5.80898,2116,7.94
6925,5.80455,2035,7.64
6926,5.81854,2253,8.45
6927,5.81616,2184,8.19
6928,5.80616,2109,7.91
6929,5.81036,2172,8.15
6930,5.81390,2243,8.42
6931,5.82115,2154,8.08
6932,5.81423,2136,8.02
6933,5.80575,2188,8.21
6934,5.81691,2123,7.97
6935,5.81625,2108,7.91
6936,5.81055,1945,7.30
6937,5.82232,2094,7.86
6938,5.81299,2127,7.98
6939,5.81930,1443,5.41
6940,5.81258,2124,7.97
6941,5.80799,2209,8.29
6942,5.82881,1874,7.03
6943,5.79484,2154,8.08
6944,5.81291,2041,7.66
6945,5.81561,2100,7.88
6946,5.81397,2022,7.59
6947,5.80786,2114,7.93
6948,5.80833,1857,6.97
6949,5.80959,1993,7.48
6950,5.81389,2031,7.62
6951,5.81721,1955,7.33
6952,5.81338,2068,7.76
6953,5.81748,2105,7.90
6954,5.81240,2223,8.34
6955,5.82112,2075,7.78
6956,5.81113,2040,7.65
6957,5.81267,2010,7.54
6958,5.82270,2018,7.57
6959,5.81611,2090,7.84
6960,5.81190,1924,7.22
6961,5.81647,2020,7.58
6962,5.81723,1761,6.61
6963,5.87083,1221,4.58
6964,5.81544,1953,7.33
6965,5.85563,1901,7.13
6966,5.81515,2099,7.88
6967,5.82004,1888,7.08
6968,5.81195,1562,5.86
6969,5.82105,1915,7.18
6970,5.80717,1852,6.95
6971,5.81456,1672,6.27
6972,5.81912,1910,7.17
6973,5.81184,1779,6.68
6974,5.81311,1821,6.83
6975,5.81415,1581,5.93
6976,5.81258,1955,7.34
6977,5.81454,1966,7.38
6978,5.81564,2041,7.66
6979,5.81309,2087,7.83
6980,5.82271,1978,7.42
6981,5.81429,1977,7.42
6982,5.81326,2157,8.09
6983,5.81968,1183,4.44
6984,5.81133,1965,7.37
6985,5.81428,1468,5.51
6986,5.82510,2040,7.66
6987,5.81208,1929,7.24
6988,5.81123,2086,7.83
6989,5.82122,1621,6.08
6990,5.81264,1467,5.51
6991,5.81426,1514,5.68
6992,5.81411,1554,5.83
6993,5.82033,2018,7.57
6994,5.81996,1793,6.73
6995,5.80436,2157,8.09
6996,5.81901,1862,6.99
6997,5.81455,1742,6.54
6998,5.82001,1888,7.08
6999,5.81318,1705,6.40
7000,5.80217,2051,7.70
7001,5.81999,114,0.43
7002,5.81665,2071,7.77
7003,5.81002,1822,6.84
7004,5.80692,2017,7.57
7005,5.80979,1935,7.26
7006,5.81076,1910,7.17
7007,5.80729,2091,7.85
7008,5.80537,2010,7.54
7009,5.81023,2047,7.68
7010,5.81258,1898,7.12
7011,5.80793,1977,7.42
7012,5.82147,1914,7.18
7013,5.80975,2088,7.84
7014,5.80571,2082,7.81
7015,5.82345,2136,8.02
7016,5.82098,2068,7.76
7017,5.81343,1690,6.34
7018,5.79809,1504,5.64
7019,5.81354,1486,5.57
7020,5.81917,1738,6.52
7021,5.82344,2086,7.83
7022,5.82315,1803,6.76
7023,5.81722,2091,7.84
7024,5.81793,2030,7.62
7025,5.82311,2135,8.01
7026,5.81199,2384,8.94
7027,5.81407,2141,8.03
7028,5.81005,2175,8.16
7029,5.81134,2261,8.49
7030,5.81159,2230,8.37
7031,5.80900,2019,7.58
7032,5.80812,2075,7.78
7033,5.80933,2050,7.69
7034,5.81657,2149,8.06
7035,5.81446,2124,7.97
7036,5.81094,2116,7.94
7037,5.80301,2462,9.24
7038,5.81901,1979,7.42
7039,5.81405,2072,7.77
7040,5.80708,1744,6.55
7041,5.80546,1751,6.57
7042,5.80515,1646,6.18
7043,5.80885,1826,6.85
7044,5.81566,2113,7.93
7045,5.81698,2065,7.75
7046,5.81815,1919,7.20
7047,5.90729,2047,7.68
7048,5.81555,2125,7.97
7049,5.83661,2062,7.74
7050,5.81027,2124,7.97
7051,5.82063,2133,8.00
7052,5.82456,2067,7.76
7053,5.80301,1990,7.47
7054,5.81539,1945,7.30
7055,5.80940,1861,6.98
7056,5.83209,2127,7.98
7057,5.79721,2070,7.76
7058,5.82015,1941,7.28
7059,5.81109,2036,7.64
7060,5.81422,2032,7.63
7061,5.81753,2023,7.59
7062,5.80620,1787,6.70
7063,5.81971,1565,5.87
7064,5.81345,1915,7.19
7065,5.88387,1979,7.43
7066,5.81177,2125,7.97
7067,5.84281,2065,7.75
7068,5.81833,1932,7.25
7069,5.82987,2024,7.59
7070,5.80538,2099,7.88
7071,5.82653,1635,6.13
7072,5.80950,2109,7.91
7073,5.81947,2070,7.77
7074,5.81178,2164,8.12
7075,5.82112,2079,7.80
7076,5.80421,2071,7.77
7077,5.82124,2150,8.07
7078,5.81436,2135,8.01
7079,5.82626,2075,7.79
7080,5.80879,2031,7.62
7081,5.81775,2104,7.89
7082,5.87638,2105,7.90
7083,5.81331,2003,7.52
7084,5.83442,2133,8.00
7085,5.80981,2036,7.64
7086,5.80815,1947,7.30
7087,5.81876,1687,6.33
7088,5.82418,1906,7.15
7089,5.81467,2102,7.89
7090,5.82162,2117,7.94
7091,5.82105,1980,7.43
7092,5.82234,2126,7.98
7093,5.81919,2070,7.76
7094,5.81077,2037,7.64
7095,5.80761,2095,7.86
7096,5.81533,2096,7.86
7097,5.81367,2121,7.96
7098,5.81297,2043,7.66
7099,5.80477,2107,7.91
7100,5.81823,2075,7.79
7101,5.80717,114,0.43
7102,5.80929,1973,7.40
7103,5.82514,1767,6.63
7104,5.82060,2111,7.92
7105,5.82268,2065,7.75
7106,5.80875,2114,7.93
7107,5.81043,2064,7.74
7108,5.81205,2032,7.62
7109,5.81365,1978,7.42
7110,5.81283,1657,6.22
7111,5.88991,1975,7.41
7112,5.80820,2021,7.58
7113,5.83938,2095,7.86
7114,5.80912,1954,7.33
7115,5.83189,1746,6.55
7116,5.80706,1918,7.19
7117,5.82735,1953,7.33
7118,5.81397,2004,7.52
7119,5.82860,1644,6.17
7120,5.80191,1986,7.45
7121,5.81832,2032,7.62
7122,5.81837,1774,6.66
7123,5.82029,2043,7.67
7124,5.80463,1972,7.40
7125,5.82631,2142,8.04
7126,5.80554,2110,7.92
7127,5.82367,1739,6.52
7128,5.81454,1790,6.72
7129,5.81625,1868,7.01
7130,5.81901,1826,6.85
7131,5.81641,1866,7.00
7132,5.81840,227,0.85
7133,5.81409,361,1.36
7134,5.80870,1814,6.80
7135,5.80945,2295,8.61
7136,5.81905,2210,8.29
7137,5.82023,1932,7.25
7138,5.81337,558,2.10
7139,5.80769,1952,7.32
7140,5.80326,1603,6.02
7141,5.81901,1970,7.39
7142,5.81336,2326,8.73
7143,5.80125,2088,7.84
7144,5.81606,1862,6.99
7145,5.81227,1624,6.09
7146,5.80833,1599,6.00
7147,5.81767,1066,4.00
7148,5.80286,2068,7.76
7149,5.81665,1216,4.56
7150,5.81264,1753,6.58
7151,5.80474,1403,5.26
7152,5.81242,2172,8.15
7153,5.81946,765,2.87
7154,5.81730,1021,3.83
7155,5.81963,1632,6.12
7156,5.80145,1549,5.81
7157,5.80898,2139,8.03
7158,5.81406,1678,6.30
7159,5.81632,1649,6.19
7160,5.81733,1821,6.83
7161,5.82092,2133,8.00
7162,5.81785,1919,7.20
7163,5.80573,1322,4.96
7164,5.81357,1090,4.09
7165,5.81802,2010,7.54
7166,5.81768,1563,5.86
7167,5.81216,2062,7.74
7168,5.81800,2044,7.67
7169,5.81815,1333,5.00
7170,5.81473,2098,7.87
7171,5.80577,1236,4.64
7172,5.79868,270,1.01
7173,5.80542,278,1.04
7174,5.81445,1311,4.92
7175,5.81880,1516,5.69
7176,5.81723,1746,6.55
7177,5.81122,549,2.06
7178,5.82034,1959,7.35
7179,5.81889,1949,7.31
7180,5.81471,1763,6.62
7181,5.80181,2123,7.96
7182,5.81192,2244,8.42
7183,5.82125,1590,5.96
7184,5.81648,2091,7.85
7185,5.80545,1498,5.62
7186,5.81775,1738,6.52
7187,5.80846,1667,6.25
7188,5.81840,1179,4.42
7189,5.80638,959,3.60
7190,5.80504,1692,6.35
7191,5.81505,1587,5.95
7192,5.80979,1914,7.18
7193,5.81506,1787,6.71
7194,5.80755,1548,5.81
7195,5.80975,1870,7.02
7196,5.81467,1635,6.13
7197,5.81700,1092,4.10
7198,5.80653,2054,7.71
7199,5.81556,1234,4.63
7200,5.81187,1853,6.95
7201,5.82483,125,0.47
7202,5.80524,1164,4.37
7203,5.80947,2209,8.29
7204,5.81986,1266,4.75
7205,5.80997,1834,6.88
7206,5.80238,1284,4.82
7207,5.81755,1680,6.30
7208,5.80491,2207,8.28
7209,5.81441,1912,7.18
7210,5.80869,2270,8.52
7211,5.81068,1749,6.56
7212,5.81258,1237,4.64
7213,5.81429,974,3.66
7214,5.80299,1573,5.90
7215,5.80571,1899,7.13
7216,5.80302,922,3.46
7217,5.80225,1986,7.45
7218,5.81154,1908,7.16
7219,5.80655,939,3.52
7220,5.80653,1505,5.65
7221,5.81048,1792,6.72
7222,5.81321,2272,8.52
7223,5.79678,1608,6.03
7224,5.89398,2253,8.45
7225,5.80243,1700,6.38
7226,5.83097,2210,8.29
7227,5.80938,1338,5.02
7228,5.81624,1981,7.43
7229,5.80140,1205,4.52
7230,5.81953,1518,5.70
7231,5.80836,1964,7.37
7232,5.83561,2167,8.13
7233,5.80149,2272,8.52
7234,5.82100,2299,8.63
7235,5.80687,2019,7.58
7236,5.81856,2229,8.36
7237,5.80661,2292,8.60
7238,5.81745,1631,6.12
7239,5.81852,2229,8.37
7240,5.81163,2486,9.33
7241,5.81473,2522,9.46
7242,5.82258,1839,6.90
7243,5.82223,2198,8.25
7244,5.81062,2206,8.28
7245,5.82477,1977,7.42
7246,5.81102,1609,6.04
7247,5.80772,2239,8.40
7248,5.81446,2039,7.65
7249,5.81639,1593,5.98
7250,5.82401,2215,8.31
7251,5.80603,2421,9.08
7252,5.80441,1436,5.39
7253,5.81038,1769,6.64
7254,5.81408,2018,7.57
7255,5.81074,1514,5.68
7256,5.80306,1901,7.13
7257,5.80617,1932,7.25
7258,5.81829,1255,4.71
7259,5.80802,2338,8.77
7260,5.82005,2258,8.47
7261,5.80823,1612,6.05
7262,5.81802,2074,7.78
7263,5.81301,1181,4.43
7264,5.80742,1857,6.97
7265,5.80909,2347,8.80
7266,5.80887,2223,8.34
7267,5.80629,2030,7.62
7268,5.81127,2195,8.24
7269,5.81089,2190,8.22
7270,5.80315,1708,6.41
7271,5.80922,2221,8.33
7272,5.80931,2155,8.09
7273,5.81535,1796,6.74
7274,5.79961,1235,4.63
7275,5.81362,1896,7.11
7276,5.80764,888,3.33
7277,5.81008,1948,7.31
7278,5.81490,1268,4.76
7279,5.81779,1701,6.38
7280,5.80514,1883,7.06
7281,5.81138,2081,7.81
7282,5.81768,1262,4.73
7283,5.81664,1532,5.75
7284,5.81407,2147,8.05
7285,5.80949,1406,5.28
7286,5.81038,819,3.07
7287,5.80574,750,2.81
7288,5.80748,1064,3.99
7289,5.80780,480,1.80
7290,5.80631,1213,4.55
7291,5.81157,1967,7.38
7292,5.80930,1922,7.21
7293,5.81546,2176,8.17
7294,5.81993,2157,8.09
7295,5.80388,2058,7.72
7296,5.81803,2305,8.65
7297,5.80604,2017,7.57
7298,5.80805,2269,8.51
7299,5.82007,1799,6.75
7300,5.80918,1777,6.67
7301,5.81231,114,0.43
7302,5.81584,1860,6.98
7303,5.81587,1616,6.06
7304,5.80038,1769,6.64
7305,5.81196,1810,6.79
7306,5.80060,1963,7.36
7307,5.81774,1881,7.06
7308,5.81841,1938,7.27
7309,5.79914,1881,7.06
7310,5.82026,1924,7.22
7311,5.80265,1893,7.10
7312,5.80783,1926,7.23
7313,5.81712,1746,6.55
7314,5.80792,1866,7.00
7315,5.80374,1853,6.95
7316,5.80598,1825,6.85
7317,5.80255,1836,6.89
7318,5.80890,1906,7.15
7319,5.81482,1802,6.76
7320,5.80622,1777,6.67
7321,5.81283,1878,7.05
7322,5.80383,1945,7.30
7323,5.81048,1927,7.23
7324,5.80835,1959,7.35
7325,5.80143,1833,6.88
7326,5.81316,1942,7.29
7327,5.80887,1938,7.27
7328,5.81511,1932,7.25
7329,5.81668,1775,6.66
7330,5.80797,1744,6.54
7331,5.80755,1816,6.82
7332,5.81292,1758,6.60
7333,5.79719,1766,6.63
7334,5.80571,1958,7.35
7335,5.80741,1944,7.30
7336,5.81126,1733,6.50
7337,5.81494,1736,6.51
7338,5.81316,1768,6.63
7339,5.81040,1873,7.03
7340,5.80800,1966,7.37
7341,5.80949,1899,7.12
7342,5.81261,1822,6.84
7343,5.79900,1832,6.87
7344,5.81070,1939,7.28
7345,5.80541,1871,7.02
7346,5.81118,1883,7.07
7347,5.81324,1937,7.27
7348,5.80497,1951,7.32
7349,5.80313,1994,7.48
7350,5.81447,1088,4.08
7351,5.80613,1931,7.25
7352,5.80659,2010,7.54
7353,5.81468,1975,7.41
7354,5.79972,1927,7.23
7355,5.80754,1878,7.05
7356,5.81522,1965,7.37
7357,5.81155,1715,6.43
7358,5.81479,1872,7.02
7359,5.80047,1966,7.37
7360,5.81098,1986,7.45
7361,5.80708,1898,7.12
7362,5.80893,1915,7.19
7363,5.80623,2032,7.62
7364,5.80664,2034,7.63
7365,5.80746,1883,7.07
7366,5.80542,1900,7.13
7367,5.80585,1841,6.91
7368,5.80702,1865,7.00
7369,5.81511,1975,7.41
7370,5.81007,2006,7.53
7371,5.81777,1910,7.16
7372,5.80869,1796,6.74
7373,5.81000,1950,7.32
7374,5.81031,1788,6.71
7375,5.81791,1855,6.96
7376,5.80990,2004,7.52
7377,5.81068,1899,7.12
7378,5.80655,2016,7.56
7379,5.80805,2018,7.57
7380,5.80195,1868,7.01
7381,5.80476,2057,7.72
7382,5.80461,2042,7.66
7383,5.80772,1978,7.42
7384,5.81048,1714,6.43
7385,5.80975,1991,7.47
7386,5.80644,2036,7.64
7387,5.80853,1495,5.61
7388,5.80797,2004,7.52
7389,5.80749,1928,7.23
7390,5.81624,1846,6.93
7391,5.80532,2004,7.52
7392,5.80755,1860,6.98
7393,5.81097,1892,7.10
7394,5.80439,1985,7.45
7395,5.80965,2006,7.52
7396,5.81546,1846,6.93
7397,5.81048,2022,7.59
7398,5.80616,1534,5.76
7399,5.81812,1965,7.37
7400,5.81073,2055,7.71
7401,5.80472,114,0.43
7402,5.80941,1860,6.98
7403,5.80858,1807,6.78
7404,5.80990,1868,7.01
7405,5.80484,1733,6.50
7406,5.81002,1758,6.60
7407,5.80968,1902,7.14
7408,5.80849,2013,7.55
7409,5.80827,2091,7.84
7410,5.80213,2019,7.58
7411,5.79791,2083,7.82
7412,5.80445,2101,7.88
7413,5.81273,2120,7.95
7414,5.80023,2145,8.05
7415,5.80271,2120,7.95
7416,5.81095,2080,7.80
7417,5.80599,2064,7.74
7418,5.81463,2151,8.07
7419,5.83618,2132,8.00
7420,5.79900,2001,7.51
7421,5.86198,1853,6.95
7422,5.79790,1680,6.30
7423,5.83703,1789,6.71
7424,5.81102,2185,8.20
7425,5.82140,1849,6.94
7426,5.81255,2049,7.69
7427,5.80275,1994,7.48
7428,5.81121,2152,8.07
7429,5.79784,1992,7.47
7430,5.82020,2120,7.96
7431,5.81396,2148,8.06
7432,5.81215,2128,7.99
7433,5.82207,2155,8.09
7434,5.80540,2188,8.21
7435,5.81526,1829,6.86
7436,5.80234,2060,7.73
7437,5.81365,2014,7.56
7438,5.80680,1667,6.26
7439,5.80738,1927,7.23
7440,5.80976,1947,7.31
7441,5.80583,1739,6.52
7442,5.80788,2043,7.67
7443,5.81436,2073,7.78
7444,5.80722,2057,7.72
7445,5.80403,2176,8.16
7446,5.82109,2147,8.06
7447,5.79983,2135,8.01
7448,5.80097,1884,7.07
7449,5.80797,2148,8.06
7450,5.81301,2131,8.00
7451,5.80838,2149,8.06
7452,5.80405,2152,8.07
7453,5.80955,1996,7.49
7454,5.80283,1917,7.19
7455,5.81449,2105,7.90
7456,5.80811,2006,7.53
7457,5.80606,2210,8.29
7458,5.80564,2122,7.96
7459,5.79923,2166,8.13
7460,5.80295,1505,5.65
7461,5.81102,2136,8.02
7462,5.81661,2255,8.46
7463,5.80191,2157,8.09
7464,5.80686,2307,8.66
7465,5.80794,2260,8.48
7466,5.80456,2239,8.40
7467,5.80890,2193,8.23
7468,5.79894,2265,8.50
7469,5.81106,2220,8.33
7470,5.80281,1329,4.99
7471,5.80800,2326,8.73
7472,5.80317,2300,8.63
7473,5.80903,2265,8.50
7474,5.81279,2169,8.14
7475,5.80170,2167,8.13
7476,5.80269,2069,7.76
7477,5.80508,2151,8.07
7478,5.79604,2091,7.84
7479,5.81338,2253,8.45
7480,5.81021,2141,8.03
7481,5.81357,2091,7.85
7482,5.81812,2157,8.09
7483,5.80008,2270,8.52
7484,5.80269,2336,8.77
7485,5.80067,2404,9.02
7486,5.80950,2362,8.86
7487,5.80821,2318,8.70
7488,5.81207,2075,7.78
7489,5.81008,2316,8.69
7490,5.80662,2281,8.56
7491,5.81025,2426,9.10
7492,5.79486,2374,8.91
7493,5.81358,2339,8.78
7494,5.80444,2364,8.87
7495,5.80913,2499,9.38
7496,5.81045,2420,9.08
7497,5.80524,2389,8.96
7498,5.81303,2196,8.24
7499,5.79727,2199,8.25
7500,5.81491,2321,8.71
7501,5.80337,125,0.47
7502,5.80736,2247,8.43
7503,5.80714,2345,8.80
7504,5.80811,2050,7.69
7505,5.80748,2412,9.05
7506,5.81037,2277,8.54
7507,5.79632,2676,10.04
7508,5.80483,2613,9.81
7509,5.80995,2611,9.80
7510,5.80228,2317,8.69
7511,5.81386,2396,8.99
7512,5.80710,2294,8.61
7513,5.80617,2154,8.08
7514,5.79946,2521,9.46
7515,5.80423,2645,9.92
7516,5.80615,2693,10.11
7517,5.80180,2498,9.37
7518,5.81426,2603,9.77
7519,5.81249,2641,9.91
7520,5.81155,2617,9.82
7521,5.81672,2429,9.11
7522,5.81405,2602,9.76
7523,5.79840,2527,9.48
7524,5.80659,2599,9.75
7525,5.79532,2586,9.70
7526,5.80153,2702,10.14
7527,5.80851,2458,9.22
7528,5.82198,2571,9.65
7529,5.80018,2543,9.54
7530,5.80759,2521,9.46
7531,5.79965,2679,10.05
7532,5.80638,2548,9.56
7533,5.79312,2710,10.17
7534,5.81048,2663,9.99
7535,5.80161,2303,8.64
7536,5.80336,2164,8.12
7537,5.81058,2724,10.22
7538,5.80383,2637,9.89
7539,5.80179,2305,8.65
7540,5.79778,2351,8.82
7541,5.79947,2227,8.36
7542,5.81725,1795,6.73
7543,5.80165,2468,9.26
7544,5.80628,2639,9.90
7545,5.80266,2670,10.02
7546,5.81106,2714,10.18
7547,5.80394,2713,10.18
7548,5.81058,2695,10.11
7549,5.80524,2710,10.17
7550,5.81461,2623,9.84
7551,5.79878,2663,9.99
7552,5.80697,2657,9.97
7553,5.80508,2628,9.86
7554,5.80473,2700,10.13
7555,5.81655,2687,10.08
7556,5.79671,2637,9.89
7557,5.80347,2501,9.38
7558,5.80211,2596,9.74
7559,5.80538,2745,10.30
7560,5.81203,2624,9.84
7561,5.80781,2717,10.19
7562,5.79443,2588,9.71
7563,5.80396,2585,9.70
7564,5.81267,2727,10.23
7565,5.80179,2652,9.95
7566,5.80734,2600,9.76
7567,5.80862,2173,8.15
7568,5.81220,2615,9.81
7569,5.81142,2287,8.58
7570,5.79972,2519,9.45
7571,5.80234,2208,8.28
7572,5.80602,2600,9.75
7573,5.80609,2665,10.00
7574,5.80742,2766,10.38
7575,5.80474,2457,9.22
7576,5.79910,2616,9.81
7577,5.80692,2557,9.59
7578,5.80512,2744,10.29
7579,5.80088,2685,10.07
7580,5.80779,2679,10.05
7581,5.80704,2693,10.11
7582,5.80444,2711,10.17
7583,5.81183,2625,9.85
7584,5.79707,2426,9.10
7585,5.80612,2581,9.69
7586,5.80874,2090,7.84
7587,5.80453,1819,6.82
7588,5.80871,1716,6.44
7589,5.80838,2323,8.72
7590,5.80372,2554,9.58
7591,5.80517,2557,9.59
7592,5.80805,2474,9.28
7593,5.80124,2543,9.54
7594,5.81002,2526,9.48
7595,5.79501,2479,9.30
7596,5.80163,2465,9.25
7597,5.80934,2354,8.83
7598,5.80174,2177,8.17
7599,5.80838,2268,8.51
7600,5.81788,2392,8.98
7601,5.80684,127,0.48
7602,5.81015,2110,7.92
7603,5.79788,2084,7.82
7604,5.80814,2081,7.81
7605,5.81441,2148,8.06
7606,5.80338,2425,9.10
7607,5.80461,2288,8.58
7608,5.80222,2233,8.38
7609,5.81072,2161,8.11
7610,5.80478,2517,9.45
7611,5.80678,2513,9.43
7612,5.80339,2213,8.30
7613,5.80209,2129,7.99
7614,5.80533,1990,7.47
7615,5.80071,2111,7.92
7616,5.80481,2324,8.72
7617,5.81296,2347,8.81
7618,5.80045,2182,8.19
7619,5.80528,2143,8.04
7620,5.79377,2320,8.70
7621,5.80939,1925,7.22
7622,5.79739,2211,8.30
7623,5.80054,2323,8.71
7624,5.81045,2335,8.76
7625,5.80348,2335,8.76
7626,5.80757,2408,9.03
7627,5.81147,2293,8.60
7628,5.80825,2336,8.76
7629,5.81366,2631,9.87
7630,5.81050,2612,9.80
7631,5.79827,2645,9.92
7632,5.80391,2360,8.86
7633,5.81417,2276,8.54
7634,5.80423,2542,9.54
7635,5.80477,2550,9.57
7636,5.80782,2369,8.89
7637,5.79483,2588,9.71
7638,5.80071,2432,9.12
7639,5.81323,2580,9.68
7640,5.80758,2599,9.75
7641,5.80276,2539,9.53
7642,5.80236,2610,9.79
7643,5.81339,2669,10.01
7644,5.81254,2108,7.91
7645,5.80570,2618,9.82
7646,5.80907,2317,8.69
7647,5.80855,2646,9.93
7648,5.80519,2613,9.81
7649,5.80088,2614,9.81
7650,5.80451,2670,10.02
7651,5.79915,2627,9.85
7652,5.81083,2438,9.15
7653,5.83183,2266,8.50
7654,5.79250,2343,8.79
7655,5.86614,2296,8.61
7656,5.80343,2549,9.56
7657,5.82885,2233,8.38
7658,5.81029,2093,7.85
7659,5.80470,1771,6.65
7660,5.80038,2170,8.14
7661,5.80757,2347,8.81
7662,5.80809,2318,8.70
7663,5.80583,2327,8.73
7664,5.81986,2411,9.05
7665,5.80546,2621,9.83
7666,5.80948,2520,9.46
7667,5.80857,2572,9.65
7668,5.81008,2343,8.79
7669,5.80657,2353,8.83
7670,5.80239,2168,8.13
7671,5.81121,2498,9.37
7672,5.80686,2328,8.74
7673,5.80597,2146,8.05
7674,5.80564,2558,9.60
7675,5.80491,2105,7.90
7676,5.79892,2294,8.61
7677,5.81012,2571,9.65
7678,5.80174,2130,7.99
7679,5.80036,2273,8.53
7680,5.80114,2242,8.41
7681,5.81185,2522,9.46
7682,5.81302,2562,9.61
7683,5.79805,2583,9.69
7684,5.81216,2521,9.46
7685,5.80383,2670,10.02
7686,5.80462,2166,8.13
7687,5.79575,2563,9.62
7688,5.81114,2095,7.86
7689,5.81039,2426,9.10
7690,5.80147,2576,9.66
7691,5.80936,2625,9.85
7692,5.79639,2685,10.07
7693,5.80706,2603,9.77
7694,5.80203,2174,8.16
7695,5.79992,2277,8.54
7696,5.81198,2004,7.52
7697,5.80489,2318,8.70
7698,5.79829,2562,9.61
7699,5.80924,2609,9.79
7700,5.81063,2706,10.15
7701,5.80480,126,0.47
7702,5.80062,2508,9.41
7703,5.80511,2251,8.45
7704,5.79856,2361,8.86
7705,5.81219,2179,8.18
7706,5.80109,2388,8.96
7707,5.82714,2237,8.39
7708,5.79680,2121,7.96
7709,5.85380,2446,9.18
7710,5.80526,2558,9.60
7711,5.83338,2590,9.72
7712,5.79355,2338,8.77
7713,5.81882,2501,9.39
7714,5.78750,2612,9.80
7715,5.82521,2485,9.33
7716,5.81027,2216,8.31
7717,5.80431,2515,9.44
7718,5.80432,2306,8.65
7719,5.80562,2153,8.08
7720,5.80889,2497,9.37
7721,5.80258,2533,9.50
7722,5.80675,2309,8.66
7723,5.81550,2615,9.81
7724,5.80464,2624,9.84
7725,5.80691,2529,9.49
7726,5.80453,2549,9.56
7727,5.79256,2256,8.47
7728,5.80705,2478,9.30
7729,5.80588,2260,8.48
7730,5.80305,2451,9.20
7731,5.80738,2306,8.65
7732,5.80795,2447,9.18
7733,5.80383,2322,8.71
7734,5.80429,2222,8.34
7735,5.80672,2537,9.52
7736,5.81088,2619,9.83
7737,5.79851,2628,9.86
7738,5.80357,2639,9.90
7739,5.80750,2582,9.69
7740,5.80952,2555,9.59
7741,5.80377,2688,10.09
7742,5.79838,2218,8.32
7743,5.80028,2734,10.26
7744,5.80294,2628,9.86
7745,5.79960,2771,10.40
7746,5.79817,2690,10.09
7747,5.79590,2749,10.31
7748,5.79955,2721,10.21
7749,5.79688,2184,8.19
7750,5.80412,2715,10.19
7751,5.80044,2648,9.94
7752,5.80281,2683,10.07
7753,5.80844,2608,9.79
7754,5.79892,2649,9.94
7755,5.80604,2686,10.08
7756,5.80131,2721,10.21
7757,5.80300,2659,9.98
7758,5.79912,2761,10.36
7759,5.80211,2710,10.17
7760,5.80517,2659,9.98
7761,5.80690,2262,8.49
7762,5.79865,2624,9.84
7763,5.80440,2648,9.94
7764,5.87827,2383,8.94
7765,5.79242,2623,9.84
7766,5.84116,2729,10.24
7767,5.82314,2779,10.43
7768,5.79912,2708,10.16
7769,5.82734,2145,8.05
7770,5.79365,2643,9.92
7771,5.82735,2240,8.41
7772,5.79976,2369,8.89
7773,5.81074,2157,8.09
7774,5.79757,2389,8.96
7775,5.80238,2106,7.90
7776,5.80800,2547,9.56
7777,5.80808,2581,9.68
7778,5.81904,2194,8.23
7779,5.80212,2569,9.64
7780,5.80060,2461,9.23
7781,5.80819,2359,8.85
7782,5.80751,2574,9.66
7783,5.80511,2529,9.49
7784,5.80420,2640,9.91
7785,5.80469,2530,9.49
7786,5.80455,2486,9.33
7787,5.80020,2524,9.47
7788,5.80491,2645,9.92
7789,5.79813,2193,8.23
7790,5.81084,2421,9.08
7791,5.79532,2500,9.38
7792,5.80052,2528,9.48
7793,5.80191,1728,6.48
7794,5.80824,2165,8.12
7795,5.80752,2266,8.50
7796,5.80289,2347,8.81
7797,5.79743,2414,9.06
7798,5.79766,2303,8.64
7799,5.80652,2383,8.94
7800,5.79935,2410,9.04
7801,5.79010,128,0.48
7802,5.80554,2534,9.51
7803,5.80737,2226,8.35
7804,5.79475,2467,9.26
7805,5.80701,2369,8.89
7806,5.80525,2422,9.09
7807,5.79620,2244,8.42
7808,5.80793,2247,8.43
7809,5.80233,2435,9.14
7810,5.79700,2418,9.07
7811,5.79862,2402,9.01
7812,5.80105,2507,9.40
7813,5.80022,2164,8.12
7814,5.80716,2285,8.57
7815,5.80836,2431,9.12
7816,5.79709,2408,9.04
7817,5.81253,2389,8.96
7818,5.80814,2542,9.54
7819,5.80769,2490,9.34
7820,5.79814,2695,10.11
7821,5.80464,2651,9.95
7822,5.80361,2626,9.85
7823,5.80640,2662,9.99
7824,5.79828,2649,9.94
7825,5.80318,2585,9.70
7826,5.79845,2647,9.93
7827,5.79127,2084,7.82
7828,5.81285,2334,8.76
7829,5.80143,2335,8.76
7830,5.80075,2619,9.83
7831,5.80502,2342,8.79
7832,5.79490,2742,10.29
7833,5.80112,2580,9.68
7834,5.79465,2755,10.34
7835,5.80218,2618,9.82
7836,5.80231,2521,9.46
7837,5.80656,2610,9.79
7838,5.80518,2763,10.37
7839,5.80836,2586,9.70
7840,5.80414,2733,10.25
7841,5.80865,2573,9.66
7842,5.79769,2281,8.56
7843,5.80254,408,1.53
7844,5.81034,856,3.21
7845,5.80196,862,3.23
7846,5.80173,913,3.43
7847,5.80210,1901,7.13
7848,5.81224,2022,7.59
7849,5.80689,2335,8.76
7850,5.79517,2287,8.58
7851,5.84580,632,2.37
7852,5.79309,1932,7.25
7853,5.83756,2193,8.23
7854,5.80320,2502,9.39
7855,5.80710,2120,7.95
7856,5.81051,2520,9.45
7857,5.81043,2380,8.93
7858,5.79968,2579,9.68
7859,5.80465,2641,9.91
7860,5.80309,2580,9.68
7861,5.79955,2435,9.13
7862,5.80559,2428,9.11
7863,5.80664,2602,9.76
7864,5.79580,2415,9.06
7865,5.80491,2594,9.73
7866,5.80185,2415,9.06
7867,5.80782,2263,8.49
7868,5.80023,2288,8.59
7869,5.79916,1623,6.09
7870,5.80387,1886,7.08
7871,5.86007,2163,8.11
7872,5.79852,2296,8.61
7873,5.85689,2451,9.20
7874,5.82040,2330,8.74
7875,5.80715,2394,8.98
7876,5.82787,2291,8.60
7877,5.80085,1902,7.14
7878,5.82443,2214,8.31
7879,5.80383,2309,8.66
7880,5.81068,2040,7.66
7881,5.80888,2333,8.75
7882,5.79123,2331,8.75
7883,5.81171,2476,9.29
7884,5.79531,2104,7.89
7885,5.80361,2116,7.94
7886,5.80552,2176,8.16
7887,5.80500,2169,8.14
7888,5.81095,2419,9.08
7889,5.80532,2449,9.19
7890,5.79621,2330,8.74
7891,5.79870,2272,8.52
7892,5.80108,1972,7.40
7893,5.80297,1835,6.88
7894,5.81260,2081,7.81
7895,5.79997,2244,8.42
7896,5.80132,2163,8.12
7897,5.81005,2110,7.92
7898,5.80663,1930,7.24
7899,5.81500,2103,7.89
7900,5.80187,1956,7.34
7901,5.80549,124,0.46
7902,5.80654,1833,6.88
7903,5.80498,1945,7.30
7904,5.79626,2034,7.63
7905,5.80239,1622,6.09
7906,5.80631,2034,7.63
7907,5.80082,1971,7.40
7908,5.80106,2293,8.60
7909,5.79995,2055,7.71
7910,5.80305,1811,6.79
7911,5.80591,1686,6.33
7912,5.87084,1712,6.42
7913,5.80576,449,1.68
7914,5.83181,641,2.40
7915,5.80233,648,2.43
7916,5.80050,1075,4.03
7917,5.80221,2087,7.83
7918,5.79603,2244,8.42
7919,5.80605,2176,8.17
7920,5.79913,2119,7.95
7921,5.81794,538,2.02
7922,5.80250,1079,4.05
7923,5.80497,1924,7.22
7924,5.79545,2153,8.08
7925,5.80731,1859,6.97
7926,5.80069,2160,8.10
7927,5.79280,2056,7.71
7928,5.80339,2113,7.93
7929,5.82419,1857,6.97
7930,5.79329,1989,7.46
7931,5.83715,1266,4.75
7932,5.80512,1170,4.39
7933,5.82707,1714,6.43
7934,5.80004,1554,5.83
7935,5.85438,1539,5.77
7936,5.81969,1791,6.72
7937,5.81345,2049,7.69
7938,5.81400,2183,8.19
7939,5.79615,1894,7.11
7940,5.81544,2100,7.88
7941,5.80951,1735,6.51
7942,5.80949,2216,8.32
7943,5.80610,2303,8.64
7944,5.81027,1779,6.67
7945,5.79593,1877,7.04
7946,5.79968,1736,6.51
7947,5.80627,2124,7.97
7948,5.80769,1844,6.92
7949,5.79799,1998,7.50
7950,5.80518,2097,7.87
7951,5.79843,1825,6.85
7952,5.81660,1614,6.06
7953,5.80481,1721,6.46
7954,5.80582,1927,7.23
7955,5.80382,1641,6.16
7956,5.81204,1495,5.61
7957,5.79724,1422,5.34
7958,5.81132,1838,6.90
7959,5.80738,1972,7.40
7960,5.80383,1997,7.49
7961,5.79792,1836,6.89
7962,5.79906,2029,7.61
7963,5.79120,2288,8.58
7964,5.81289,2249,8.44
7965,5.80712,2152,8.07
7966,5.80190,2075,7.79
7967,5.80379,2416,9.06
7968,5.81355,2539,9.53
7969,5.80230,2476,9.29
7970,5.81463,2397,8.99
7971,5.81141,2441,9.16
7972,5.80942,1998,7.50
7973,5.80738,2261,8.48
7974,5.79828,1914,7.18
7975,5.79087,2171,8.15
7976,5.80859,2030,7.62
7977,5.80340,1631,6.12
7978,5.79957,1534,5.76
7979,5.80553,1735,6.51
7980,5.80763,1840,6.90
7981,5.80457,1910,7.17
7982,5.80930,2118,7.95
7983,5.79830,2048,7.69
7984,5.79843,1981,7.43
7985,5.80089,2197,8.24
7986,5.80789,2086,7.83
7987,5.79955,1746,6.55
7988,5.79511,1860,6.98
7989,5.79804,555,2.08
7990,5.80501,721,2.71
7991,5.79779,1308,4.91
7992,5.80038,1751,6.57
7993,5.79785,2138,8.02
7994,5.80759,2135,8.01
7995,5.79823,2144,8.04
7996,5.80750,1222,4.58
7997,5.80620,1500,5.63
7998,5.81189,1127,4.23
7999,5.80294,1900,7.13
8000,5.79997,2030,7.62
8001,5.80310,115,0.43
8002,5.80018,645,2.42
8003,5.80308,1251,4.69
8004,5.80875,2021,7.58
8005,5.79569,2166,8.13
8006,5.80455,2238,8.40
8007,5.80026,2236,8.39
8008,5.80763,2177,8.17
8009,5.79436,2183,8.19
8010,5.79220,2114,7.93
8011,5.80385,1721,6.46
8012,5.79786,1899,7.12
8013,5.80494,2439,9.15
8014,5.80008,2521,9.46
8015,5.80015,2357,8.84
8016,5.81215,2233,8.38
8017,5.80694,2625,9.85
8018,5.79782,2470,9.27
8019,5.80198,2050,7.69
8020,5.80253,2566,9.63
8021,5.80126,2448,9.18
8022,5.80048,1725,6.47
8023,5.79055,1675,6.29
8024,5.80052,1722,6.46
8025,5.79851,1806,6.78
8026,5.80139,1763,6.61
8027,5.80242,2045,7.67
8028,5.79580,2036,7.64
8029,5.79981,2487,9.33
8030,5.79346,2524,9.47
8031,5.80469,2203,8.27
8032,5.79663,2031,7.62
8033,5.79935,2327,8.73
8034,5.80172,1981,7.43
8035,5.80958,2305,8.65
8036,5.79750,1605,6.02
8037,5.79776,1535,5.76
8038,5.79548,2020,7.58
8039,5.79549,1999,7.50
8040,5.80063,2221,8.33
8041,5.79547,1737,6.52
8042,5.79824,1754,6.58
8043,5.80131,2043,7.66
8044,5.79728,1701,6.38
8045,5.79997,1488,5.58
8046,5.78861,1663,6.24
8047,5.79770,1316,4.94
8048,5.79818,513,1.92
8049,5.81245,1151,4.32
8050,5.80392,28,0.11
8051,5.80002,2230,8.37
8052,5.80573,1964,7.37
8053,5.81197,2518,9.45
8054,5.80839,2113,7.93
8055,5.80544,2524,9.47
8056,5.81127,2253,8.45
8057,5.81382,2540,9.53
8058,5.80238,2301,8.63
8059,5.81153,2604,9.77
8060,5.79544,2710,10.17
8061,5.81852,2651,9.95
8062,5.79899,2077,7.79
8063,5.81872,1841,6.91
8064,5.79551,1637,6.14
8065,5.81627,1648,6.18
8066,5.79728,1719,6.45
8067,5.80730,1757,6.59
8068,5.80669,2501,9.38
8069,5.79791,2436,9.14
8070,5.79456,2524,9.47
8071,5.79493,2504,9.39
8072,5.80267,2448,9.18
8073,5.79822,2552,9.58
8074,5.81434,2538,9.52
8075,5.85789,1935,7.26
8076,5.79391,2012,7.55
8077,5.83584,1926,7.23
8078,5.80101,2067,7.76
8079,5.81569,2423,9.09
8080,5.80204,2137,8.02
8081,5.81784,2487,9.33
8082,5.80617,2558,9.60
8083,5.82119,2648,9.94
8084,5.79879,2336,8.76
8085,5.81633,2226,8.35
8086,5.79258,2386,8.95
8087,5.81960,1819,6.82
8088,5.79209,1507,5.66
8089,5.81216,2100,7.88
8090,5.79777,1911,7.17
8091,5.80118,1919,7.20
8092,5.79167,2232,8.38
8093,5.80389,2108,7.91
8094,5.79950,2314,8.68
8095,5.80251,2456,9.21
8096,5.80826,2422,9.09
8097,5.80301,2479,9.30
8098,5.79832,2420,9.08
8099,5.80041,2499,9.38
8100,5.79926,2552,9.58
8101,5.78913,128,0.48
8102,5.80072,2257,8.47
8103,5.79474,2022,7.59
8104,5.79946,2049,7.69
8105,5.79749,2317,8.70
8106,5.79566,2523,9.47
8107,5.80496,2357,8.84
8108,5.80148,2541,9.53
8109,5.79952,2617,9.82
8110,5.79505,2431,9.12
8111,5.80658,2269,8.51
8112,5.80076,2328,8.73
8113,5.79807,2321,8.71
8114,5.79664,2071,7.77
8115,5.79520,2308,8.66
8116,5.79597,2300,8.63
8117,5.80432,2491,9.35
8118,5.79665,2571,9.65
8119,5.79792,2680,10.05
8120,5.80319,2617,9.82
8121,5.80020,2560,9.60
8122,5.80024,2206,8.28
8123,5.80286,2470,9.27
8124,5.80144,2330,8.74
8125,5.79776,2396,8.99
8126,5.80279,2531,9.49
8127,5.80050,2473,9.28
8128,5.80789,2726,10.23
8129,5.79998,2685,10.08
8130,5.79273,2680,10.05
8131,5.79754,2620,9.83
8132,5.80231,2636,9.89
8133,5.79837,2642,9.91
8134,5.80211,2019,7.57
8135,5.79961,2140,8.03
8136,5.80347,2594,9.73
8137,5.80835,2591,9.72
8138,5.79236,2620,9.83
8139,5.79698,2655,9.96
8140,5.80073,2603,9.77
8141,5.80573,2721,10.21
8142,5.79311,2644,9.92
8143,5.80020,2521,9.46
8144,5.80090,2676,10.04
8145,5.80683,2706,10.15
8146,5.79558,2678,10.05
8147,5.80788,2627,9.86
8148,5.80555,2635,9.89
8149,5.80268,2635,9.89
8150,5.80255,2749,10.31
8151,5.79773,2458,9.22
8152,5.79487,2189,8.21
8153,5.80419,2421,9.08
8154,5.79679,2459,9.23
8155,5.79011,2587,9.71
8156,5.81144,2448,9.19
8157,5.78995,2742,10.29
8158,5.79950,2498,9.37
8159,5.79669,1946,7.30
8160,5.80664,2229,8.36
8161,5.80020,1010,3.79
8162,5.80070,2616,9.81
8163,5.80693,2639,9.90
8164,5.79330,2753,10.33
8165,5.80309,890,3.34
8166,5.79363,2645,9.93
8167,5.80559,2123,7.97
8168,5.80736,2664,9.99
8169,5.79328,2707,10.16
8170,5.80414,2725,10.23
8171,5.79734,2259,8.47
8172,5.80539,2614,9.81
8173,5.79822,2605,9.77
8174,5.80260,2575,9.66
8175,5.80676,2699,10.13
8176,5.79981,2478,9.30
8177,5.79365,2641,9.91
8178,5.79854,2440,9.16
8179,5.79843,2624,9.84
8180,5.80623,2161,8.11
8181,5.79759,2237,8.39
8182,5.79865,2399,9.00
8183,5.79601,2680,10.05
8184,5.79432,2584,9.69
8185,5.80553,2616,9.81
8186,5.79457,2701,10.14
8187,5.79015,2574,9.66
8188,5.80069,2640,9.90
8189,5.80012,2715,10.19
8190,5.79762,2664,9.99
8191,5.79405,2701,10.13
8192,5.78200,2343,8.79
8193,5.80235,2638,9.90
8194,5.79969,2636,9.89
8195,5.80493,2685,10.07
8196,5.79303,2707,10.16
8197,5.79894,2695,10.11
8198,5.80218,2280,8.55
8199,5.79609,2729,10.24
8200,5.79774,2654,9.96
8201,5.80333,126,0.47
8202,5.79431,2515,9.44
8203,5.80379,2635,9.89
8204,5.79976,2389,8.97
8205,5.79516,2640,9.90
8206,5.79467,2657,9.97
8207,5.79246,2644,9.92
8208,5.79845,2607,9.78
8209,5.79657,2632,9.88
8210,5.79746,2614,9.81
8211,5.79132,2657,9.97
8212,5.79974,2645,9.92
8213,5.79507,2640,9.91
8214,5.80275,2646,9.93
8215,5.79619,2712,10.17
8216,5.79440,2694,10.11
8217,5.80310,2585,9.70
8218,5.79271,2408,9.04
8219,5.79326,2278,8.55
8220,5.80171,2326,8.73
8221,5.79382,2446,9.18
8222,5.79956,2671,10.02
8223,5.79823,2781,10.43
8224,5.80063,2563,9.62
8225,5.80581,2751,10.32
8226,5.79100,2686,10.08
8227,5.79969,2732,10.25
8228,5.79759,2700,10.13
8229,5.79087,2419,9.08
8230,5.80127,2626,9.85
8231,5.79662,2698,10.12
8232,5.80760,2633,9.88
8233,5.79984,2770,10.39
8234,5.79900,2748,10.31
8235,5.80541,2681,10.06
8236,5.80021,2773,10.40
8237,5.80270,2669,10.01
8238,5.79265,2647,9.93
8239,5.79498,2758,10.35
8240,5.80682,2657,9.97
8241,5.81068,2594,9.73
8242,5.84747,2642,9.91
8243,5.79776,2503,9.39
8244,5.83497,2689,10.09
8245,5.79227,2133,8.00
8246,5.81294,2560,9.60
8247,5.79495,2665,10.00
8248,5.81459,2555,9.59
8249,5.79842,2343,8.79
8250,5.80224,2440,9.15
8251,5.83184,2471,9.27
8252,5.79443,2500,9.38
8253,5.80919,2589,9.71
8254,5.82780,2694,10.11
8255,5.78732,2567,9.63
8256,5.81124,2705,10.15
8257,5.82735,2606,9.78
8258,5.80447,2727,10.23
8259,5.80298,2641,9.91
8260,5.83196,2711,10.17
8261,5.81219,2677,10.04
8262,5.80177,2600,9.75
8263,5.82562,1777,6.67
8264,5.80400,2517,9.44
8265,5.79920,2630,9.87
8266,5.80527,2589,9.72
8267,5.80787,2644,9.92
8268,5.79647,2730,10.24
8269,5.79913,2152,8.07
8270,5.81609,2618,9.82
8271,5.80504,2630,9.87
8272,5.80599,2665,10.00
8273,5.79493,2661,9.99
8274,5.80533,2564,9.62
8275,5.80293,2732,10.25
8276,5.80615,2791,10.47
8277,5.81090,2571,9.65
8278,5.79915,2275,8.53
8279,5.79929,2345,8.80
8280,5.80613,2545,9.55
8281,5.79583,2744,10.29
8282,5.81231,2536,9.52
8283,5.80027,2678,10.05
8284,5.79626,2666,10.00
8285,5.80523,2615,9.81
8286,5.79949,2754,10.33
8287,5.79270,2470,9.27
8288,5.79928,2538,9.52
8289,5.79366,2648,9.94
8290,5.79893,2710,10.17
8291,5.79410,2684,10.07
8292,5.79422,2676,10.04
8293,5.80623,2693,10.10
8294,5.79520,2688,10.09
8295,5.78897,2610,9.79
8296,5.79865,2670,10.02
8297,5.79666,2623,9.84
8298,5.78905,2770,10.39
8299,5.80237,2212,8.30
8300,5.79670,2776,10.42
8301,5.79708,130,0.49
8302,5.79860,2591,9.72
8303,5.79536,2581,9.69
8304,5.79414,2570,9.64
8305,5.80066,2652,9.95
8306,5.80189,2605,9.77
8307,5.79419,2712,10.18
8308,5.80756,2596,9.74
8309,5.79232,2696,10.12
8310,5.80228,2614,9.81
8311,5.79876,2639,9.90
8312,5.79850,2702,10.14
8313,5.79264,2657,9.97
8314,5.79934,2535,9.51
8315,5.80094,2461,9.23
8316,5.79552,2796,10.49
8317,5.79198,2747,10.31
8318,5.79517,2531,9.50
8319,5.79078,2667,10.01
8320,5.79434,2243,8.42
8321,5.79970,2242,8.41
8322,5.80085,2659,9.98
8323,5.80140,2579,9.68
8324,5.80338,2696,10.12
8325,5.79934,2560,9.61
8326,5.79551,2300,8.63
8327,5.79830,2653,9.95
8328,5.79534,2677,10.04
8329,5.79720,2735,10.26
8330,5.78800,2649,9.94
8331,5.80155,2623,9.84
8332,5.79124,2679,10.05
8333,5.79768,2621,9.83
8334,5.79252,2613,9.80
8335,5.79165,2478,9.30
8336,5.80131,2683,10.07
8337,5.80095,2306,8.65
8338,5.79561,2074,7.78
8339,5.80394,2060,7.73
8340,5.80883,2055,7.71
8341,5.80580,2416,9.06
8342,5.80803,2307,8.66
8343,5.78980,2417,9.07
8344,5.79975,2589,9.71
8345,5.79222,1992,7.47
8346,5.80495,2546,9.55
8347,5.79786,2547,9.56
8348,5.80396,2594,9.73
8349,5.79555,2300,8.63
8350,5.79034,2636,9.89
8351,5.80273,2284,8.57
8352,5.79837,2666,10.00
8353,5.79379,2212,8.30
8354,5.79627,2636,9.89
8355,5.80189,2308,8.66
8356,5.79974,2650,9.94
8357,5.79932,2646,9.93
8358,5.78555,2544,9.54
8359,5.80471,2634,9.88
8360,5.79597,2749,10.31
8361,5.79988,2597,9.74
8362,5.79463,2737,10.27
8363,5.79223,2157,8.09
8364,5.79148,2678,10.05
8365,5.80051,2657,9.97
8366,5.79419,2613,9.80
8367,5.79227,2707,10.16
8368,5.79453,2598,9.75
8369,5.79339,2698,10.12
8370,5.79077,2719,10.20
8371,5.79215,2693,10.10
8372,5.79858,2681,10.06
8373,5.79111,2817,10.57
8374,5.82436,2203,8.27
8375,5.79772,2558,9.60
8376,5.82133,2706,10.15
8377,5.78536,2576,9.66
8378,5.81714,2555,9.58
8379,5.78612,2509,9.42
8380,5.80772,2455,9.21
8381,5.78500,2684,10.07
8382,5.81377,2698,10.12
8383,5.79463,2670,10.02
8384,5.80243,2662,9.99
8385,5.79080,2678,10.05
8386,5.79743,2650,9.94
8387,5.80993,2370,8.89
8388,5.79242,2565,9.62
8389,5.80957,2682,10.06
8390,5.79771,2679,10.05
8391,5.80702,2701,10.13
8392,5.78959,2644,9.92
8393,5.80835,2591,9.72
8394,5.79698,2142,8.04
8395,5.79874,2507,9.41
8396,5.79122,2274,8.53
8397,5.78807,2302,8.64
8398,5.79717,2559,9.60
8399,5.79480,2547,9.56
8400,5.79848,2236,8.39
8401,5.80353,130,0.49
8402,5.80725,2562,9.61
8403,5.80586,2656,9.96
8404,5.80143,2531,9.50
8405,5.78974,2521,9.46
8406,5.79798,2587,9.71
8407,5.79531,1789,6.71
8408,5.79561,1868,7.01
8409,5.79806,2216,8.32
8410,5.78760,2215,8.31
8411,5.78572,2184,8.20
8412,5.79942,2513,9.43
8413,5.80144,2308,8.66
8414,5.79567,2349,8.82
8415,5.78104,1893,7.10
8416,5.80948,2236,8.39
8417,5.78965,1992,7.47
8418,5.79280,2081,7.81
8419,5.78326,2340,8.78
8420,5.79626,2480,9.31
8421,5.79602,2411,9.05
8422,5.79052,2610,9.79
8423,5.78982,2514,9.43
8424,5.79531,2499,9.38
8425,5.79385,2610,9.79
8426,5.79042,2581,9.68
8427,5.79229,2735,10.26
8428,5.79717,2554,9.58
8429,5.79168,2301,8.63
8430,5.79175,2062,7.74
8431,5.80002,2152,8.07
8432,5.79764,2167,8.13
8433,5.78823,2554,9.58
8434,5.80302,2545,9.55
8435,5.79471,2332,8.75
8436,5.79039,2701,10.13
8437,5.78725,2655,9.96
8438,5.79287,2690,10.09
8439,5.79718,2674,10.03
8440,5.79757,2691,10.10
8441,5.79605,2296,8.61
8442,5.78433,2188,8.21
8443,5.79465,2330,8.74
8444,5.79985,2350,8.82
8445,5.79511,2637,9.89
8446,5.80254,2661,9.98
8447,5.79116,1998,7.50
8448,5.80359,2609,9.79
8449,5.80437,2565,9.62
8450,5.79498,2474,9.28
8451,5.80398,2313,8.68
8452,5.79890,2360,8.86
8453,5.79624,2742,10.29
8454,5.79738,2548,9.56
8455,5.79532,2619,9.83
8456,5.79145,2601,9.76
8457,5.78681,2547,9.56
8458,5.79992,2620,9.83
8459,5.78631,2676,10.04
8460,5.79259,2737,10.27
8461,5.79100,2687,10.08
8462,5.78740,2619,9.83
8463,5.79758,2744,10.29
8464,5.79411,2652,9.95
8465,5.79542,2681,10.06
8466,5.79123,2610,9.79
8467,5.79891,2643,9.92
8468,5.78503,2790,10.47
8469,5.79033,2515,9.44
8470,5.80037,2658,9.97
8471,5.78373,2340,8.78
8472,5.78866,2517,9.44
8473,5.79855,1621,6.08
8474,5.78819,2760,10.36
8475,5.79361,2262,8.49
8476,5.79678,2606,9.78
8477,5.78677,2668,10.01
8478,5.79971,2524,9.47
8479,5.80351,2350,8.82
8480,5.78710,2298,8.62
8481,5.79306,2374,8.91
8482,5.79703,2672,10.03
8483,5.79789,2800,10.51
8484,5.79199,2275,8.53
8485,5.78399,2080,7.80
8486,5.78780,2332,8.75
8487,5.80001,2324,8.72
8488,5.78257,2260,8.48
8489,5.79300,2563,9.62
8490,5.79161,2569,9.64
8491,5.79206,2198,8.25
8492,5.79460,656,2.46
8493,5.78892,906,3.40
8494,5.80228,2303,8.64
8495,5.79554,2296,8.62
8496,5.78846,2643,9.92
8497,5.78542,2619,9.83
8498,5.80188,2636,9.89
8499,5.78864,2478,9.30
8500,5.78554,2439,9.15
8501,5.79518,105,0.39
8502,5.79955,1292,4.85
8503,5.78513,889,3.34
8504,5.79371,1562,5.86
8505,5.79303,770,2.89
8506,5.79468,1183,4.44
8507,5.80374,913,3.43
8508,5.78829,1040,3.90
8509,5.79139,759,2.85
8510,5.78988,1889,7.09
8511,5.79382,2170,8.14
8512,5.79736,2392,8.97
8513,5.79471,1999,7.50
8514,5.79593,677,2.54
8515,5.79696,2061,7.73
8516,5.79086,2026,7.60
8517,5.78262,2143,8.04
8518,5.79874,2592,9.72
8519,5.79700,2096,7.86
8520,5.78795,2266,8.50
8521,5.81765,2211,8.30
8522,5.78396,1925,7.22
8523,5.83702,2238,8.40
8524,5.80045,2330,8.74
8525,5.79030,2243,8.42
8526,5.82297,2079,7.80
8527,5.79059,2119,7.95
8528,5.81116,1919,7.20
8529,5.80150,1754,6.58
8530,5.80408,2405,9.02
8531,5.79706,2520,9.45
8532,5.80278,2236,8.39
8533,5.80655,2501,9.38
8534,5.79053,2541,9.53
8535,5.80074,2467,9.26
8536,5.80162,2085,7.82
8537,5.79788,2435,9.13
8538,5.79853,2423,9.09
8539,5.79525,2541,9.53
8540,5.79147,2499,9.38
8541,5.79487,2375,8.91
8542,5.79277,2364,8.87
8543,5.80159,2276,8.54
8544,5.79894,2149,8.06
8545,5.79276,2081,7.81
8546,5.79186,1854,6.96
8547,5.80038,2020,7.58
8548,5.79284,1985,7.45
8549,5.78511,2307,8.65
8550,5.79422,2249,8.44
8551,5.79333,1984,7.44
8552,5.79852,2030,7.61
8553,5.79417,1763,6.61
8554,5.80107,1973,7.40
8555,5.79124,2002,7.51
8556,5.79428,2395,8.99
8557,5.79011,2061,7.73
8558,5.79470,2338,8.77
8559,5.79956,1981,7.43
8560,5.79452,1804,6.77
8561,5.79990,1706,6.40
8562,5.79641,2184,8.19
8563,5.79176,2215,8.31
8564,5.78799,1858,6.97
8565,5.79227,1878,7.04
8566,5.79351,1971,7.39
8567,5.79481,2027,7.61
8568,5.78696,2185,8.20
8569,5.80120,1969,7.39
8570,5.79252,2051,7.69
8571,5.79086,2029,7.61
8572,5.79497,2205,8.27
8573,5.79209,1915,7.18
8574,5.79519,1976,7.41
8575,5.79805,2173,8.15
8576,5.78800,2304,8.64
8577,5.79077,2473,9.28
8578,5.79122,2348,8.81
8579,5.80461,2338,8.77
8580,5.78460,1489,5.59
8581,5.80633,2473,9.28
8582,5.78912,975,3.66
8583,5.80688,2107,7.90
8584,5.80112,2145,8.05
8585,5.80604,2111,7.92
8586,5.80364,1969,7.39
8587,5.79662,2084,7.82
8588,5.78896,2023,7.59
8589,5.79715,1745,6.55
8590,5.79463,1972,7.40
8591,5.79471,2062,7.74
8592,5.79478,1883,7.07
8593,5.79702,1821,6.83
8594,5.78878,2114,7.93
8595,5.78877,2199,8.25
8596,5.80434,2351,8.82
8597,5.78894,2474,9.28
8598,5.79270,2444,9.17
8599,5.79406,2491,9.34
8600,5.79300,2343,8.79
8601,5.79229,129,0.49
8602,5.78943,2143,8.04
8603,5.79420,2474,9.28
8604,5.79354,2547,9.55
8605,5.79718,2679,10.05
8606,5.79459,2385,8.95
8607,5.80338,2566,9.63
8608,5.80130,2541,9.53
8609,5.78679,2635,9.89
8610,5.80356,2665,10.00
8611,5.78992,2673,10.03
8612,5.78507,2638,9.90
8613,5.79578,2601,9.76
8614,5.79719,2538,9.52
8615,5.78979,2645,9.93
8616,5.79138,2596,9.74
8617,5.78914,2599,9.75
8618,5.79373,2643,9.92
8619,5.79600,2714,10.18
8620,5.79254,2676,10.04
8621,5.79672,2606,9.78
8622,5.79103,2676,10.04
8623,5.79197,2635,9.88
8624,5.79217,2604,9.77
8625,5.78721,2694,10.11
8626,5.78940,2481,9.31
8627,5.78818,2591,9.72
8628,5.79622,2612,9.80
8629,5.79419,2638,9.90
8630,5.80020,2354,8.83
8631,5.79568,2458,9.22
8632,5.78942,2290,8.59
8633,5.79018,2391,8.97
8634,5.78512,2660,9.98
8635,5.80196,2612,9.80
8636,5.78467,2643,9.92
8637,5.79674,2697,10.12
8638,5.78341,2604,9.77
8639,5.79644,2600,9.76
8640,5.78982,2542,9.54
8641,5.77421,2700,10.13
8642,5.80260,2662,9.99
8643,5.79524,2672,10.03
8644,5.77822,2788,10.46
8645,5.79804,2651,9.95
8646,5.79109,2666,10.00
8647,5.78626,2675,10.04
8648,5.78831,2384,8.94
8649,5.79713,2698,10.12
8650,5.79037,2087,7.83
8651,5.79612,2610,9.79
8652,5.79460,2732,10.25
8653,5.79732,2677,10.04
8654,5.78499,2600,9.75
8655,5.78725,2628,9.86
8656,5.79952,2473,9.28
8657,5.79765,2619,9.82
8658,5.79045,2610,9.79
8659,5.79765,2583,9.69
8660,5.79594,2213,8.30
8661,5.79078,2393,8.98
8662,5.78829,2489,9.34
8663,5.79740,2733,10.25
8664,5.79484,2606,9.78
8665,5.78837,2284,8.57
8666,5.79251,2604,9.77
8667,5.79082,2694,10.11
8668,5.79546,2645,9.92
8669,5.79379,2608,9.79
8670,5.78209,2720,10.20
8671,5.79196,2706,10.15
8672,5.80232,2662,9.99
8673,5.79747,1969,7.39
8674,5.78546,2607,9.78
8675,5.78926,2564,9.62
8676,5.78219,2560,9.61
8677,5.79449,2708,10.16
8678,5.79572,2674,10.03
8679,5.78771,2700,10.13
8680,5.79002,2544,9.55
8681,5.78697,2497,9.37
8682,5.79115,2603,9.77
8683,5.78748,2690,10.09
8684,5.78855,2614,9.81
8685,5.80422,2687,10.08
8686,5.79148,2606,9.78
8687,5.79947,2644,9.92
8688,5.78632,2648,9.94
8689,5.78241,2647,9.93
8690,5.79152,2656,9.96
8691,5.78957,2564,9.62
8692,5.79310,2581,9.68
8693,5.79611,2666,10.00
8694,5.80137,2619,9.83
8695,5.79700,2726,10.23
8696,5.79885,2576,9.66
8697,5.78895,2418,9.07
8698,5.79708,2684,10.07
8699,5.80017,2653,9.95
8700,5.78629,2625,9.85
8701,5.80103,120,0.45
8702,5.78678,787,2.95
8703,5.79055,1097,4.12
8704,5.79749,1979,7.42
8705,5.79070,2203,8.26
8706,5.79359,531,1.99
8707,5.78462,2066,7.75
8708,5.79562,2223,8.34
8709,5.79886,2359,8.85
8710,5.79980,2287,8.58
8711,5.79539,2160,8.10
8712,5.78476,2195,8.24
8713,5.79649,2398,9.00
8714,5.78689,2663,9.99
8715,5.79198,2687,10.08
8716,5.79537,1981,7.43
8717,5.79158,2144,8.04
8718,5.78630,2184,8.19
8719,5.79843,1866,7.00
8720,5.79906,2021,7.58
8721,5.79319,2114,7.93
8722,5.80748,2186,8.20
8723,5.77962,2353,8.83
8724,5.83652,2415,9.06
8725,5.78512,2554,9.58
8726,5.79524,2084,7.82
8727,5.78837,2411,9.05
8728,5.80359,2618,9.82
8729,5.79451,2257,8.47
8730,5.80067,2456,9.22
8731,5.77485,2267,8.50
8732,5.79599,2441,9.16
8733,5.78102,2680,10.05
8734,5.79776,2121,7.96
8735,5.78514,2164,8.12
8736,5.80731,1944,7.29
8737,5.78560,2178,8.17
8738,5.80644,2247,8.43
8739,5.78145,2337,8.77
8740,5.79738,2083,7.81
8741,5.79944,2105,7.90
8742,5.79385,1922,7.21
8743,5.79832,2168,8.13
8744,5.79424,2127,7.98
8745,5.79909,1824,6.84
8746,5.79867,2225,8.35
8747,5.79115,2239,8.40
8748,5.79262,2062,7.74
8749,5.79431,2102,7.89
8750,5.78304,2073,7.78
8751,5.79378,1970,7.39
8752,5.79552,2305,8.65
8753,5.78254,1997,7.49
8754,5.79645,2200,8.25
8755,5.78729,2108,7.91
8756,5.80133,2026,7.60
8757,5.79076,2210,8.29
8758,5.79092,2121,7.96
8759,5.79957,2280,8.56
8760,5.78886,2296,8.62
8761,5.79402,2153,8.08
8762,5.79138,1837,6.89
8763,5.80139,1893,7.10
8764,5.79882,2157,8.09
8765,5.78875,2487,9.33
8766,5.80317,2349,8.81
8767,5.77822,2336,8.76
8768,5.78160,2202,8.26
8769,5.80450,2307,8.66
8770,5.79363,2400,9.00
8771,5.80020,2515,9.44
8772,5.79821,2536,9.51
8773,5.79836,2280,8.55
8774,5.78967,2628,9.86
8775,5.78481,2444,9.17
8776,5.78516,2156,8.09
8777,5.79466,2215,8.31
8778,5.78896,1928,7.23
8779,5.79848,2347,8.80
8780,5.79028,2176,8.17
8781,5.79063,2434,9.13
8782,5.79244,2044,7.67
8783,5.79123,1903,7.14
8784,5.78441,2276,8.54
8785,5.78811,2542,9.54
8786,5.79556,2182,8.19
8787,5.79627,2465,9.25
8788,5.78668,2542,9.54
8789,5.79035,2544,9.54
8790,5.79992,2223,8.34
8791,5.79265,2432,9.12
8792,5.79785,2511,9.42
8793,5.78487,2674,10.03
8794,5.79653,2251,8.45
8795,5.79135,2355,8.84
8796,5.79218,2438,9.15
8797,5.78331,2329,8.74
8798,5.79133,2650,9.94
8799,5.79827,2470,9.27
8800,5.79505,2452,9.20
8801,5.79488,129,0.48
8802,5.78957,2423,9.09
8803,5.79231,2029,7.61
8804,5.79041,2270,8.52
8805,5.80098,2226,8.35
8806,5.79129,2513,9.43
8807,5.79064,2420,9.08
8808,5.78399,2807,10.53
8809,5.82525,2748,10.31
8810,5.78170,2588,9.71
8811,5.83074,2646,9.93
8812,5.79956,2657,9.97
8813,5.79318,2731,10.25
8814,5.79684,2762,10.36
8815,5.79938,2586,9.70
8816,5.79982,2695,10.11
8817,5.78801,2682,10.06
8818,5.79299,2573,9.66
8819,5.78262,2647,9.93
8820,5.79699,2684,10.07
8821,5.78718,2630,9.87
8822,5.79946,2617,9.82
8823,5.78355,2742,10.29
8824,5.79617,2592,9.72
8825,5.78464,2704,10.15
8826,5.79299,2325,8.73
8827,5.78864,2349,8.81
8828,5.78629,2621,9.84
8829,5.79214,2735,10.26
8830,5.78128,2698,10.12
8831,5.80257,2701,10.13
8832,5.79048,2631,9.87
8833,5.77861,2746,10.30
8834,5.79471,2673,10.03
8835,5.78653,2618,9.82
8836,5.79412,2359,8.85
8837,5.78699,2406,9.03
8838,5.80061,2679,10.05
8839,5.79607,2604,9.77
8840,5.79970,2452,9.20
8841,5.79366,2596,9.74
8842,5.78375,2631,9.87
8843,5.78424,2697,10.12
8844,5.80017,2661,9.98
8845,5.78534,2754,10.33
8846,5.79935,2538,9.52
8847,5.79021,2601,9.76
8848,5.79111,949,3.56
8849,5.80092,2593,9.73
8850,5.78996,2646,9.93
8851,5.79360,2585,9.70
8852,5.78727,2574,9.66
8853,5.78474,2689,10.09
8854,5.78041,2699,10.12
8855,5.80018,2668,10.01
8856,5.78645,2736,10.27
8857,5.79024,2214,8.31
8858,5.78718,2650,9.94
8859,5.79605,2707,10.16
8860,5.78786,2735,10.26
8861,5.79980,2698,10.12
8862,5.78262,2540,9.53
8863,5.78735,2514,9.43
8864,5.79882,2466,9.25
8865,5.78962,2587,9.71
8866,5.79259,2588,9.71
8867,5.79068,2651,9.95
8868,5.77750,2702,10.14
8869,5.79584,2397,9.00
8870,5.78962,2587,9.71
8871,5.79257,2574,9.66
8872,5.79397,2679,10.05
8873,5.78720,2626,9.85
8874,5.78185,2582,9.69
8875,5.79379,2711,10.17
8876,5.78577,2610,9.79
8877,5.78598,2647,9.93
8878,5.78579,2585,9.70
8879,5.78622,2541,9.53
8880,5.78900,2232,8.37
8881,5.78962,2559,9.60
8882,5.78796,1940,7.28
8883,5.79007,2173,8.15
8884,5.78249,2273,8.53
8885,5.79762,2393,8.98
8886,5.79017,2425,9.10
8887,5.79466,2452,9.20
8888,5.79666,2553,9.58
8889,5.79173,2555,9.59
8890,5.79007,2460,9.23
8891,5.79461,1977,7.42
8892,5.78904,2058,7.72
8893,5.78029,1916,7.19
8894,5.79403,2093,7.85
8895,5.78865,2014,7.56
8896,5.78652,1943,7.29
8897,5.78516,2305,8.65
8898,5.78793,2408,9.03
8899,5.79410,2144,8.04
8900,5.78801,1982,7.44
8901,5.78639,127,0.48
8902,5.79711,1876,7.04
8903,5.78692,2001,7.51
8904,5.78839,1821,6.83
8905,5.78088,2228,8.36
8906,5.78346,1989,7.46
8907,5.79207,2303,8.64
8908,5.79090,2522,9.46
8909,5.77905,2482,9.31
8910,5.78197,2236,8.39
8911,5.78994,2114,7.93
8912,5.78884,2088,7.84
8913,5.78251,2093,7.85
8914,5.78852,2532,9.50
8915,5.79194,2006,7.52
8916,5.79858,1408,5.28
8917,5.80193,1893,7.10
8918,5.78688,2063,7.74
8919,5.78484,2371,8.90
8920,5.79026,2114,7.93
8921,5.78627,1829,6.86
8922,5.79739,2157,8.09
8923,5.77587,2059,7.73
8924,5.79274,2151,8.07
8925,5.78821,2277,8.54
8926,5.79345,2180,8.18
8927,5.78934,2433,9.13
8928,5.78822,2490,9.34
8929,5.78935,1979,7.43
8930,5.78494,2551,9.57
8931,5.79923,2274,8.53
8932,5.78874,2123,7.96
8933,5.78173,2269,8.51
8934,5.78756,2011,7.55
8935,5.78065,1697,6.37
8936,5.78712,1917,7.19
8937,5.78497,2355,8.84
8938,5.80625,1661,6.23
8939,5.78723,2153,8.08
8940,5.82001,2071,7.77
8941,5.78328,2207,8.28
8942,5.80821,2282,8.56
8943,5.78237,2166,8.13
8944,5.79795,2222,8.34
8945,5.78462,1979,7.43
8946,5.79335,2284,8.57
8947,5.78982,1941,7.28
8948,5.79207,2009,7.54
8949,5.79754,2079,7.80
8950,5.79053,1776,6.66
8951,5.79444,2493,9.35
8952,5.78834,2436,9.14
8953,5.79735,2640,9.91
8954,5.79261,2287,8.58
8955,5.78702,2485,9.32
8956,5.78791,2560,9.61
8957,5.78827,2459,9.23
8958,5.79288,2615,9.81
8959,5.79068,2256,8.46
8960,5.79343,2282,8.56
8961,5.79256,2556,9.59
8962,5.79303,1389,5.21
8963,5.79406,2576,9.66
8964,5.79877,2498,9.37
8965,5.80015,2266,8.50
8966,5.78889,2245,8.42
8967,5.78511,2376,8.92
8968,5.78572,2153,8.08
8969,5.78916,2590,9.72
8970,5.79414,2420,9.08
8971,5.79578,2662,9.99
8972,5.79831,2411,9.05
8973,5.79019,2371,8.89
8974,5.79828,2207,8.28
8975,5.79438,2238,8.40
8976,5.78588,2176,8.16
8977,5.79749,2317,8.69
8978,5.78972,2636,9.89
8979,5.79406,2388,8.96
8980,5.78506,2471,9.27
8981,5.78538,2552,9.57
8982,5.79957,2309,8.66
8983,5.79055,2446,9.18
8984,5.78503,2456,9.22
8985,5.79074,2147,8.06
8986,5.79548,2395,8.99
8987,5.78745,1565,5.87
8988,5.79156,2059,7.72
8989,5.79147,2376,8.92
8990,5.80809,2312,8.68
8991,5.78982,2339,8.77
8992,5.79635,2260,8.48
8993,5.78619,2134,8.01
8994,5.78177,2251,8.45
8995,5.79452,2439,9.15
8996,5.78769,2216,8.32
8997,5.79347,2691,10.10
8998,5.78699,2507,9.41
8999,5.78843,2468,9.26
9000,5.78926,2440,9.15
9001,5.78273,126,0.47
9002,5.78454,2276,8.54
9003,5.78389,1970,7.39
9004,5.78701,2102,7.88
9005,5.78862,2226,8.35
9006,5.78389,1905,7.15
9007,5.78785,2189,8.21
9008,5.79480,1532,5.75
9009,5.78692,2121,7.96
9010,5.78500,2007,7.53
9011,5.78856,1833,6.88
9012,5.79141,1951,7.32
9013,5.78168,1964,7.37
9014,5.78959,2241,8.41
9015,5.79033,2270,8.52
9016,5.79324,2034,7.63
9017,5.80038,2168,8.14
9018,5.78115,2256,8.47
9019,5.78693,2426,9.10
9020,5.78488,2456,9.22
9021,5.77812,2274,8.53
9022,5.77602,2435,9.14
9023,5.78108,2369,8.89
9024,5.78108,2565,9.62
9025,5.78136,2508,9.41
9026,5.79276,2323,8.72
9027,5.79036,2241,8.41
9028,5.78118,1912,7.17
9029,5.79016,2354,8.83
9030,5.79051,1917,7.19
9031,5.80112,2104,7.89
9032,5.77870,2231,8.37
9033,5.78424,1576,5.91
9034,5.78872,1964,7.37
9035,5.78494,2360,8.85
9036,5.78362,214,0.80
9037,5.78609,2480,9.31
9038,5.78380,2385,8.95
9039,5.79089,2419,9.07
9040,5.79213,2370,8.89
9041,5.78817,2597,9.74
9042,5.78791,2218,8.32
9043,5.78939,2346,8.80
9044,5.78939,1999,7.50
9045,5.78745,2358,8.85
9046,5.78093,2225,8.35
9047,5.78731,2397,8.99
9048,5.79915,2598,9.75
9049,5.78591,2746,10.30
9050,5.78726,2526,9.48
9051,5.79027,2480,9.30
9052,5.78773,2362,8.86
9053,5.78744,2174,8.16
9054,5.79131,1712,6.42
9055,5.78709,2193,8.23
9056,5.78978,2015,7.56
9057,5.78305,1988,7.46
9058,5.78562,2064,7.75
9059,5.78621,2377,8.92
9060,5.78639,2380,8.93
9061,5.79517,2555,9.59
9062,5.78723,2409,9.04
9063,5.77686,2593,9.73
9064,5.79212,2618,9.82
9065,5.79129,2441,9.16
9066,5.78743,2181,8.18
9067,5.79567,2594,9.73
9068,5.79564,2482,9.31
9069,5.78516,2543,9.54
9070,5.78876,2589,9.71
9071,5.78815,2683,10.07
9072,5.78694,2703,10.14
9073,5.79739,2631,9.87
9074,5.79293,2530,9.49
9075,5.80160,2640,9.90
9076,5.80030,2329,8.74
9077,5.78287,2435,9.14
9078,5.78710,2255,8.46
9079,5.79087,2317,8.70
9080,5.78130,2269,8.51
9081,5.81141,2765,10.37
9082,5.78060,2622,9.84
9083,5.83419,2666,10.00
9084,5.78246,2670,10.02
9085,5.81403,2611,9.80
9086,5.78738,2746,10.30
9087,5.79490,2566,9.63
9088,5.78765,2057,7.72
9089,5.78641,514,1.93
9090,5.80937,2185,8.20
9091,5.78808,2366,8.88
9092,5.80304,2475,9.29
9093,5.79897,2503,9.39
9094,5.79380,2131,8.00
9095,5.79557,2381,8.93
9096,5.78889,2325,8.72
9097,5.79122,2533,9.50
9098,5.79908,2363,8.87
9099,5.79109,2402,9.01
9100,5.80111,2556,9.59
9101,5.79296,126,0.47
9102,5.79311,2628,9.86
9103,5.79659,2542,9.54
9104,5.78853,2524,9.47
9105,5.78621,2648,9.94
9106,5.79358,2569,9.64
9107,5.78851,2606,9.78
9108,5.77789,2647,9.93
9109,5.79365,2669,10.01
9110,5.78891,2174,8.16
9111,5.78339,2410,9.04
9112,5.78896,2614,9.81
9113,5.79425,2445,9.17
9114,5.78789,2508,9.41
9115,5.79005,2683,10.07
9116,5.78313,2592,9.73
9117,5.79355,2491,9.35
9118,5.79562,2697,10.12
9119,5.78383,2678,10.05
9120,5.79856,2533,9.50
9121,5.79226,2589,9.71
9122,5.78930,2761,10.36
9123,5.77633,2098,7.87
9124,5.78992,2613,9.81
9125,5.79463,2668,10.01
9126,5.78443,2581,9.69
9127,5.78908,2773,10.40
9128,5.78822,2694,10.11
9129,5.78090,2649,9.94
9130,5.79554,2641,9.91
9131,5.78489,2749,10.31
9132,5.78077,2673,10.03
9133,5.78334,2655,9.96
9134,5.79113,2637,9.90
9135,5.78916,2003,7.52
9136,5.78386,2307,8.66
9137,5.78313,2361,8.86
9138,5.79156,2278,8.55
9139,5.77889,2547,9.56
9140,5.79841,2218,8.32
9141,5.78319,2226,8.35
9142,5.78807,2445,9.18
9143,5.79071,2309,8.66
9144,5.79244,2554,9.58
9145,5.79915,2604,9.77
9146,5.78211,2050,7.69
9147,5.78410,2658,9.97
9148,5.78611,2653,9.95
9149,5.77250,2664,9.99
9150,5.79579,2755,10.34
9151,5.79638,2596,9.74
9152,5.78945,2569,9.64
9153,5.78713,2666,10.00
9154,5.79116,2685,10.07
9155,5.78960,2686,10.08
9156,5.78710,2702,10.14
9157,5.78030,2680,10.06
9158,5.77692,2623,9.84
9159,5.78644,2625,9.85
9160,5.78981,2827,10.61
9161,5.79730,2640,9.90
9162,5.79879,2532,9.50
9163,5.78189,2622,9.84
9164,5.78776,2507,9.41
9165,5.77612,2644,9.92
9166,5.78694,2646,9.93
9167,5.78738,2402,9.01
9168,5.79362,2720,10.21
9169,5.79027,2223,8.34
9170,5.79007,2348,8.81
9171,5.78106,2518,9.45
9172,5.77354,2384,8.94
9173,5.77867,2745,10.30
9174,5.78469,2688,10.08
9175,5.78836,2724,10.22
9176,5.78532,2636,9.89
9177,5.80537,2628,9.86
9178,5.78515,2513,9.43
9179,5.84403,2662,9.99
9180,5.77530,2701,10.13
9181,5.82793,2238,8.40
9182,5.78362,2627,9.86
9183,5.80041,2663,9.99
9184,5.77824,2411,9.05
9185,5.80100,2689,10.09
9186,5.78532,2633,9.88
9187,5.79275,1266,4.75
9188,5.78563,2663,9.99
9189,5.80227,2652,9.95
9190,5.78084,2635,9.89
9191,5.79604,2612,9.80
9192,5.82708,2572,9.65
9193,5.78614,2627,9.85
9194,5.83533,2715,10.19
9195,5.78694,2756,10.34
9196,5.80060,2556,9.59
9197,5.78344,2696,10.11
9198,5.80085,2365,8.87
9199,5.78072,2556,9.59
9200,5.80562,2377,8.92
9201,5.78338,129,0.48
9202,5.80979,2504,9.39
9203,5.79988,2682,10.06
9204,5.80077,2585,9.70
9205,5.81484,2529,9.49
9206,5.79192,2393,8.98
9207,5.79959,2559,9.60
9208,5.79552,2393,8.98
9209,5.78317,2466,9.25
9210,5.79770,2389,8.96
9211,5.78551,2641,9.91
9212,5.84097,2680,10.05
9213,5.78433,2631,9.87
9214,5.81824,2625,9.85
9215,5.79249,2630,9.87
9216,5.79887,2189,8.21
9217,5.79095,2717,10.20
9218,5.80152,2647,9.93
9219,5.79626,2689,10.09
9220,5.77984,2607,9.78
9221,5.79393,2667,10.01
9222,5.78592,2511,9.42
9223,5.78598,2624,9.84
9224,5.78313,2608,9.79
9225,5.79276,2656,9.97
9226,5.78871,2724,10.22
9227,5.78208,2021,7.58
9228,5.80140,2486,9.33
9229,5.80255,2565,9.62
9230,5.78754,2231,8.37
9231,5.78022,2713,10.18
9232,5.78879,2640,9.91
9233,5.77866,2616,9.82
9234,5.78244,2660,9.98
9235,5.79093,2641,9.91
9236,5.78242,2734,10.26
9237,5.78571,2436,9.14
9238,5.79121,2364,8.87
9239,5.79217,2318,8.70
9240,5.79714,2364,8.87
9241,5.78349,2605,9.77
9242,5.79626,2803,10.52
9243,5.77328,2706,10.15
9244,5.81112,2625,9.85
9245,5.79058,2582,9.69
9246,5.80687,2589,9.71
9247,5.78221,2566,9.63
9248,5.79659,2766,10.38
9249,5.79016,2255,8.46
9250,5.79355,2604,9.77
9251,5.78107,2710,10.17
9252,5.78015,2760,10.36
9253,5.79458,2733,10.25
9254,5.79298,2755,10.34
9255,5.78893,2468,9.26
9256,5.79379,2682,10.06
9257,5.78448,2680,10.06
9258,5.79893,2660,9.98
9259,5.78852,2455,9.21
9260,5.77954,2712,10.17
9261,5.79074,2285,8.57
9262,5.78643,2669,10.01
9263,5.79012,2668,10.01
9264,5.80166,2591,9.72
9265,5.78544,2680,10.06
9266,5.79102,2689,10.09
9267,5.79677,2430,9.12
9268,5.79150,2497,9.37
9269,5.78876,2594,9.73
9270,5.79134,2358,8.85
9271,5.78477,2618,9.82
9272,5.79012,2608,9.79
9273,5.78896,2574,9.66
9274,5.78295,2702,10.14
9275,5.79670,2788,10.46
9276,5.78554,2637,9.89
9277,5.77919,2638,9.90
9278,5.79137,2543,9.54
9279,5.78779,2696,10.11
9280,5.78666,2589,9.72
9281,5.78034,2618,9.82
9282,5.78385,2751,10.32
9283,5.79962,2754,10.33
9284,5.78236,2634,9.88
9285,5.78433,2647,9.93
9286,5.78924,2565,9.62
9287,5.78583,2705,10.15
9288,5.79365,2716,10.19
9289,5.78475,2635,9.88
9290,5.78535,2338,8.77
9291,5.77952,2253,8.45
9292,5.78472,2726,10.23
9293,5.78811,2607,9.78
9294,5.78181,2756,10.34
9295,5.77575,2735,10.26
9296,5.78409,2749,10.31
9297,5.79353,1656,6.21
9298,5.77990,2615,9.81
9299,5.79396,2482,9.31
9300,5.78341,2594,9.73
9301,5.79007,127,0.48
9302,5.78296,2630,9.87
9303,5.78216,1029,3.86
9304,5.79110,2291,8.60
9305,5.78860,2293,8.60
9306,5.78919,2476,9.29
9307,5.78488,2426,9.10
9308,5.78679,2114,7.93
9309,5.79619,2530,9.49
9310,5.78276,2694,10.11
9311,5.78482,2590,9.72
9312,5.78418,2591,9.72
9313,5.78699,2500,9.38
9314,5.78195,2535,9.51
9315,5.79263,2547,9.55
9316,5.79388,2187,8.20
9317,5.79182,2609,9.79
9318,5.78632,2254,8.46
9319,5.78409,2155,8.09
9320,5.78404,2120,7.95
9321,5.78032,2125,7.97
9322,5.79376,2483,9.32
9323,5.79034,2308,8.66
9324,5.78916,2494,9.36
9325,5.78496,2574,9.66
9326,5.77596,2579,9.67
9327,5.78680,2576,9.66
9328,5.78410,2293,8.60
9329,5.78660,2470,9.27
9330,5.78871,2629,9.86
9331,5.78040,2551,9.57
9332,5.77961,2566,9.63
9333,5.79587,2663,9.99
9334,5.78852,2596,9.74
9335,5.78942,2657,9.97
9336,5.77901,2652,9.95
9337,5.78755,2505,9.40
9338,5.79303,2033,7.63
9339,5.78142,2172,8.15
9340,5.78582,2179,8.17
9341,5.77666,2123,7.96
9342,5.77591,1965,7.37
9343,5.78377,2073,7.78
9344,5.78635,2155,8.09
9345,5.78954,2421,9.08
9346,5.79030,2572,9.65
9347,5.78573,2521,9.46
9348,5.77982,2454,9.21
9349,5.78294,2520,9.45
9350,5.78112,2713,10.18
9351,5.78223,2592,9.72
9352,5.77683,2710,10.17
9353,5.79243,2565,9.62
9354,5.79008,2333,8.75
9355,5.79230,2277,8.54
9356,5.78088,2175,8.16
9357,5.79079,2523,9.47
9358,5.87871,2515,9.44
9359,5.77766,2551,9.57
9360,5.79667,2618,9.82
9361,5.79808,2591,9.72
9362,5.78310,2593,9.73
9363,5.81187,2667,10.00
9364,5.78311,2629,9.86
9365,5.79295,2574,9.66
9366,5.78605,2216,8.32
9367,5.79065,2486,9.33
9368,5.79577,2619,9.83
9369,5.78407,2471,9.27
9370,5.80644,2469,9.26
9371,5.77643,2454,9.21
9372,5.79716,2378,8.92
9373,5.79308,1069,4.01
9374,5.78944,2088,7.84
9375,5.79091,2111,7.92
9376,5.79546,2112,7.92
9377,5.78110,2037,7.64
9378,5.80555,2541,9.54
9379,5.77220,2078,7.80
9380,5.80386,2536,9.51
9381,5.78825,2503,9.39
9382,5.78542,2605,9.77
9383,5.77963,2334,8.76
9384,5.78729,2645,9.92
9385,5.78325,2286,8.58
9386,5.78595,2402,9.01
9387,5.79240,2646,9.93
9388,5.78595,2612,9.80
9389,5.79113,2648,9.94
9390,5.79592,2733,10.26
9391,5.79885,2669,10.01
9392,5.78426,2575,9.66
9393,5.79151,2674,10.03
9394,5.78887,2686,10.08
9395,5.78355,2660,9.98
9396,5.78888,2483,9.31
9397,5.79685,2414,9.06
9398,5.78871,2402,9.01
9399,5.79869,2437,9.14
9400,5.77495,2723,10.22
9401,5.77730,126,0.47
9402,5.78455,2337,8.77
9403,5.77272,2657,9.97
9404,5.79159,2754,10.33
9405,5.78534,2663,9.99
9406,5.78968,2493,9.35
9407,5.78125,2618,9.82
9408,5.77983,2394,8.98
9409,5.78852,2499,9.38
9410,5.78297,2506,9.40
9411,5.78090,2693,10.10
9412,5.79262,2652,9.95
9413,5.78947,2637,9.89
9414,5.78848,2644,9.92
9415,5.77736,2586,9.70
9416,5.79074,2671,10.02
9417,5.78476,2694,10.11
9418,5.78673,1897,7.12
9419,5.79079,2721,10.21
9420,5.77908,2680,10.05
9421,5.77548,2836,10.64
9422,5.78615,2478,9.30
9423,5.78329,2344,8.79
9424,5.78356,2621,9.83
9425,5.77938,2673,10.03
9426,5.79196,2125,7.97
9427,5.78271,2672,10.03
9428,5.77457,2484,9.32
9429,5.78049,2781,10.43
9430,5.78236,2412,9.05
9431,5.77924,2742,10.29
9432,5.78555,2546,9.55
9433,5.77244,2691,10.10
9434,5.78697,2651,9.95
9435,5.77735,2215,8.31
9436,5.78472,2371,8.90
9437,5.79229,2405,9.02
9438,5.78049,2515,9.44
9439,5.78468,2595,9.74
9440,5.79618,2760,10.36
9441,5.78583,2771,10.40
9442,5.79206,2712,10.17
9443,5.77796,2767,10.38
9444,5.78482,2631,9.87
9445,5.78700,2658,9.97
9446,5.79043,2649,9.94
9447,5.78271,2768,10.39
9448,5.79595,2644,9.92
9449,5.78411,2641,9.91
9450,5.78225,2660,9.98
9451,5.78591,2743,10.29
9452,5.79152,2481,9.31
9453,5.78386,2626,9.85
9454,5.76848,2653,9.95
9455,5.78721,2704,10.15
9456,5.78615,2557,9.59
9457,5.78319,2343,8.79
9458,5.78574,2685,10.08
9459,5.78342,2724,10.22
9460,5.77898,2616,9.82
9461,5.77147,2712,10.18
9462,5.78556,2639,9.90
9463,5.78272,2745,10.30
9464,5.79103,2715,10.19
9465,5.78399,2517,9.44
9466,5.78507,2467,9.26
9467,5.78477,2478,9.30
9468,5.78350,2640,9.90
9469,5.79396,2612,9.80
9470,5.78969,2723,10.22
9471,5.79520,2712,10.17
9472,5.78427,2782,10.44
9473,5.79307,2645,9.92
9474,5.78117,2693,10.10
9475,5.78194,2618,9.82
9476,5.78553,2575,9.66
9477,5.77433,2497,9.37
9478,5.77952,2643,9.91
9479,5.78357,2732,10.25
9480,5.78688,2731,10.25
9481,5.79102,2569,9.64
9482,5.78553,1783,6.69
9483,5.77761,2624,9.84
9484,5.78906,2607,9.78
9485,5.77486,2745,10.30
9486,5.78422,2441,9.16
9487,5.77827,2590,9.72
9488,5.78512,2571,9.65
9489,5.78057,2667,10.01
9490,5.77264,2706,10.15
9491,5.79307,2436,9.14
9492,5.77699,2613,9.80
9493,5.77399,2775,10.41
9494,5.78593,2634,9.88
9495,5.79245,2356,8.84
9496,5.78277,2433,9.13
9497,5.78679,2437,9.15
9498,5.78052,2481,9.31
9499,5.78537,2732,10.25
9500,5.78835,2322,8.71
9501,5.77939,126,0.47
9502,5.78646,2597,9.74
9503,5.78027,2452,9.20
9504,5.77583,2374,8.91
9505,5.78409,2496,9.36
9506,5.76666,2395,8.99
9507,5.78393,2234,8.38
9508,5.78595,2468,9.26
9509,5.79155,2629,9.86
9510,5.77888,2683,10.07
9511,5.77809,2534,9.51
9512,5.78516,2645,9.92
9513,5.78465,2593,9.73
9514,5.78188,2584,9.70
9515,5.77368,2618,9.82
9516,5.78104,2690,10.09
9517,5.78712,2628,9.86
9518,5.78112,2670,10.02
9519,5.78105,2166,8.13
9520,5.78529,2572,9.65
9521,5.78642,2739,10.28
9522,5.78706,2579,9.68
9523,5.77175,2700,10.13
9524,5.78953,2683,10.07
9525,5.77231,2708,10.16
9526,5.78115,2684,10.07
9527,5.79097,2484,9.32
9528,5.77196,2323,8.72
9529,5.77835,2648,9.93
9530,5.79026,2602,9.76
9531,5.77933,2557,9.59
9532,5.78164,2672,10.03
9533,5.78059,2514,9.43
9534,5.77410,2630,9.87
9535,5.79002,2478,9.30
9536,5.78713,2429,9.11
9537,5.78506,2315,8.68
9538,5.77647,2572,9.65
9539,5.77859,2703,10.14
9540,5.77450,2615,9.81
9541,5.78919,2638,9.90
9542,5.79096,2597,9.74
9543,5.77741,2300,8.63
9544,5.77928,2482,9.31
9545,5.78590,2210,8.29
9546,5.78421,2554,9.58
9547,5.78255,2589,9.71
9548,5.77967,2464,9.24
9549,5.78401,2240,8.41
9550,5.77189,1976,7.41
9551,5.78762,1960,7.35
9552,5.77509,2360,8.85
9553,5.77829,2117,7.94
9554,5.78462,2136,8.01
9555,5.78013,2487,9.33
9556,5.78487,2158,8.10
9557,5.77856,2381,8.93
9558,5.78061,2509,9.41
9559,5.78514,2714,10.18
9560,5.77336,2554,9.58
9561,5.78167,2340,8.78
9562,5.78662,2363,8.87
9563,5.78340,2185,8.20
9564,5.77588,2342,8.79
9565,5.78497,2644,9.92
9566,5.78959,2715,10.18
9567,5.78623,2642,9.91
9568,5.77867,2604,9.77
9569,5.78783,2562,9.61
9570,5.79521,2649,9.94
9571,5.78940,2148,8.06
9572,5.78407,2711,10.17
9573,5.78921,2558,9.60
9574,5.78590,2533,9.50
9575,5.77914,2545,9.55
9576,5.78418,2569,9.64
9577,5.78573,2598,9.75
9578,5.79314,2663,9.99
9579,5.78509,2656,9.96
9580,5.78884,2142,8.04
9581,5.77960,2576,9.66
9582,5.79499,2574,9.66
9583,5.78508,2619,9.83
9584,5.78988,1991,7.47
9585,5.78900,2668,10.01
9586,5.78124,2559,9.60
9587,5.78528,2745,10.30
9588,5.79117,2675,10.04
9589,5.77621,2523,9.47
9590,5.78572,2434,9.13
9591,5.78878,2471,9.27
9592,5.78505,2369,8.89
9593,5.78155,2492,9.35
9594,5.77181,2444,9.17
9595,5.79223,2484,9.32
9596,5.78811,2571,9.65
9597,5.77722,2593,9.73
9598,5.78841,2601,9.76
9599,5.78292,2594,9.73
9600,5.77976,2568,9.64
9601,5.78788,127,0.48
9602,5.78288,2376,8.92
9603,5.77598,2359,8.85
9604,5.77265,2661,9.99
9605,5.77642,2705,10.15
9606,5.78217,2624,9.85
9607,5.78480,2646,9.93
9608,5.78496,2724,10.22
9609,5.79120,2659,9.97
9610,5.78126,2531,9.49
9611,5.78361,2712,10.18
9612,5.79216,2666,10.00
9613,5.78088,2594,9.73
9614,5.77565,2618,9.82
9615,5.78977,2680,10.06
9616,5.78535,2673,10.03
9617,5.78931,2664,10.00
9618,5.78838,2736,10.27
9619,5.79135,2571,9.65
9620,5.78182,2213,8.30
9621,5.77131,2606,9.78
9622,5.78451,2430,9.12
9623,5.78958,2631,9.87
9624,5.77819,2719,10.20
9625,5.78106,2723,10.22
9626,5.78134,2756,10.34
9627,5.78428,2779,10.43
9628,5.77911,2605,9.77
9629,5.78404,2442,9.16
9630,5.78155,2620,9.83
9631,5.78542,2226,8.35
9632,5.78300,2657,9.97
9633,5.78571,2691,10.10
9634,5.78051,2577,9.67
9635,5.79210,2596,9.74
9636,5.79040,2635,9.89
9637,5.77993,2637,9.89
9638,5.78841,2584,9.70
9639,5.79044,2655,9.96
9640,5.79070,2658,9.97
9641,5.79859,2660,9.98
9642,5.77961,2699,10.13
9643,5.79076,2591,9.72
9644,5.78935,2600,9.76
9645,5.77343,2643,9.92
9646,5.78395,2758,10.35
9647,5.77610,2580,9.68
9648,5.77963,2707,10.16
9649,5.78110,2566,9.63
9650,5.78382,2572,9.65
9651,5.78450,2595,9.74
9652,5.77866,2676,10.04
9653,5.77561,2683,10.07
9654,5.77828,2653,9.95
9655,5.78606,2588,9.71
9656,5.77909,2651,9.95
9657,5.78513,2717,10.19
9658,5.78031,2680,10.06
9659,5.78404,2400,9.00
9660,5.77301,2234,8.38
9661,5.78447,2399,9.00
9662,5.77706,2589,9.72
9663,5.77958,2720,10.21
9664,5.77634,2690,10.09
9665,5.78892,2330,8.74
9666,5.78938,2673,10.03
9667,5.79172,2659,9.98
9668,5.78674,2697,10.12
9669,5.80015,2711,10.17
9670,5.79598,2297,8.62
9671,5.78047,2724,10.22
9672,5.77193,2640,9.90
9673,5.78133,2590,9.72
9674,5.78312,2621,9.83
9675,5.78394,2557,9.59
9676,5.78191,2613,9.81
9677,5.77974,2207,8.28
9678,5.78116,2624,9.85
9679,5.77715,2729,10.24
9680,5.79505,2593,9.73
9681,5.78643,2417,9.07
9682,5.78402,2588,9.71
9683,5.78239,2652,9.95
9684,5.76599,2659,9.98
9685,5.79362,2411,9.04
9686,5.77846,2704,10.14
9687,5.78650,2606,9.78
9688,5.79844,2672,10.02
9689,5.79010,2450,9.19
9690,5.78706,2549,9.56
9691,5.78443,2502,9.39
9692,5.79099,2670,10.02
9693,5.78095,2690,10.09
9694,5.77972,2739,10.28
9695,5.79076,2194,8.23
9696,5.79030,2621,9.83
9697,5.77903,2719,10.20
9698,5.77884,2539,9.53
9699,5.78125,2668,10.01
9700,5.77842,2563,9.62
9701,5.78214,125,0.47
9702,5.78052,2330,8.74
9703,5.78644,2604,9.77
9704,5.78762,2778,10.42
9705,5.77304,2712,10.17
9706,5.77772,2740,10.28
9707,5.78317,2627,9.86
9708,5.77670,2641,9.91
9709,5.78050,2322,8.71
9710,5.78077,2531,9.50
9711,5.77612,2464,9.24
9712,5.78218,2549,9.56
9713,5.78928,2692,10.10
9714,5.77055,2693,10.11
9715,5.77803,2606,9.78
9716,5.78071,2724,10.22
9717,5.80254,2579,9.68
9718,5.76597,2696,10.12
9719,5.82673,2540,9.53
9720,5.77536,2671,10.02
9721,5.79486,2675,10.04
9722,5.78712,2651,9.95
9723,5.77889,2681,10.06
9724,5.79384,2649,9.94
9725,5.77974,2442,9.16
9726,5.79263,2619,9.83
9727,5.78827,2534,9.51
9728,5.78565,2450,9.19
9729,5.79002,2429,9.12
9730,5.78846,2392,8.97
9731,5.78698,2172,8.15
9732,5.78860,2645,9.93
9733,5.78594,2678,10.05
9734,5.78225,2616,9.82
9735,5.77537,2678,10.05
9736,5.77728,2742,10.29
9737,5.77767,2548,9.56
9738,5.78021,2581,9.68
9739,5.77151,2769,10.39
9740,5.78555,2560,9.60
9741,5.78889,2593,9.73
9742,5.78059,1544,5.79
9743,5.78374,2435,9.14
9744,5.78053,2332,8.75
9745,5.78055,2334,8.76
9746,5.77799,2106,7.90
9747,5.79524,2442,9.16
9748,5.76947,2358,8.85
9749,5.78436,2645,9.93
9750,5.77898,2597,9.74
9751,5.78221,2146,8.05
9752,5.78209,2679,10.05
9753,5.78424,2458,9.22
9754,5.78194,2468,9.26
9755,5.78431,2481,9.31
9756,5.77665,2341,8.79
9757,5.79252,2308,8.66
9758,5.76062,2591,9.72
9759,5.78462,2532,9.50
9760,5.78875,2619,9.83
9761,5.78381,2197,8.24
9762,5.79066,2350,8.82
9763,5.77536,1988,7.46
9764,5.78278,2004,7.52
9765,5.79371,2329,8.74
9766,5.77328,2048,7.69
9767,5.78346,2172,8.15
9768,5.77685,2387,8.96
9769,5.79055,2537,9.52
9770,5.78781,2439,9.15
9771,5.77497,2589,9.72
9772,5.78219,2715,10.18
9773,5.77850,2159,8.10
9774,5.78432,2635,9.89
9775,5.78609,2480,9.30
9776,5.77064,2486,9.33
9777,5.77562,2687,10.08
9778,5.77309,2769,10.39
9779,5.78069,2401,9.01
9780,5.77588,2251,8.44
9781,5.78741,2472,9.28
9782,5.77495,2514,9.43
9783,5.79924,2101,7.88
9784,5.78111,1559,5.85
9785,5.77668,407,1.53
9786,5.77868,1065,3.99
9787,5.78543,1451,5.44
9788,5.77509,1291,4.84
9789,5.77701,1164,4.37
9790,5.77549,2109,7.91
9791,5.77942,2234,8.38
9792,5.78553,2291,8.60
9793,5.81411,2158,8.10
9794,5.77650,584,2.19
9795,5.82336,2083,7.82
9796,5.76846,1973,7.40
9797,5.79819,2393,8.98
9798,5.77463,2084,7.82
9799,5.79744,2055,7.71
9800,5.77790,2255,8.46
9801,5.79443,111,0.42
9802,5.77536,869,3.26
9803,5.78880,1042,3.91
9804,5.78920,639,2.40
9805,5.78779,1422,5.34
9806,5.77135,2052,7.70
9807,5.79232,1908,7.16
9808,5.78009,1990,7.47
9809,5.79298,517,1.94
9810,5.78696,1544,5.79
9811,5.78339,1827,6.86
9812,5.78882,2151,8.07
9813,5.78143,2265,8.50
9814,5.78275,1905,7.15
9815,5.78705,1961,7.36
9816,5.78091,2056,7.72
9817,5.78910,1782,6.69
9818,5.78190,2058,7.72
9819,5.79730,1716,6.44
9820,5.78171,1938,7.27
9821,5.78058,2380,8.93
9822,5.78329,2181,8.18
9823,5.78401,2092,7.85
9824,5.77667,2187,8.21
9825,5.78346,1975,7.41
9826,5.77918,2224,8.34
9827,5.78201,2030,7.62
9828,5.78657,2059,7.73
9829,5.78216,2064,7.75
9830,5.78421,1846,6.93
9831,5.77425,1744,6.54
9832,5.77806,1644,6.17
9833,5.78536,1788,6.71
9834,5.77952,2117,7.94
9835,5.78331,1851,6.95
9836,5.77454,2283,8.56
9837,5.76930,2342,8.79
9838,5.77554,1965,7.37
9839,5.79134,2186,8.20
9840,5.77498,2077,7.79
9841,5.78710,2263,8.49
9842,5.77477,2282,8.56
9843,5.79344,1968,7.38
9844,5.76441,1906,7.15
9845,5.78615,1631,6.12
9846,5.78296,2024,7.60
9847,5.79105,2000,7.50
9848,5.78692,2123,7.97
9849,5.78183,2150,8.07
9850,5.77831,2570,9.64
9851,5.78387,1963,7.36
9852,5.78759,2239,8.40
9853,5.79383,2329,8.74
9854,5.77796,2411,9.05
9855,5.78252,2125,7.97
9856,5.77864,2373,8.90
9857,5.78317,2101,7.88
9858,5.78767,2075,7.79
9859,5.78104,2148,8.06
9860,5.78917,1950,7.32
9861,5.77706,2049,7.69
9862,5.77632,2108,7.91
9863,5.78389,2182,8.19
9864,5.77971,2198,8.25
9865,5.78480,2432,9.12
9866,5.78265,2350,8.82
9867,5.79120,2110,7.92
9868,5.77946,2263,8.49
9869,5.78710,2351,8.82
9870,5.78661,2312,8.68
9871,5.78598,2416,9.06
9872,5.78184,2472,9.27
9873,5.77771,2569,9.64
9874,5.77935,2163,8.12
9875,5.77988,2243,8.42
9876,5.78375,1794,6.73
9877,5.78588,1669,6.26
9878,5.77516,2453,9.20
9879,5.78111,2566,9.63
9880,5.77549,2667,10.01
9881,5.77841,2246,8.43
9882,5.78519,2253,8.45
9883,5.77723,2521,9.46
9884,5.78226,2333,8.76
9885,5.77477,2431,9.12
9886,5.78008,2580,9.68
9887,5.78228,2646,9.93
9888,5.78549,2602,9.76
9889,5.77883,2554,9.58
9890,5.78347,2496,9.37
9891,5.78493,2555,9.59
9892,5.78596,2155,8.09
9893,5.78352,2089,7.84
9894,5.77968,2036,7.64
9895,5.78575,1946,7.30
9896,5.78700,2175,8.16
9897,5.78450,2120,7.96
9898,5.77746,2381,8.93
9899,5.77869,2550,9.57
9900,5.78608,2328,8.73
9901,5.78544,127,0.48
9902,5.78539,1008,3.78
9903,5.78165,2150,8.07
9904,5.78118,1922,7.21
9905,5.77827,1956,7.34
9906,5.77162,1784,6.69
9907,5.77262,1677,6.29
9908,5.78810,1950,7.32
9909,5.77463,2286,8.58
9910,5.77069,2062,7.74
9911,5.77378,1999,7.50
9912,5.76963,2051,7.70
9913,5.77411,2311,8.67
9914,5.77793,2106,7.90
9915,5.79090,1965,7.37
9916,5.76931,2112,7.92
9917,5.78665,1913,7.18
9918,5.78460,2158,8.10
9919,5.77408,2013,7.55
9920,5.77690,2001,7.51
9921,5.76756,2164,8.12
9922,5.77872,2168,8.13
9923,5.78445,2164,8.12
9924,5.77421,2268,8.51
9925,5.77980,2324,8.72
9926,5.78997,2026,7.60
9927,5.77125,2237,8.39
9928,5.76837,1972,7.40
9929,5.78131,1923,7.22
9930,5.77703,1872,7.02
9931,5.77717,2350,8.82
9932,5.78222,2066,7.75
9933,5.78333,1981,7.43
9934,5.77915,2109,7.91
9935,5.81766,2207,8.28
9936,5.76938,2439,9.15
9937,5.83442,2483,9.32
9938,5.78214,2499,9.37
9939,5.80347,2639,9.90
9940,5.77485,2612,9.80
9941,5.78447,2544,9.55
9942,5.78620,2517,9.44
9943,5.77912,2613,9.81
9944,5.77305,2665,10.00
9945,5.77654,2607,9.78
9946,5.78059,2588,9.71
9947,5.77546,2241,8.41
9948,5.78422,2604,9.77
9949,5.78807,2575,9.66
9950,5.79618,2594,9.73
9951,5.78632,2233,8.38
9952,5.78763,2367,8.88
9953,5.78536,2443,9.17
9954,5.78572,2337,8.77
9955,5.78282,2491,9.35
9956,5.77768,2582,9.69
9957,5.77476,2416,9.07
9958,5.78286,2321,8.71
9959,5.78318,2604,9.77
9960,5.78050,2642,9.91
9961,5.78501,2650,9.94
9962,5.77965,2639,9.90
9963,5.78216,2337,8.77
9964,5.78298,2688,10.08
9965,5.78226,2625,9.85
9966,5.78053,2438,9.15
9967,5.77716,2610,9.79
9968,5.77840,2509,9.41
9969,5.77416,2611,9.80
9970,5.79636,2694,10.11
9971,5.78038,2498,9.37
9972,5.77975,2491,9.35
9973,5.78107,2634,9.88
9974,5.76964,2663,9.99
9975,5.78162,2143,8.04
9976,5.77776,2292,8.60
9977,5.78384,2392,8.97
9978,5.80370,2644,9.92
9979,5.77188,2555,9.59
9980,5.84155,2388,8.96
9981,5.78989,2233,8.38
9982,5.79042,2261,8.48
9983,5.81153,2564,9.62
9984,5.78331,2660,9.98
9985,5.80013,2682,10.06
9986,5.78172,2742,10.29
9987,5.78751,2765,10.37
9988,5.79703,2718,10.20
9989,5.79156,2617,9.82
9990,5.78062,2371,8.90
9991,5.78403,2702,10.14
9992,5.78217,2709,10.16
9993,5.77704,2697,10.12
9994,5.78196,2658,9.97
9995,5.77277,2675,10.04
9996,5.78103,2558,9.60
9997,5.78547,2723,10.22
9998,5.78734,2762,10.36
9999,5.77740,2772,10.40
10000,5.78768,2621,9.83
10001,5.77823,125,0.47
10002,5.78525,2631,9.87
10003,5.78379,2566,9.63
10004,5.77945,2627,9.86
10005,5.79311,2498,9.37
10006,5.77827,2508,9.41
10007,5.77841,2663,9.99
10008,5.78126,2653,9.96
10009,5.78595,2572,9.65
10010,5.78523,2618,9.82
10011,5.76689,2570,9.64
10012,5.78853,2716,10.19
10013,5.77890,2683,10.07
10014,5.78398,2692,10.10
10015,5.77622,2644,9.92
10016,5.77529,2431,9.12
10017,5.78505,2767,10.38
10018,5.77814,2577,9.67
10019,5.79164,2483,9.32
10020,5.78567,2375,8.91
10021,5.77461,2300,8.63
10022,5.77576,2415,9.06
10023,5.78383,2457,9.22
10024,5.77009,2200,8.25
10025,5.77684,2694,10.11
10026,5.77244,2587,9.71
10027,5.77982,2558,9.60
10028,5.78078,2731,10.25
10029,5.78022,2681,10.06
10030,5.77836,2769,10.39
10031,5.76244,2605,9.77
10032,5.78285,2657,9.97
10033,5.77501,2739,10.28
10034,5.77157,2575,9.66
10035,5.77336,2753,10.33
10036,5.77389,2502,9.39
10037,5.78382,2674,10.03
10038,5.78775,2544,9.55
10039,5.77890,2291,8.59
10040,5.78406,2488,9.34
10041,5.77781,2430,9.12
10042,5.77252,2407,9.03
10043,5.77327,2377,8.92
10044,5.79314,1430,5.37
10045,5.78162,2140,8.03
10046,5.77999,2157,8.09
10047,5.77615,1667,6.25
10048,5.77518,2174,8.16
10049,5.78776,2098,7.87
10050,5.77080,2168,8.14
10051,5.78753,2137,8.02
10052,5.79054,2118,7.94
10053,5.76880,2362,8.86
10054,5.78694,2298,8.62
10055,5.78150,2250,8.44
10056,5.78645,2083,7.81
10057,5.76479,2442,9.16
10058,5.78127,2373,8.90
10059,5.77669,2308,8.66
10060,5.77721,2361,8.86
10061,5.78195,2141,8.03
10062,5.78213,2448,9.18
10063,5.77765,2248,8.44
10064,5.77659,2189,8.21
10065,5.77701,2395,8.99
10066,5.78754,2272,8.53
10067,5.78298,2275,8.54
10068,5.76867,2280,8.56
10069,5.77925,2314,8.68
10070,5.77022,2346,8.80
10071,5.78033,2539,9.53
10072,5.78149,2443,9.16
10073,5.77980,2455,9.21
10074,5.77601,2328,8.73
10075,5.78080,2281,8.56
10076,5.76805,2242,8.41
10077,5.78342,1585,5.95
10078,5.78396,2175,8.16
10079,5.77328,2426,9.10
10080,5.78482,2415,9.06
10081,5.78997,2708,10.16
10082,5.78323,2552,9.58
10083,5.77484,2679,10.05
10084,5.77622,2646,9.93
10085,5.78140,2585,9.70
10086,5.77392,2705,10.15
10087,5.77891,2599,9.75
10088,5.77639,2130,7.99
10089,5.79433,2718,10.20
10090,5.77517,2585,9.70
10091,5.77826,2683,10.07
10092,5.77507,2541,9.54
10093,5.78090,2697,10.12
10094,5.78354,2569,9.64
10095,5.78565,2483,9.32
10096,5.77934,2673,10.03
10097,5.77466,2519,9.45
10098,5.77880,2616,9.82
10099,5.77565,2669,10.01
10100,5.78458,2636,9.89
10101,5.77559,125,0.47
10102,5.77224,2648,9.94
10103,5.78249,2588,9.71
10104,5.76468,2699,10.13
10105,5.78367,2591,9.72
10106,5.77225,2605,9.77
10107,5.77476,2646,9.93
10108,5.78463,2698,10.12
10109,5.77947,2643,9.91
10110,5.77844,2707,10.16
10111,5.78001,2473,9.28
10112,5.78136,2407,9.03
10113,5.77458,2405,9.02
10114,5.77622,2526,9.48
10115,5.77176,2501,9.39
10116,5.77925,2511,9.42
10117,5.76997,2618,9.82
10118,5.77597,2593,9.73
10119,5.77828,2643,9.92
10120,5.77122,2570,9.64
10121,5.77709,2357,8.84
10122,5.77515,2672,10.02
10123,5.77389,2349,8.81
10124,5.77325,2562,9.61
10125,5.77477,2427,9.11
10126,5.76918,2611,9.80
10127,5.77148,2543,9.54
10128,5.78481,2563,9.62
10129,5.77037,2671,10.02
10130,5.77168,2576,9.67
10131,5.77563,2616,9.81
10132,5.77828,2488,9.33
10133,5.76650,82,0.31
10134,5.77926,2302,8.64
10135,5.78577,2229,8.36
10136,5.78784,2552,9.57
10137,5.78676,2563,9.62
10138,5.79178,2538,9.52
10139,5.77654,2656,9.97
10140,5.77751,2376,8.92
10141,5.78295,2581,9.68
10142,5.77489,2373,8.90
10143,5.78539,2439,9.15
10144,5.77367,2592,9.73
10145,5.77733,2657,9.97
10146,5.77634,2670,10.02
10147,5.77795,2554,9.58
10148,5.76983,2581,9.68
10149,5.76763,2486,9.33
10150,5.77554,2551,9.57
10151,5.77994,2456,9.21
10152,5.77920,2614,9.81
10153,5.77463,2685,10.08
10154,5.76851,2692,10.10
10155,5.77296,2665,10.00
10156,5.78245,2594,9.73
10157,5.77378,2581,9.68
10158,5.77464,2478,9.30
10159,5.78351,2646,9.93
10160,5.77328,2382,8.94
10161,5.77921,2660,9.98
10162,5.77555,2683,10.07
10163,5.76381,2636,9.89
10164,5.77443,2702,10.14
10165,5.77276,2666,10.00
10166,5.77920,2658,9.97
10167,5.77549,2585,9.70
10168,5.78505,2588,9.71
10169,5.78185,2062,7.74
10170,5.76616,2324,8.72
10171,5.77978,2193,8.23
10172,5.77230,1600,6.00
10173,5.77239,2271,8.52
10174,5.78222,2465,9.25
10175,5.77624,2592,9.73
10176,5.77239,2481,9.31
10177,5.77690,2118,7.95
10178,5.77392,2044,7.67
10179,5.78110,2288,8.58
10180,5.76770,2285,8.57
10181,5.80427,2288,8.58
10182,5.77204,2454,9.21
10183,5.81925,2275,8.54
10184,5.77450,2445,9.17
10185,5.81845,2423,9.09
10186,5.76624,2626,9.85
10187,5.79363,2459,9.23
10188,5.77110,2520,9.45
10189,5.78200,2493,9.35
10190,5.78158,2452,9.20
10191,5.77387,2511,9.42
10192,5.76205,2031,7.62
10193,5.78030,2041,7.66
10194,5.77839,2480,9.30
10195,5.78524,2535,9.51
10196,5.78377,2641,9.91
10197,5.77491,2420,9.08
10198,5.78234,2571,9.65
10199,5.77940,2453,9.20
10200,5.77571,2552,9.58
10201,5.77853,125,0.47
10202,5.77922,2207,8.28
10203,5.78128,2316,8.69
10204,5.76587,2598,9.75
10205,5.76995,2285,8.57
10206,5.77967,2462,9.24
10207,5.77706,2232,8.37
10208,5.78076,2251,8.45
10209,5.77752,2359,8.85
10210,5.77867,2279,8.55
10211,5.77987,2373,8.90
10212,5.78267,2515,9.44
10213,5.77243,2428,9.11
10214,5.77033,2330,8.74
10215,5.77487,2346,8.80
10216,5.78370,2096,7.86
10217,5.77020,2622,9.84
10218,5.77346,2682,10.06
10219,5.77238,2561,9.61
10220,5.77466,2654,9.96
10221,5.77525,2721,10.21
10222,5.77822,2651,9.95
10223,5.78086,2655,9.96
10224,5.77183,2552,9.58
10225,5.77372,2704,10.15
10226,5.77667,2621,9.83
10227,5.77700,2494,9.36
10228,5.76154,2667,10.01
10229,5.76836,2563,9.62
10230,5.77616,2475,9.29
10231,5.77892,2650,9.94
10232,5.77442,2703,10.14
10233,5.77737,2632,9.88
10234,5.76244,2545,9.55
10235,5.78519,2209,8.29
10236,5.76678,2728,10.23
10237,5.78093,2312,8.67
10238,5.78357,2669,10.01
10239,5.77068,2625,9.85
10240,5.77453,2601,9.76
10241,5.77941,2655,9.96
10242,5.77327,2501,9.38
10243,5.78199,2556,9.59
10244,5.78424,2530,9.49
10245,5.77631,2594,9.73
10246,5.77141,2627,9.86
10247,5.78384,2548,9.56
10248,5.79106,2533,9.51
10249,5.75811,2545,9.55
10250,5.78607,2760,10.36
10251,5.77652,2464,9.24
10252,5.78918,2569,9.64
10253,5.77831,2198,8.25
10254,5.77143,2643,9.92
10255,5.77657,2231,8.37
10256,5.77285,2715,10.19
10257,5.78248,2564,9.62
10258,5.77606,2679,10.05
10259,5.78358,2524,9.47
10260,5.77262,2669,10.02
10261,5.78032,2645,9.92
10262,5.77455,2742,10.29
10263,5.77221,2680,10.05
10264,5.77978,2675,10.04
10265,5.78194,2732,10.25
10266,5.77677,2678,10.05
10267,5.77361,2680,10.05
10268,5.78290,2618,9.82
10269,5.78111,2759,10.35
10270,5.78248,2662,9.99
10271,5.77070,2662,9.99
10272,5.77545,2130,7.99
10273,5.76998,2282,8.56
10274,5.76961,2309,8.66
10275,5.76795,2032,7.62
10276,5.76773,2583,9.69
10277,5.77456,2679,10.05
10278,5.77703,2459,9.23
10279,5.77299,2695,10.11
10280,5.77777,2600,9.75
10281,5.76775,2593,9.73
10282,5.77198,2681,10.06
10283,5.77506,2620,9.83
10284,5.77544,2609,9.79
10285,5.82134,2528,9.49
10286,5.77260,2702,10.14
10287,5.81637,2614,9.81
10288,5.77255,2646,9.93
10289,5.79411,2699,10.13
10290,5.77277,2661,9.98
10291,5.78916,2120,7.96
10292,5.77006,2648,9.93
10293,5.79106,2699,10.13
10294,5.77169,2572,9.65
10295,5.77861,2587,9.71
10296,5.77758,2548,9.56
10297,5.78265,2428,9.11
10298,5.77582,2748,10.31
10299,5.78882,2694,10.11
10300,5.76800,2506,9.40
10201,5.77609,20,0.08
10202,5.76075,1138,4.27
10203,5.77702,1314,4.93
10204,5.77267,1310,4.92
10205,5.76990,1282,4.81
10206,5.78101,1185,4.45
10207,5.77995,1456,5.46
10208,5.78087,1311,4.92
10209,5.78633,1507,5.65
10210,5.77872,1517,5.69
10211,5.77974,1458,5.47
10212,5.77474,1432,5.37
10213,5.85565,1546,5.80
10214,5.78093,1799,6.75
10215,5.80499,1811,6.80
10216,5.79164,1748,6.56
10217,5.77197,2119,7.95
10218,5.79935,1975,7.41
10219,5.78460,1730,6.49
10220,5.78066,1164,4.37
10221,5.78336,1166,4.37
10222,5.77042,1294,4.86
10223,5.78193,1540,5.78
10224,5.77698,1398,5.24
10225,5.77993,1445,5.42
10226,5.78392,1284,4.82
10227,5.77438,1304,4.89
10228,5.77109,1505,5.65
10229,5.76796,1593,5.98
10230,5.78412,1242,4.66
10231,5.78454,1455,5.46
10232,5.78068,1449,5.44
10233,5.77587,1155,4.33
10234,5.77954,1056,3.96
10235,5.78185,997,3.74
10236,5.77257,975,3.66
10237,5.78788,1392,5.22
10238,5.78371,1299,4.87
10239,5.77407,1481,5.56
10240,5.78514,1409,5.28
10241,5.77903,1246,4.68
10242,5.78041,1114,4.18
10243,5.77852,1145,4.30
10244,5.77041,1483,5.56
10245,5.77975,1641,6.16
10246,5.77123,1903,7.14
10247,5.77579,1379,5.17
10248,5.77814,1368,5.13
10249,5.77731,1585,5.95
10250,5.76819,1455,5.46
10251,5.77733,1470,5.52
10252,5.77823,1069,4.01
10253,5.78242,1226,4.60
10254,5.77386,1055,3.96
10255,5.78738,1216,4.56
10256,5.78685,1317,4.94
10257,5.77853,1286,4.82
10258,5.77107,1582,5.94
10259,5.77502,1167,4.38
10260,5.78727,1247,4.68
10261,5.76566,1331,5.00
10262,5.77703,1270,4.76
10263,5.78367,1303,4.89
10264,5.77741,2036,7.64
10265,5.78032,1516,5.69
10266,5.77685,1445,5.42
10267,5.78493,1317,4.94
10268,5.77657,1886,7.08
10269,5.78275,2042,7.66
10270,5.78049,1695,6.36
10271,5.78412,1447,5.43
10272,5.77579,1432,5.37
10273,5.78508,1280,4.80
10274,5.77947,1175,4.41
10275,5.77401,1273,4.78
10276,5.77277,1418,5.32
10277,5.78143,1580,5.93
10278,5.77231,1388,5.21
10279,5.77487,1446,5.43
10280,5.78393,1202,4.51
10281,5.77793,1159,4.35
10282,5.78399,959,3.60
10283,5.76885,1084,4.07
10284,5.78440,1342,5.03
10285,5.77229,1580,5.93
10286,5.77738,1702,6.38
10287,5.77699,1286,4.83
10288,5.76796,1408,5.28
10289,5.77700,1596,5.99
10290,5.78498,1493,5.60
10291,5.78168,1462,5.48
10292,5.77759,1875,7.04
10293,5.77898,2488,9.33
10294,5.77168,1576,5.91
10295,5.80379,1184,4.44
10296,5.77113,1311,4.92
10297,5.81988,1828,6.86
10298,5.77364,1433,5.38
10299,5.79312,1378,5.17
10300,5.77386,1434,5.38
10301,5.78865,126,0.47
10302,5.77361,1316,4.94
10303,5.77867,1285,4.82
10304,5.77729,1236,4.64
10305,5.77819,1363,5.11
10306,5.77318,1226,4.60
10307,5.77672,1342,5.04
10308,5.77757,1358,5.10
10309,5.78035,1388,5.21
10310,5.77498,1086,4.07
10311,5.78103,1276,4.79
10312,5.78765,1407,5.28
10313,5.78376,1518,5.69
10314,5.78202,1153,4.33
10315,5.77703,1545,5.80
10316,5.77041,1353,5.08
10317,5.76704,1177,4.42
10318,5.78473,1431,5.37
10319,5.78776,1354,5.08
10320,5.77774,1899,7.13
10321,5.77330,1476,5.54
10322,5.75836,1368,5.13
10323,5.76740,1584,5.94
10324,5.77410,2499,9.38
10325,5.77517,1689,6.34
10326,5.77342,1681,6.31
10327,5.77730,1277,4.79
10328,5.78151,1190,4.47
10329,5.77335,1132,4.25
10330,5.76939,1518,5.70
10331,5.78084,2464,9.25
10332,5.77325,2392,8.98
10333,5.76964,2438,9.15
10334,5.78472,1652,6.20
10335,5.77823,1674,6.28
10336,5.77857,2334,8.76
10337,5.78474,1330,4.99
10338,5.77092,1272,4.77
10339,5.77867,1128,4.23
10340,5.77488,1276,4.79
10341,5.77840,1324,4.97
10342,5.77656,2446,9.18
10343,5.78383,2407,9.03
10344,5.77082,2346,8.80
10345,5.77610,1467,5.50
10346,5.77688,1427,5.36
10347,5.78081,1392,5.22
10348,5.78788,1099,4.12
10349,5.77574,1089,4.08
10350,5.77786,1197,4.49
10351,5.77015,1201,4.51
10352,5.77085,1498,5.62
10353,5.77259,2114,7.93
10354,5.76687,2397,8.99
10355,5.78108,1798,6.75
10356,5.76428,1513,5.68
10357,5.77534,1329,4.99
10358,5.78296,2505,9.40
10359,5.77740,1512,5.67
10360,5.77841,1950,7.32
10361,5.77225,1943,7.29
10362,5.77233,1309,4.91
10363,5.77780,2310,8.67
10364,5.76569,1640,6.15
10365,5.78924,1401,5.26
10366,5.77702,1255,4.71
10367,5.77448,1285,4.82
10368,5.76090,1340,5.03
10369,5.77194,1288,4.83
10370,5.78097,1259,4.72
10371,5.77634,1276,4.79
10372,5.77308,984,3.69
10373,5.77855,1486,5.58
10374,5.76729,1374,5.16
10375,5.78343,1379,5.17
10376,5.76900,1497,5.62
10377,5.77480,1410,5.29
10378,5.77475,1993,7.48
10379,5.78058,2332,8.75
10380,5.76478,2020,7.58
10381,5.76493,1850,6.94
10382,5.78601,1348,5.06
10383,5.77218,1207,4.53
10384,5.78287,1516,5.69
10385,5.78121,2324,8.72
10386,5.77486,1971,7.39
10387,5.77524,1934,7.26
10388,5.78125,1475,5.53
10389,5.78059,1647,6.18
10390,5.77588,1051,3.94
10391,5.77794,1191,4.47
10392,5.77270,1313,4.93
10393,5.77186,1165,4.37
10394,5.78465,1028,3.86
10395,5.78925,1427,5.36
10396,5.77959,1535,5.76
10397,5.78269,1626,6.10
10398,5.77418,1747,6.56
10399,5.76865,1955,7.34
10400,5.77340,1450,5.44
10401,5.77632,127,0.48
10402,5.77555,1624,6.09
10403,5.78237,1414,5.31
10404,5.77898,1396,5.24
10405,5.76934,1546,5.80
10406,5.77467,1450,5.44
10407,5.79364,1213,4.55
10408,5.76719,1142,4.29
10409,5.82453,1408,5.28
10410,5.76918,1844,6.92
10411,5.79086,1694,6.36
10412,5.77446,1292,4.85
10413,5.77367,1035,3.88
10414,5.77430,1495,5.61
10415,5.77131,947,3.55
10416,5.78937,512,1.92
10417,5.76890,531,1.99
10418,5.77411,600,2.25
10419,5.78578,1522,5.71
10420,5.77911,1645,6.17
10421,5.77773,1622,6.09
10422,5.77146,2022,7.59
10423,5.79258,471,1.77
10424,5.78010,1229,4.61
10425,5.77744,1904,7.14
10426,5.78200,1474,5.53
10427,5.77056,1459,5.47
10428,5.77575,1783,6.69
10429,5.77324,2487,9.33
10430,5.77850,1561,5.86
10431,5.78255,1486,5.58
10432,5.76884,1763,6.61
10433,5.77548,1342,5.03
10434,5.77979,1299,4.87
10435,5.77282,1400,5.25
10436,5.77806,1340,5.03
10437,5.77434,1121,4.21
10438,5.78031,1232,4.62
10439,5.78209,1001,3.76
10440,5.77624,1258,4.72
10441,5.77209,1232,4.62
10442,5.77918,1082,4.06
10443,5.76300,1403,5.26
10444,5.76892,1531,5.74
10445,5.77574,1521,5.71
10446,5.77823,1532,5.75
10447,5.77192,1645,6.17
10448,5.77226,1225,4.60
10449,5.77876,1767,6.63
10450,5.78291,1870,7.02
10451,5.77562,1636,6.14
10452,5.76857,1070,4.02
10453,5.77115,1282,4.81
10454,5.77985,1788,6.71
10455,5.77819,1310,4.91
10456,5.78427,1373,5.15
10457,5.77367,1068,4.01
10458,5.77189,1409,5.29
10459,5.77019,1305,4.90
10460,5.77643,1350,5.07
10461,5.77684,1269,4.76
10462,5.78284,885,3.32
10463,5.77568,1230,4.61
10464,5.77350,1369,5.14
10465,5.77065,1137,4.26
10466,5.76938,1352,5.07
10467,5.77353,898,3.37
10468,5.77645,1121,4.21
10469,5.77878,1103,4.14
10470,5.77265,1351,5.07
10471,5.76493,1279,4.80
10472,5.77141,1544,5.79
10473,5.76931,1352,5.07
10474,5.77729,1502,5.64
10475,5.77927,2112,7.92
10476,5.77809,1335,5.01
10477,5.77141,1425,5.35
10478,5.76716,1406,5.28
10479,5.77614,1125,4.22
10480,5.76298,1306,4.90
10481,5.78069,984,3.69
10482,5.77367,869,3.26
10483,5.76535,933,3.50
10484,5.78097,760,2.85
10485,5.77766,693,2.60
10486,5.77463,670,2.51
10487,5.78245,516,1.94
10488,5.77578,605,2.27
10489,5.78110,534,2.00
10490,5.77968,579,2.17
10491,5.77392,435,1.63
10492,5.77371,467,1.75
10493,5.76882,409,1.53
10494,5.77083,308,1.16
10495,5.76745,155,0.58
10496,5.77226,128,0.48
10497,5.77441,40,0.15
10498,5.77602,46,0.17
10499,5.77912,159,0.60
10500,5.77062,281,1.05
10501,5.78480,124,0.47
10502,5.76886,1158,4.35
10503,5.76996,1019,3.82
10504,5.78012,1502,5.63
10505,5.76934,923,3.46
10506,5.77800,2115,7.94
10507,5.77672,1282,4.81
10508,5.77653,1212,4.55
10509,5.77674,1158,4.34
10510,5.76411,1458,5.47
10511,5.76984,1387,5.20
10512,5.76734,1383,5.19
10513,5.77887,1374,5.15
10514,5.77331,1174,4.40
10515,5.77450,1310,4.91
10516,5.78498,1337,5.02
10517,5.77708,1527,5.73
10518,5.77775,1438,5.39
10519,5.76534,1564,5.87
10520,5.77170,1883,7.07
10521,5.77722,1342,5.03
10522,5.77483,1329,4.99
10523,5.77467,1235,4.63
10524,5.77645,1209,4.54
10525,5.76780,1275,4.78
10526,5.77854,755,2.83
10527,5.77460,1200,4.50
10528,5.76157,1444,5.42
10529,5.77103,1401,5.26
10530,5.76496,1161,4.36
10531,5.76878,936,3.51
10532,5.77317,945,3.55
10533,5.77641,951,3.57
10534,5.78273,951,3.57
10535,5.77270,592,2.22
10536,5.76939,712,2.67
10537,5.76888,1131,4.24
10538,5.77153,1222,4.59
10539,5.77627,1248,4.68
10540,5.77537,1473,5.53
10541,5.77670,1220,4.58
10542,5.76968,1194,4.48
10543,5.77607,1279,4.80
10544,5.77624,1205,4.52
10545,5.77299,1410,5.29
10546,5.78276,1421,5.33
10547,5.77521,1427,5.36
10548,5.77310,1215,4.56
10549,5.77899,1265,4.75
10550,5.77964,1515,5.68
10551,5.77259,1300,4.88
10552,5.76344,1104,4.14
10553,5.77315,1216,4.56
10554,5.77377,1313,4.93
10555,5.76703,1224,4.59
10556,5.78245,1349,5.06
10557,5.77514,1558,5.85
10558,5.77778,1736,6.51
10559,5.76956,1426,5.35
10560,5.78172,1328,4.98
10561,5.77552,1343,5.04
10562,5.76768,1096,4.11
10563,5.78258,1250,4.69
10564,5.75969,1078,4.05
10565,5.77341,1088,4.08
10566,5.77504,943,3.54
10567,5.77130,1648,6.18
10568,5.77604,1396,5.24
10569,5.76791,1400,5.25
10570,5.77788,1538,5.77
10571,5.77263,1568,5.88
10572,5.76936,1286,4.83
10573,5.77105,1336,5.01
10574,5.77484,1305,4.90
10575,5.76499,1527,5.73
10576,5.77667,1442,5.41
10577,5.77425,1340,5.03
10578,5.77315,1829,6.86
10579,5.77817,2209,8.29
10580,5.77103,2248,8.44
10581,5.76434,1777,6.67
10582,5.77421,1393,5.23
10583,5.76882,1354,5.08
10584,5.76732,1119,4.20
10585,5.77449,824,3.09
10586,5.76149,1395,5.23
10587,5.77968,1269,4.76
10588,5.77621,1349,5.06
10589,5.76366,1510,5.67
10590,5.77888,1711,6.42
10591,5.77187,1375,5.16
10592,5.79469,1601,6.01
10593,5.76754,1554,5.83
10594,5.77636,1380,5.18
10595,5.76549,1471,5.52
10596,5.77601,1220,4.58
10597,5.76745,1425,5.35
10598,5.78993,1934,7.26
10599,5.77611,356,1.33
10600,5.76984,1508,5.66
10601,5.77409,131,0.49
10602,5.77908,1619,6.07
10603,5.77164,1658,6.22
10604,5.77610,1165,4.37
10605,5.76337,333,1.25
10606,5.77955,1678,6.30
10607,5.77309,1907,7.15
10608,5.78199,2038,7.65
10609,5.79072,1753,6.58
10610,5.77660,1781,6.68
10611,5.77322,1440,5.40
10612,5.77050,1728,6.48
10613,5.77849,1650,6.19
10614,5.77227,1722,6.46
10615,5.78704,1259,4.72
10616,5.76635,1303,4.89
10617,5.79175,1268,4.76
10618,5.77115,1818,6.82
10619,5.78491,1638,6.14
10620,5.77808,2470,9.27
10621,5.78469,2515,9.43
10622,5.77112,1724,6.47
10623,5.78329,1271,4.77
10624,5.77908,1227,4.60
10625,5.78266,1415,5.31
10626,5.76972,1348,5.06
10627,5.77960,1213,4.55
10628,5.77043,1658,6.22
10629,5.78030,1963,7.37
10630,5.77809,2471,9.27
10631,5.77265,1785,6.70
10632,5.77382,1704,6.39
10633,5.77432,1492,5.60
10634,5.76888,1498,5.62
10635,5.78640,1596,5.99
10636,5.76800,1960,7.35
10637,5.77212,2445,9.17
10638,5.77842,2173,8.15
10639,5.77572,1841,6.91
10640,5.77189,2035,7.63
10641,5.77831,1432,5.37
10642,5.78549,1522,5.71
10643,5.76303,1797,6.74
10644,5.79780,2114,7.93
10645,5.77477,1891,7.10
10646,5.80012,1709,6.41
10647,5.77255,1360,5.10
10648,5.78371,1525,5.72
10649,5.78463,1730,6.49
10650,5.77728,1983,7.44
10651,5.77578,2092,7.85
10652,5.77780,1495,5.61
10653,5.77122,1446,5.42
10654,5.77897,1717,6.44
10655,5.77869,1661,6.23
10656,5.78051,504,1.89
10657,5.78256,310,1.16
10658,5.78123,467,1.75
10659,5.78346,1531,5.75
10660,5.77646,1779,6.67
10661,5.78241,2162,8.11
10662,5.77704,497,1.87
10663,5.77654,1609,6.04
10664,5.78404,1334,5.00
10665,5.76924,1472,5.52
10666,5.77385,1640,6.15
10667,5.77769,1749,6.56
10668,5.76938,1376,5.16
10669,5.78242,1603,6.01
10670,5.77682,2245,8.42
10671,5.78787,2244,8.42
10672,5.77549,2579,9.68
10673,5.77742,2476,9.29
10674,5.77737,2260,8.48
10675,5.77940,1910,7.16
10676,5.77325,1668,6.26
10677,5.76982,1500,5.63
10678,5.77290,2096,7.86
10679,5.76973,1908,7.16
10680,5.77721,2108,7.91
10681,5.76768,1841,6.91
10682,5.77704,1725,6.47
10683,5.77798,1717,6.44
10684,5.76581,1821,6.83
10685,5.78142,1877,7.04
10686,5.77345,1793,6.73
10687,5.77484,2093,7.85
10688,5.77920,1975,7.41
10689,5.77069,2022,7.58
10690,5.78154,2525,9.47
10691,5.77332,2035,7.64
10692,5.77950,2067,7.76
10693,5.77830,2220,8.33
10694,5.77449,1650,6.19
10695,5.76579,1513,5.68
10696,5.77971,1899,7.12
10697,5.77131,1549,5.81
10698,5.77726,1681,6.31
10699,5.78095,1677,6.29
10700,5.77793,1575,5.91
10701,5.77235,130,0.49
10702,5.77548,2233,8.38
10703,5.77699,2215,8.31
10704,5.77504,2362,8.86
10705,5.77219,2257,8.47
10706,5.77329,2317,8.69
10707,5.77700,2159,8.10
10708,5.77163,1816,6.82
10709,5.76595,2063,7.74
10710,5.77386,1891,7.10
10711,5.82064,1905,7.15
10712,5.77252,1881,7.06
10713,5.81486,2152,8.08
10714,5.76400,2232,8.37
10715,5.79863,2251,8.44
10716,5.77527,2463,9.24
10717,5.80486,2520,9.45
10718,5.78591,2486,9.33
10719,5.78159,2114,7.93
10720,5.79269,2178,8.17
10721,5.79107,1953,7.33
10722,5.78497,1845,6.92
10723,5.77776,2553,9.58
10724,5.78714,2470,9.27
10725,5.78061,1978,7.42
10726,5.77028,2305,8.65
10727,5.78159,2054,7.71
10728,5.76639,2245,8.42
10729,5.76731,2085,7.82
10730,5.77631,1955,7.33
10731,5.77029,2302,8.64
10732,5.77980,2098,7.87
10733,5.78061,1874,7.03
10734,5.77787,2041,7.66
10735,5.77360,1730,6.49
10736,5.78253,1999,7.50
10737,5.78109,2215,8.31
10738,5.77585,2396,8.99
10739,5.77216,2655,9.96
10740,5.78963,2181,8.18
10741,5.77360,2533,9.51
10742,5.77027,2577,9.67
10743,5.78040,2221,8.33
10744,5.77499,2173,8.15
10745,5.76372,1845,6.92
10746,5.77095,1860,6.98
10747,5.77497,2576,9.66
10748,5.77357,2210,8.29
10749,5.77559,2311,8.67
10750,5.77249,2488,9.33
10751,5.77425,2598,9.75
10752,5.77626,2557,9.59
10753,5.77303,2429,9.11
10754,5.77266,2549,9.56
10755,5.76625,2608,9.79
10756,5.77252,1588,5.96
10757,5.77276,1599,6.00
10758,5.77373,1741,6.53
10759,5.76773,1956,7.34
10760,5.77389,2379,8.93
10761,5.78953,2473,9.28
10762,5.77543,2225,8.35
10763,5.77582,2604,9.77
10764,5.77564,2712,10.18
10765,5.76951,2579,9.68
10766,5.77403,2475,9.29
10767,5.76162,2511,9.42
10768,5.77206,1858,6.97
10769,5.77460,1932,7.25
10770,5.77575,1790,6.72
10771,5.77072,2220,8.33
10772,5.77944,1559,5.85
10773,5.77714,1478,5.55
10774,5.77874,2235,8.39
10775,5.77810,2482,9.31
10776,5.77022,2572,9.65
10777,5.76354,2586,9.70
10778,5.76937,2642,9.91
10779,5.77934,2391,8.97
10780,5.76448,2601,9.76
10781,5.77805,2631,9.87
10782,5.77449,2593,9.73
10783,5.76791,2313,8.68
10784,5.77067,2128,7.98
10785,5.83257,1131,4.24
10786,5.76877,1245,4.67
10787,5.79754,1426,5.35
10788,5.76905,1256,4.71
10789,5.78686,796,2.99
10790,5.77189,1122,4.21
10791,5.77723,1470,5.52
10792,5.76678,1838,6.89
10793,5.78010,1275,4.79
10794,5.77331,1097,4.12
10795,5.77363,938,3.52
10796,5.77096,1319,4.95
10797,5.77975,1137,4.27
10798,5.77960,2493,9.35
10799,5.77578,2188,8.21
10800,5.78179,2389,8.96
10801,5.77510,132,0.49
10802,5.76737,2562,9.61
10803,5.77497,2502,9.39
10804,5.77031,2606,9.78
10805,5.78310,2646,9.93
10806,5.77390,2651,9.95
10807,5.77852,2611,9.80
10808,5.77456,2175,8.16
10809,5.76175,1828,6.86
10810,5.77895,1776,6.66
10811,5.76735,1697,6.37
10812,5.77328,1643,6.17
10813,5.76330,1813,6.80
10814,5.76885,1750,6.57
10815,5.77678,2193,8.23
10816,5.76175,2372,8.90
10817,5.76974,1917,7.19
10818,5.78404,2229,8.36
10819,5.77137,2592,9.73
10820,5.77837,1860,6.98
10821,5.77767,1564,5.87
10822,5.77706,1451,5.44
10823,5.76877,2130,7.99
10824,5.78064,2190,8.22
10825,5.76887,1690,6.34
10826,5.82530,1633,6.13
10827,5.77293,1834,6.88
10828,5.78449,1998,7.50
10829,5.77447,2632,9.87
10830,5.77689,2240,8.40
10831,5.77197,2605,9.77
10832,5.77650,2210,8.29
10833,5.77456,2308,8.66
10834,5.76401,2129,7.99
10835,5.77811,1979,7.43
10836,5.77553,1800,6.75
10837,5.77186,1804,6.77
10838,5.76793,2263,8.49
10839,5.78363,2357,8.84
10840,5.77990,2444,9.17
10841,5.76721,2477,9.30
10842,5.77655,2287,8.58
10843,5.77340,2639,9.90
10844,5.76930,2653,9.95
10845,5.78105,2220,8.33
10846,5.77998,2549,9.56
10847,5.76775,2610,9.79
10848,5.77643,2453,9.20
10849,5.78391,1810,6.79
10850,5.77826,1979,7.43
10851,5.76941,2613,9.80
10852,5.77721,2189,8.21
10853,5.77823,2365,8.87
10854,5.77104,2055,7.71
10855,5.76353,2082,7.81
10856,5.77550,1814,6.81
10857,5.77062,2159,8.10
10858,5.77307,2341,8.78
10859,5.78813,2148,8.06
10860,5.76477,2226,8.35
10861,5.77968,2500,9.38
10862,5.77472,2517,9.45
10863,5.78165,2251,8.44
10864,5.76625,2487,9.33
10865,5.77562,2543,9.54
10866,5.76581,2569,9.64
10867,5.77271,2481,9.31
10868,5.77474,2565,9.62
10869,5.77113,2569,9.64
10870,5.77396,2614,9.81
10871,5.77521,2483,9.32
10872,5.77267,2095,7.86
10873,5.76519,2510,9.42
10874,5.77272,2335,8.76
10875,5.77761,2492,9.35
10876,5.77623,2529,9.49
10877,5.77380,2438,9.15
10878,5.77466,2513,9.43
10879,5.80798,2567,9.63
10880,5.75845,2165,8.12
10881,5.81386,2487,9.33
10882,5.77265,1962,7.36
10883,5.78900,2333,8.75
10884,5.77530,2345,8.80
10885,5.76285,2319,8.70
10886,5.78552,2292,8.60
10887,5.76620,2304,8.64
10888,5.77217,2573,9.65
10889,5.76982,2014,7.56
10890,5.78343,2517,9.44
10891,5.78491,2513,9.43
10892,5.77222,2222,8.34
10893,5.77905,1736,6.51
10894,5.77139,2455,9.21
10895,5.77645,2646,9.93
10896,5.78162,2465,9.25
10897,5.77377,2616,9.82
10898,5.77480,2488,9.33
10899,5.76760,2510,9.42
10900,5.76168,2631,9.87
10901,5.77139,97,0.37
10902,5.77972,2583,9.69
10903,5.77610,2632,9.88
10904,5.77449,2463,9.24
10905,5.77432,2394,8.98
10906,5.78985,1766,6.62
10907,5.77475,2596,9.74
10908,5.77690,2471,9.27
10909,5.76887,2246,8.43
10910,5.77758,2478,9.30
10911,5.76650,2113,7.93
10912,5.77060,2347,8.81
10913,5.77941,2334,8.76
10914,5.77242,1398,5.25
10915,5.77009,1526,5.73
10916,5.77622,2065,7.75
10917,5.77782,2214,8.31
10918,5.76960,2296,8.62
10919,5.77312,2544,9.55
10920,5.76496,2404,9.02
10921,5.76505,2458,9.22
10922,5.76973,2419,9.08
10923,5.77193,2599,9.75
10924,5.77233,2564,9.62
10925,5.76577,2447,9.18
10926,5.77099,2584,9.70
10927,5.77797,2466,9.25
10928,5.77826,1631,6.12
10929,5.76063,2028,7.61
10930,5.77458,2461,9.24
10931,5.77386,2450,9.19
10932,5.77880,2334,8.76
10933,5.76005,2018,7.57
10934,5.76294,1826,6.85
10935,5.77445,2049,7.69
10936,5.77188,2483,9.32
10937,5.77757,2409,9.04
10938,5.77210,2466,9.25
10939,5.77448,2589,9.71
10940,5.77357,2613,9.81
10941,5.77067,2110,7.92
10942,5.76852,2447,9.18
10943,5.77212,2414,9.06
10944,5.76417,2371,8.90
10945,5.76707,2646,9.93
10946,5.77270,2543,9.54
10947,5.76736,2612,9.80
10948,5.76661,1916,7.19
10949,5.76615,1630,6.12
10950,5.77130,2286,8.58
10951,5.77616,2649,9.94
10952,5.77570,2280,8.55
10953,5.77215,2572,9.65
10954,5.77093,2619,9.83
10955,5.77132,2546,9.55
10956,5.77274,2478,9.30
10957,5.77312,2315,8.69
10958,5.77305,2559,9.60
10959,5.76027,2584,9.70
10960,5.76651,2597,9.74
10961,5.77491,2615,9.81
10962,5.76691,2553,9.58
10963,5.78134,1031,3.87
10964,5.77694,795,2.98
10965,5.77108,1240,4.65
10966,5.76343,998,3.74
10967,5.76370,911,3.42
10968,5.77855,728,2.73
10969,5.77236,1131,4.24
10970,5.78451,968,3.63
10971,5.76894,1388,5.21
10972,5.77158,1147,4.30
10973,5.76618,1373,5.15
10974,5.76888,2120,7.95
10975,5.76737,2196,8.24
10976,5.76551,2513,9.43
10977,5.76918,2525,9.47
10978,5.77771,2669,10.02
10979,5.77135,2329,8.74
10980,5.82623,2591,9.72
10981,5.76532,2311,8.67
10982,5.80379,2368,8.88
10983,5.78109,2041,7.66
10984,5.77490,2243,8.42
10985,5.78789,2553,9.58
10986,5.77459,2441,9.16
10987,5.76943,2634,9.88
10988,5.77036,2037,7.64
10989,5.77255,2454,9.21
10990,5.78215,2543,9.54
10991,5.77850,2394,8.98
10992,5.76659,2142,8.04
10993,5.78084,2599,9.75
10994,5.77494,2485,9.32
10995,5.77085,2606,9.78
10996,5.78278,2487,9.33
10997,5.76564,2561,9.61
10998,5.77511,2646,9.93
10999,5.77348,2539,9.53
11000,5.77005,2530,9.49
11001,5.77244,132,0.49
11002,5.77573,2620,9.83
11003,5.77425,2484,9.32
11004,5.76090,2476,9.29
11005,5.77545,2625,9.85
11006,5.77731,2462,9.24
11007,5.77359,2178,8.17
11008,5.77032,2200,8.25
11009,5.77334,2253,8.45
11010,5.78098,2035,7.64
11011,5.77563,2262,8.49
11012,5.77130,2249,8.44
11013,5.77394,2229,8.36
11014,5.77047,2053,7.70
11015,5.77742,2582,9.69
11016,5.76934,2557,9.59
11017,5.76364,2437,9.14
11018,5.76124,2099,7.88
11019,5.76094,2575,9.66
11020,5.76831,2327,8.73
11021,5.77265,2139,8.03
11022,5.76795,2425,9.10
11023,5.76612,2563,9.62
11024,5.75948,2533,9.50
11025,5.76908,2221,8.33
11026,5.77141,1988,7.46
11027,5.77486,2265,8.50
11028,5.77092,2674,10.03
11029,5.77027,2640,9.90
11030,5.76628,2520,9.46
11031,5.78513,2428,9.11
11032,5.76446,2625,9.85
11033,5.77760,2608,9.79
11034,5.76748,2305,8.65
11035,5.78594,2637,9.89
11036,5.78509,2558,9.60
11037,5.77999,2015,7.56
11038,5.77201,1769,6.64
11039,5.77768,1663,6.24
11040,5.77574,1799,6.75
11041,5.76902,2474,9.28
11042,5.76032,2528,9.49
11043,5.78089,2560,9.61
11044,5.76906,2561,9.61
11045,5.76861,2253,8.45
11046,5.77243,2183,8.19
11047,5.76664,2111,7.92
11048,5.76522,2285,8.57
11049,5.77610,1900,7.13
11050,5.76768,1682,6.31
11051,5.77049,2519,9.45
11052,5.75638,2531,9.49
11053,5.76854,2535,9.51
11054,5.77170,2614,9.81
11055,5.76777,2649,9.94
11056,5.77452,2575,9.66
11057,5.77487,2549,9.56
11058,5.76856,2658,9.97
11059,5.77199,2413,9.05
11060,5.76996,2492,9.35
11061,5.76722,2492,9.35
11062,5.76855,2602,9.76
11063,5.76520,2560,9.61
11064,5.77294,2369,8.89
11065,5.77483,2596,9.74
11066,5.76920,2098,7.87
11067,5.76938,1725,6.47
11068,5.76323,2495,9.36
11069,5.77157,2435,9.14
11070,5.77462,2296,8.62
11071,5.76929,2148,8.06
11072,5.76374,1694,6.36
11073,5.77302,2438,9.15
11074,5.75906,2319,8.70
11075,5.77481,2616,9.82
11076,5.76797,2494,9.36
11077,5.76599,2502,9.39
11078,5.76761,2535,9.51
11079,5.76515,2729,10.24
11080,5.76606,2599,9.75
11081,5.76408,2620,9.83
11082,5.77239,2652,9.95
11083,5.76845,2638,9.90
11084,5.76985,2152,8.07
11085,5.76926,2124,7.97
11086,5.77518,1943,7.29
11087,5.77071,2530,9.49
11088,5.77138,2251,8.44
11089,5.76959,2681,10.06
11090,5.77077,2231,8.37
11091,5.76879,2247,8.43
11092,5.77688,2448,9.19
11093,5.77379,2622,9.84
11094,5.76329,2065,7.75
11095,5.77464,2357,8.84
11096,5.77406,2558,9.60
11097,5.77139,2541,9.53
11098,5.76788,2653,9.95
11099,5.77624,2387,8.96
11100,5.76365,2319,8.70
11101,5.77261,130,0.49
11102,5.77187,2480,9.30
11103,5.76811,2483,9.32
11104,5.76582,2575,9.66
11105,5.76761,2527,9.48
11106,5.77744,2567,9.63
11107,5.77020,2665,10.00
11108,5.77089,2687,10.08
11109,5.77866,2564,9.62
11110,5.76471,2055,7.71
11111,5.77063,2278,8.55
11112,5.76996,2335,8.76
11113,5.76692,2603,9.77
11114,5.77578,2618,9.82
11115,5.76702,2378,8.92
11116,5.76735,2568,9.64
11117,5.76756,2269,8.51
11118,5.77498,2490,9.34
11119,5.76714,2591,9.72
11120,5.77434,2528,9.48
11121,5.77248,2403,9.01
11122,5.76718,2078,7.80
11123,5.77497,2645,9.92
11124,5.76857,2724,10.22
11125,5.76864,2725,10.22
11126,5.76615,2475,9.29
11127,5.76093,2324,8.72
11128,5.75994,358,1.34
11129,5.75687,676,2.54
11130,5.77605,911,3.42
11131,5.77391,2123,7.97
11132,5.76926,2084,7.82
11133,5.75833,2179,8.18
11134,5.76785,2434,9.13
11135,5.77225,661,2.48
11136,5.76806,2208,8.28
11137,5.76833,2079,7.80
11138,5.76338,2350,8.82
11139,5.77689,2621,9.83
11140,5.77850,2404,9.02
11141,5.75650,2644,9.92
11142,5.76981,2255,8.46
11143,5.77249,2502,9.39
11144,5.75961,2437,9.14
11145,5.77738,2384,8.95
11146,5.77012,2176,8.16
11147,5.77545,2311,8.67
11148,5.77776,1917,7.19
11149,5.77889,2081,7.81
11150,5.76482,2383,8.94
11151,5.78048,2205,8.27
11152,5.77041,2115,7.93
11153,5.76499,159,0.59
11154,5.76780,75,0.28
11155,5.77474,654,2.46
11156,5.76850,2308,8.66
11157,5.76636,2415,9.06
11158,5.77906,2203,8.27
11159,5.77163,2243,8.42
11160,5.77157,2185,8.20
11161,5.77340,1664,6.24
11162,5.77148,2443,9.17
11163,5.76770,2368,8.88
11164,5.77333,2204,8.27
11165,5.76925,2042,7.66
11166,5.77043,1732,6.50
11167,5.76659,1861,6.98
11168,5.77217,2232,8.37
11169,5.77032,2416,9.07
11170,5.76444,2316,8.69
11171,5.76986,2253,8.45
11172,5.76624,2019,7.58
11173,5.77612,1774,6.66
11174,5.78825,2036,7.64
11175,5.76097,2394,8.98
11176,5.82917,2143,8.04
11177,5.76718,938,3.52
11178,5.78267,749,2.81
11179,5.76688,125,0.47
11180,5.77343,195,0.73
11181,5.77265,2441,9.16
11182,5.76892,2342,8.79
11183,5.77923,2036,7.64
11184,5.76158,2099,7.88
11185,5.77305,2055,7.71
11186,5.76316,2262,8.49
11187,5.77251,2031,7.62
11188,5.76622,2221,8.33
11189,5.77257,2013,7.55
11190,5.76733,2105,7.90
11191,5.76031,2172,8.15
11192,5.77235,2258,8.47
11193,5.76945,1903,7.14
11194,5.77323,2088,7.83
11195,5.77072,2170,8.14
11196,5.77130,2532,9.50
11197,5.76899,2273,8.53
11198,5.76570,2510,9.42
11199,5.76831,2427,9.11
11200,5.77643,2544,9.54
11201,5.77851,132,0.49
11202,5.76608,2047,7.68
11203,5.78037,2309,8.67
11204,5.77067,2557,9.60
11205,5.76567,2527,9.48
11206,5.76109,2597,9.74
11207,5.76496,2475,9.29
11208,5.76547,2428,9.11
11209,5.75910,2590,9.72
11210,5.77061,2495,9.36
11211,5.76957,2376,8.92
11212,5.76857,2523,9.47
11213,5.76008,2511,9.42
11214,5.76488,2490,9.34
11215,5.76352,2575,9.66
11216,5.78001,2514,9.43
11217,5.77355,2566,9.63
11218,5.77292,2624,9.84
11219,5.76372,2547,9.56
11220,5.77989,2327,8.73
11221,5.76636,2479,9.30
11222,5.76363,2561,9.61
11223,5.77327,2090,7.84
11224,5.76719,2197,8.24
11225,5.77002,2398,9.00
11226,5.76928,2526,9.48
11227,5.77487,2501,9.38
11228,5.76713,2423,9.09
11229,5.76552,2612,9.80
11230,5.77426,1832,6.88
11231,5.76296,1650,6.19
11232,5.76335,1705,6.40
11233,5.76677,1745,6.55
11234,5.77154,2415,9.06
11235,5.77563,2084,7.82
11236,5.77790,2318,8.70
11237,5.75980,2404,9.02
11238,5.77512,2180,8.18
11239,5.76729,2279,8.55
11240,5.76033,2469,9.26
11241,5.77280,2417,9.07
11242,5.76824,2570,9.64
11243,5.77469,2359,8.85
11244,5.77165,2298,8.62
11245,5.77160,1940,7.28
11246,5.76057,2553,9.58
11247,5.77670,2395,8.99
11248,5.76807,2352,8.83
11249,5.77831,2116,7.94
11250,5.77290,2217,8.32
11251,5.76806,1639,6.15
11252,5.76470,1496,5.61
11253,5.77012,2327,8.73
11254,5.76151,2151,8.07
11255,5.77767,2534,9.51
11256,5.77409,2587,9.71
11257,5.77049,2503,9.39
11258,5.76823,2466,9.25
11259,5.77197,2668,10.01
11260,5.77556,2196,8.24
11261,5.76169,2371,8.90
11262,5.76105,2646,9.93
11263,5.76506,2673,10.03
11264,5.76146,2687,10.08
11265,5.76834,2623,9.84
11266,5.76327,2496,9.37
11267,5.76625,2605,9.77
11268,5.76921,2626,9.85
11269,5.77344,2343,8.79
11270,5.77723,2543,9.54
11271,5.77193,2665,10.00
11272,5.76949,2633,9.88
11273,5.77532,1734,6.51
11274,5.77131,2386,8.95
11275,5.76343,820,3.08
11276,5.76647,500,1.88
11277,5.76805,2460,9.23
11278,5.76872,2472,9.27
11279,5.76599,2497,9.37
11280,5.76361,2559,9.60
11281,5.76649,2565,9.62
11282,5.76902,2612,9.80
11283,5.76784,373,1.40
11284,5.77067,56,0.21
11285,5.76098,336,1.26
11286,5.77284,467,1.75
11287,5.77567,961,3.61
11288,5.76955,977,3.67
11289,5.76825,1019,3.82
11290,5.77045,1726,6.47
11291,5.77349,1682,6.31
11292,5.77547,1431,5.37
11293,5.76647,493,1.85
11294,5.77423,1295,4.86
11295,5.75323,1612,6.05
11296,5.75949,1070,4.01
11297,5.76202,167,0.63
11298,5.75832,136,0.51
11299,5.76694,347,1.30
11300,5.76132,1552,5.82
11301,5.77912,130,0.49
11302,5.76867,2090,7.84
11303,5.77302,1582,5.94
11304,5.77439,2159,8.10
11305,5.76934,2136,8.02
11306,5.76386,2153,8.08
11307,5.76733,1914,7.18
11308,5.76506,2266,8.50
11309,5.76759,1852,6.95
11310,5.77393,1969,7.39
11311,5.77684,1774,6.66
11312,5.76771,1554,5.83
11313,5.76727,2225,8.35
11314,5.76884,2346,8.80
11315,5.76620,2338,8.77
11316,5.77192,2260,8.48
11317,5.75938,2190,8.22
11318,5.76745,2029,7.61
11319,5.77090,2056,7.71
11320,5.76271,2215,8.31
11321,5.77378,343,1.29
11322,5.76340,2045,7.67
11323,5.76377,2285,8.58
11324,5.77187,2133,8.00
11325,5.77268,2301,8.63
11326,5.75478,2305,8.65
11327,5.76355,1535,5.76
11328,5.76921,1213,4.55
11329,5.76145,1532,5.75
11330,5.76694,1425,5.35
11331,5.76944,1330,4.99
11332,5.77001,1492,5.60
11333,5.76535,1427,5.36
11334,5.76160,1447,5.43
11335,5.77494,1446,5.43
11336,5.76226,1391,5.22
11337,5.76419,1465,5.50
11338,5.75968,1441,5.41
11339,5.76490,2147,8.05
11340,5.75706,2172,8.15
11341,5.77337,2503,9.39
11342,5.76898,2186,8.20
11343,5.76463,2364,8.87
11344,5.76418,2413,9.05
11345,5.77012,2475,9.28
11346,5.76351,2409,9.04
11347,5.77575,2207,8.28
11348,5.76781,2213,8.30
11349,5.77030,2092,7.85
11350,5.77101,2293,8.60
11351,5.77166,2203,8.26
11352,5.75918,2438,9.15
11353,5.76300,2328,8.74
11354,5.76393,2265,8.50
11355,5.76460,2513,9.43
11356,5.76663,2075,7.79
11357,5.76744,1580,5.93
11358,5.76261,2464,9.25
11359,5.76696,2600,9.76
11360,5.75860,2512,9.42
11361,5.77515,2525,9.47
11362,5.76965,2546,9.55
11363,5.76516,2546,9.55
11364,5.76037,1658,6.22
11365,5.76159,1302,4.89
11366,5.76099,1545,5.80
11367,5.76929,1469,5.51
11368,5.76397,1483,5.56
11369,5.77491,1468,5.51
11370,5.77009,1441,5.41
11371,5.75717,1507,5.65
11372,5.76817,1422,5.34
11373,5.76685,1405,5.27
11374,5.76547,1367,5.13
11375,5.76021,1261,4.73
11376,5.75771,906,3.40
11377,5.76315,2203,8.26
11378,5.77120,2388,8.96
11379,5.76864,2353,8.83
11380,5.76261,2299,8.63
11381,5.77141,2314,8.68
11382,5.77374,2359,8.85
11383,5.76205,2052,7.70
11384,5.76523,436,1.64
11385,5.76186,2276,8.54
11386,5.76693,2163,8.12
11387,5.76823,1790,6.72
11388,5.77327,1966,7.38
11389,5.75945,2120,7.95
11390,5.77590,2280,8.55
11391,5.76418,2342,8.79
11392,5.76941,2271,8.52
11393,5.77136,2507,9.41
11394,5.76158,2173,8.15
11395,5.77873,2537,9.52
11396,5.77205,2048,7.68
11397,5.77254,2212,8.30
11398,5.76459,2353,8.83
11399,5.77278,2195,8.24
11400,5.76040,2337,8.77
11401,5.76026,131,0.49
11402,5.77172,2057,7.72
11403,5.77501,2323,8.71
11404,5.76229,2218,8.32
11405,5.76002,2536,9.52
11406,5.76047,2091,7.85
11407,5.76721,2333,8.75
11408,5.76552,2435,9.14
11409,5.76229,2341,8.78
11410,5.75955,2428,9.11
11411,5.76760,351,1.32
11412,5.76219,2179,8.18
11413,5.76473,2429,9.11
11414,5.77213,2515,9.44
11415,5.76174,2334,8.76
11416,5.77602,1825,6.85
11417,5.76674,2063,7.74
11418,5.77123,2005,7.52
11419,5.76926,1931,7.25
11420,5.75268,1900,7.13
11421,5.77044,1679,6.30
11422,5.77212,277,1.04
11423,5.75965,1298,4.87
11424,5.75993,1901,7.13
11425,5.76518,2036,7.64
11426,5.77531,1597,5.99
11427,5.76655,1935,7.26
11428,5.77516,2230,8.37
11429,5.76280,2372,8.90
11430,5.76495,2221,8.33
11431,5.75735,2173,8.15
11432,5.76495,2372,8.90
11433,5.76934,2182,8.19
11434,5.76419,2410,9.04
11435,5.77003,2186,8.20
11436,5.77055,2130,7.99
11437,5.76196,2533,9.50
11438,5.75955,2376,8.91
11439,5.77307,2520,9.45
11440,5.76186,2422,9.09
11441,5.76666,2477,9.29
11442,5.76688,2304,8.64
11443,5.76682,2039,7.65
11444,5.76920,2174,8.16
11445,5.75964,2213,8.30
11446,5.76617,2520,9.45
11447,5.76958,1885,7.07
11448,5.75770,2010,7.54
11449,5.75982,2343,8.79
11450,5.76150,2580,9.68
11451,5.76756,2543,9.54
11452,5.76605,2265,8.50
11453,5.76383,1962,7.36
11454,5.77046,2271,8.52
11455,5.76688,2296,8.61
11456,5.75834,2376,8.92
11457,5.77319,2209,8.29
11458,5.77185,2103,7.89
11459,5.76459,2000,7.50
11460,5.77062,2034,7.63
11461,5.76261,1805,6.77
11462,5.76176,1895,7.11
11463,5.76357,1959,7.35
11464,5.76788,2110,7.92
11465,5.75862,2123,7.97
11466,5.76202,1213,4.55
11467,5.76214,2019,7.57
11468,5.76754,2270,8.52
11469,5.76554,2244,8.42
11470,5.77143,1791,6.72
11471,5.77304,2197,8.24
11472,5.76954,2198,8.25
11473,5.76609,1661,6.23
11474,5.77557,2197,8.25
11475,5.76653,2264,8.50
11476,5.77735,2037,7.64
11477,5.77034,2329,8.74
11478,5.76274,2236,8.39
11479,5.77431,1895,7.11
11480,5.77374,1914,7.18
11481,5.76926,1913,7.18
11482,5.76690,1925,7.22
11483,5.76904,1994,7.48
11484,5.76182,2180,8.18
11485,5.76563,2483,9.32
11486,5.77232,2493,9.36
11487,5.76590,2409,9.04
11488,5.77325,2451,9.20
11489,5.77497,1514,5.68
11490,5.76399,1448,5.43
11491,5.75990,2374,8.91
11492,5.77529,2271,8.52
11493,5.77521,2075,7.79
11494,5.76777,2099,7.88
11495,5.76447,2319,8.70
11496,5.75903,1748,6.56
11497,5.77545,1702,6.39
11498,5.76077,1608,6.03
11499,5.76402,1591,5.97
11500,5.76192,1492,5.60
11501,5.76903,128,0.48
11502,5.76835,1847,6.93
11503,5.75961,2115,7.94
11504,5.76673,2210,8.29
11505,5.76711,1952,7.33
11506,5.75820,1990,7.47
11507,5.76106,1825,6.85
11508,5.76367,1945,7.30
11509,5.76087,1982,7.43
11510,5.75737,1628,6.11
11511,5.76931,1654,6.21
11512,5.78038,1591,5.97
11513,5.77011,1584,5.94
11514,5.78004,1753,6.58
11515,5.76219,2037,7.64
11516,5.76940,930,3.49
11517,5.77066,1408,5.28
11518,5.76377,1913,7.18
11519,5.76374,1794,6.73
11520,5.76430,2087,7.83
11521,5.76695,1971,7.40
11522,5.77161,1563,5.86
11523,5.76906,1536,5.76
11524,5.76411,1415,5.31
11525,5.76365,1554,5.83
11526,5.76935,1448,5.43
11527,5.77065,1623,6.09
11528,5.76797,1397,5.24
11529,5.75854,1554,5.83
11530,5.76900,1520,5.70
11531,5.83277,1263,4.74
11532,5.75557,1562,5.86
11533,5.79894,1427,5.35
11534,5.75823,2507,9.41
11535,5.77865,2321,8.71
11536,5.74991,2352,8.82
11537,5.77002,2595,9.74
11538,5.76922,2568,9.64
11539,5.76130,2601,9.76
11540,5.76667,2306,8.65
11541,5.77116,2447,9.18
11542,5.76171,2503,9.39
11543,5.76515,2689,10.09
11544,5.75852,2634,9.88
11545,5.77486,2278,8.55
11546,5.76461,2227,8.35
11547,5.77254,2026,7.60
11548,5.77108,2435,9.14
11549,5.76885,2364,8.87
11550,5.77527,2297,8.62
11551,5.76573,2186,8.20
11552,5.76197,2008,7.53
11553,5.77409,2345,8.80
11554,5.76069,271,1.02
11555,5.77212,1721,6.46
11556,5.76707,1501,5.63
11557,5.75150,1712,6.43
11558,5.77268,1533,5.75
11559,5.75885,1661,6.23
11560,5.77542,1581,5.93
11561,5.76426,1587,5.95
11562,5.76258,1565,5.87
11563,5.77850,1358,5.09
11564,5.76427,1516,5.69
11565,5.76315,1553,5.83
11566,5.76686,1680,6.30
11567,5.76872,1751,6.57
11568,5.76166,2129,7.99
11569,5.77255,2375,8.91
11570,5.77318,2114,7.93
11571,5.76432,2468,9.26
11572,5.76931,2500,9.38
11573,5.76256,2533,9.50
11574,5.76799,2476,9.29
11575,5.76775,2272,8.52
11576,5.77514,2681,10.06
11577,5.76289,2469,9.26
11578,5.76575,2460,9.23
11579,5.76640,2528,9.48
11580,5.77064,2569,9.64
11581,5.76697,2623,9.84
11582,5.77583,2645,9.92
11583,5.76057,2567,9.63
11584,5.76772,2321,8.71
11585,5.76979,2614,9.81
11586,5.76863,2153,8.08
11587,5.76922,2472,9.27
11588,5.76780,2560,9.61
11589,5.77758,2270,8.52
11590,5.77721,2118,7.95
11591,5.76312,2111,7.92
11592,5.76722,2319,8.70
11593,5.77201,1965,7.37
11594,5.77010,2343,8.79
11595,5.76603,2459,9.23
11596,5.76155,2274,8.53
11597,5.77521,2347,8.80
11598,5.77072,2491,9.35
11599,5.75950,2551,9.57
11600,5.76761,1704,6.39
11601,5.76629,128,0.48
11602,5.76252,2408,9.04
11603,5.77051,2203,8.27
11604,5.76628,1955,7.34
11605,5.76686,1799,6.75
11606,5.77126,2146,8.05
11607,5.76379,2511,9.42
11608,5.77217,2472,9.28
11609,5.76437,2521,9.46
11610,5.76976,2312,8.67
11611,5.77031,2531,9.50
11612,5.75926,2537,9.52
11613,5.77078,2558,9.60
11614,5.76148,2565,9.63
11615,5.77393,2467,9.26
11616,5.76710,2644,9.92
11617,5.77635,2628,9.86
11618,5.77336,2264,8.50
11619,5.77039,2304,8.65
11620,5.76872,2604,9.77
11621,5.75826,2569,9.64
11622,5.76050,2233,8.38
11623,5.76643,2152,8.08
11624,5.83022,2552,9.58
11625,5.75731,2454,9.21
11626,5.80137,2496,9.37
11627,5.76239,2177,8.17
11628,5.77068,2507,9.41
11629,5.75382,2472,9.27
11630,5.77211,2626,9.85
11631,5.77485,2318,8.70
11632,5.77802,2145,8.05
11633,5.76249,2112,7.92
11634,5.77354,2142,8.04
11635,5.76992,2628,9.86
11636,5.78048,2565,9.62
11637,5.76995,2521,9.46
11638,5.78504,2559,9.60
11639,5.77262,2537,9.52
11640,5.77033,2639,9.90
11641,5.77204,2642,9.91
11642,5.75755,2548,9.56
11643,5.77588,2530,9.49
11644,5.76813,2581,9.69
11645,5.75476,2569,9.64
11646,5.76628,2498,9.37
11647,5.77422,2267,8.51
11648,5.77439,2521,9.46
11649,5.76790,2547,9.56
11650,5.77639,2516,9.44
11651,5.79469,2619,9.83
11652,5.75823,2456,9.22
11653,5.83317,2579,9.68
11654,5.76784,2629,9.87
11655,5.77933,2638,9.90
11656,5.77530,2323,8.72
11657,5.76446,2533,9.50
11658,5.82564,2451,9.20
11659,5.77280,1746,6.55
11660,5.79151,2399,9.00
11661,5.79077,1977,7.42
11662,5.76681,2262,8.49
11663,5.76897,2572,9.65
11664,5.78330,2549,9.56
11665,5.76727,2320,8.70
11666,5.77698,2426,9.10
11667,5.78338,2562,9.61
11668,5.76685,2549,9.57
11669,5.77404,2529,9.49
11670,5.77125,2583,9.69
11671,5.77131,2447,9.18
11672,5.76457,2614,9.81
11673,5.77177,2567,9.63
11674,5.75920,2406,9.03
11675,5.76361,2121,7.96
11676,5.77175,2450,9.19
11677,5.76239,2579,9.68
11678,5.76353,2538,9.52
11679,5.77075,2331,8.75
11680,5.76611,2543,9.54
11681,5.77192,2468,9.26
11682,5.77551,2561,9.61
11683,5.76640,2530,9.49
11684,5.77995,2535,9.51
11685,5.76525,2562,9.61
11686,5.76806,2507,9.41
11687,5.76209,2366,8.88
11688,5.75750,1936,7.26
11689,5.76771,2307,8.66
11690,5.77348,2272,8.52
11691,5.76780,2168,8.14
11692,5.77396,2203,8.27
11693,5.77001,2647,9.93
11694,5.76514,2444,9.17
11695,5.77035,2636,9.89
11696,5.77027,2683,10.07
11697,5.77582,2182,8.19
11698,5.77405,2169,8.14
11699,5.76468,2319,8.70
11700,5.76719,2417,9.07
11701,5.76865,131,0.49
11702,5.77001,1239,4.65
11703,5.76586,1839,6.90
11704,5.76688,2486,9.33
11705,5.76360,2435,9.14
11706,5.76810,2281,8.56
11707,5.75866,2595,9.74
11708,5.76203,2464,9.24
11709,5.77214,1876,7.04
11710,5.76356,1522,5.71
11711,5.77786,1962,7.36
11712,5.76985,2472,9.27
11713,5.77767,2260,8.48
11714,5.76320,2565,9.62
11715,5.76980,2559,9.60
11716,5.75910,1646,6.18
11717,5.78962,1349,5.06
11718,5.75926,2449,9.19
11719,5.78086,2539,9.52
11720,5.76102,2472,9.28
11721,5.78088,2206,8.28
11722,5.76528,2431,9.12
11723,5.77459,2372,8.90
11724,5.77292,2382,8.94
11725,5.75979,2468,9.26
11726,5.76915,2473,9.28
11727,5.76566,2580,9.68
11728,5.76340,2571,9.65
11729,5.76518,2523,9.47
11730,5.76756,2522,9.46
11731,5.75913,2211,8.30
11732,5.76391,2603,9.77
11733,5.77196,2514,9.43
11734,5.77074,2496,9.36
11735,5.75706,2510,9.42
11736,5.76695,2521,9.46
11737,5.76307,2582,9.69
11738,5.76930,2342,8.79
11739,5.76865,2564,9.62
11740,5.77379,2684,10.07
11741,5.76925,2145,8.05
11742,5.77095,2506,9.40
11743,5.76499,2531,9.50
11744,5.77891,2671,10.02
11745,5.76046,2624,9.85
11746,5.76703,2620,9.83
11747,5.76087,2623,9.84
11748,5.76194,2605,9.77
11749,5.75630,2475,9.29
11750,5.76391,2283,8.57
11751,5.76590,2292,8.60
11752,5.76424,2447,9.18
11753,5.77024,2489,9.34
11754,5.76777,2427,9.10
11755,5.75970,2389,8.96
11756,5.76813,2425,9.10
11757,5.76100,2632,9.87
11758,5.75736,2564,9.62
11759,5.77130,2293,8.60
11760,5.76146,2352,8.83
11761,5.76556,2246,8.43
11762,5.75969,2632,9.87
11763,5.76257,2526,9.48
11764,5.74737,2604,9.77
11765,5.76681,2563,9.62
11766,5.75699,2555,9.59
11767,5.76716,2576,9.66
11768,5.76919,1939,7.28
11769,5.76367,1352,5.07
11770,5.75838,2663,9.99
11771,5.76860,2465,9.25
11772,5.77287,2505,9.40
11773,5.75542,2480,9.31
11774,5.76856,2582,9.69
11775,5.77253,2519,9.45
11776,5.77404,2252,8.45
11777,5.76012,2380,8.93
11778,5.76590,2468,9.26
11779,5.76351,2360,8.86
11780,5.75583,2335,8.76
11781,5.75451,2604,9.77
11782,5.76426,2522,9.46
11783,5.76646,2638,9.90
11784,5.76900,2698,10.12
11785,5.76667,2475,9.29
11786,5.76048,2291,8.60
11787,5.76696,2537,9.52
11788,5.76156,2493,9.35
11789,5.76065,2624,9.85
11790,5.77247,2607,9.78
11791,5.76277,2521,9.46
11792,5.77100,2558,9.60
11793,5.78203,2427,9.10
11794,5.76882,2495,9.36
11795,5.76644,2594,9.73
11796,5.76486,2596,9.74
11797,5.76140,2606,9.78
11798,5.76388,2394,8.98
11799,5.77033,2627,9.86
11800,5.77413,2512,9.42
11801,5.76362,131,0.49
11802,5.76693,2488,9.34
11803,5.76331,2590,9.72
11804,5.75023,974,3.65
11805,5.77026,2652,9.95
11806,5.76719,2116,7.94
11807,5.75891,2547,9.56
11808,5.76286,2486,9.33
11809,5.76835,2660,9.98
11810,5.77023,2485,9.32
11811,5.76338,2538,9.52
11812,5.76772,2547,9.56
11813,5.76741,2580,9.68
11814,5.75755,2420,9.08
11815,5.76945,2096,7.86
11816,5.76639,2273,8.53
11817,5.75961,1967,7.38
11818,5.77909,2366,8.88
11819,5.76574,2356,8.84
11820,5.75907,2655,9.96
11821,5.76401,2586,9.70
11822,5.75694,2424,9.10
11823,5.77051,2235,8.38
11824,5.76815,2422,9.09
11825,5.75766,2238,8.40
11826,5.75996,2452,9.20
11827,5.76108,2546,9.55
11828,5.77132,2539,9.53
11829,5.76275,2546,9.55
11830,5.76162,2626,9.85
11831,5.76188,2477,9.29
11832,5.75227,2411,9.05
11833,5.76473,2583,9.69
11834,5.76646,2638,9.90
11835,5.76305,2518,9.45
11836,5.75835,2562,9.61
11837,5.76879,2509,9.42
11838,5.77016,2425,9.10
11839,5.75399,2559,9.60
11840,5.76403,2554,9.58
11841,5.77419,2298,8.62
11842,5.76151,2526,9.48
11843,5.75378,2525,9.47
11844,5.77088,2475,9.29
11845,5.76871,2206,8.28
11846,5.76562,2326,8.73
11847,5.75931,2499,9.37
11848,5.76474,2444,9.17
11849,5.76342,1757,6.59
11850,5.76879,2394,8.98
11851,5.77846,1794,6.73
11852,5.76614,2237,8.39
11853,5.77014,2027,7.60
11854,5.76270,2618,9.82
11855,5.76260,2534,9.51
11856,5.76444,1024,3.84
11857,5.76469,2518,9.45
11858,5.75426,2547,9.56
11859,5.77075,2570,9.64
11860,5.76023,2628,9.86
11861,5.77317,2477,9.30
11862,5.76266,2576,9.66
11863,5.76229,2598,9.75
11864,5.76789,2398,9.00
11865,5.76729,2561,9.61
11866,5.76515,2473,9.28
11867,5.75325,2504,9.40
11868,5.76934,2489,9.34
11869,5.77411,2618,9.82
11870,5.76258,2552,9.58
11871,5.76076,2228,8.36
11872,5.75451,2555,9.59
11873,5.76715,2478,9.30
11874,5.76896,2201,8.26
11875,5.75991,2615,9.81
11876,5.77023,2589,9.71
11877,5.77336,2253,8.45
11878,5.75998,2293,8.60
11879,5.75681,2237,8.39
11880,5.75584,2093,7.85
11881,5.75329,2240,8.41
11882,5.76971,2207,8.28
11883,5.76278,2208,8.29
11884,5.75252,2057,7.72
11885,5.76363,2441,9.16
11886,5.76166,2622,9.84
11887,5.77127,2537,9.52
11888,5.77023,2412,9.05
11889,5.76973,2540,9.53
11890,5.75578,2446,9.18
11891,5.76729,2522,9.46
11892,5.76043,2218,8.32
11893,5.77076,2578,9.67
11894,5.75721,2538,9.52
11895,5.76724,2446,9.18
11896,5.77082,2490,9.34
11897,5.76382,2539,9.53
11898,5.75579,2489,9.34
11899,5.76238,2306,8.65
11900,5.76676,2567,9.63
11901,5.77138,130,0.49
11902,5.76617,2515,9.44
11903,5.76115,2491,9.35
11904,5.76821,2337,8.77
11905,5.76820,2473,9.28
11906,5.76861,2516,9.44
11907,5.77000,1510,5.67
11908,5.76618,2326,8.73
11909,5.76084,2605,9.77
11910,5.75693,2606,9.78
11911,5.76384,2571,9.65
11912,5.76115,2663,9.99
11913,5.75943,2495,9.36
11914,5.76368,2369,8.89
11915,5.75573,1754,6.58
11916,5.76680,2382,8.94
11917,5.76310,2196,8.24
11918,5.76155,2533,9.51
11919,5.75903,2563,9.62
11920,5.76917,2590,9.72
11921,5.76405,2581,9.68
11922,5.76419,2256,8.46
11923,5.76378,2604,9.77
11924,5.76594,2474,9.28
11925,5.76252,2537,9.52
11926,5.76174,2565,9.62
11927,5.76785,2316,8.69
11928,5.77071,2495,9.36
11929,5.75311,2322,8.71
11930,5.75789,2463,9.24
11931,5.75211,2379,8.92
11932,5.76790,2176,8.16
11933,5.76439,2555,9.59
11934,5.76417,2555,9.59
11935,5.76144,2461,9.23
11936,5.76120,2584,9.69
11937,5.76242,2564,9.62
11938,5.76976,2639,9.90
11939,5.76749,2587,9.71
11940,5.76849,2540,9.53
11941,5.75577,2394,8.98
11942,5.76837,1534,5.76
11943,5.75957,2223,8.34
11944,5.76296,2222,8.34
11945,5.75923,2578,9.67
11946,5.76345,2535,9.51
11947,5.77007,2622,9.84
11948,5.75838,2491,9.35
11949,5.76352,2607,9.78
11950,5.76590,2486,9.33
11951,5.76790,2572,9.65
11952,5.76508,2458,9.22
11953,5.75019,2598,9.75
11954,5.76357,2558,9.60
11955,5.76166,2522,9.46
11956,5.75614,2486,9.33
11957,5.76058,2577,9.67
11958,5.76800,2279,8.55
11959,5.76652,2648,9.94
11960,5.76175,2387,8.96
11961,5.76157,2444,9.17
11962,5.76800,2475,9.29
11963,5.76596,2512,9.43
11964,5.76150,2481,9.31
11965,5.75252,2575,9.66
11966,5.75411,2225,8.35
11967,5.76101,2190,8.22
11968,5.75677,2105,7.90
11969,5.76233,2108,7.91
11970,5.75996,2172,8.15
11971,5.77001,2074,7.78
11972,5.76053,2329,8.74
11973,5.76078,2547,9.56
11974,5.76819,2474,9.28
11975,5.76611,2646,9.93
11976,5.75899,2545,9.55
11977,5.76361,2624,9.85
11978,5.76960,2606,9.78
11979,5.76330,2555,9.59
11980,5.75957,2573,9.65
11981,5.75423,2499,9.38
11982,5.76905,2276,8.54
11983,5.76272,2562,9.61
11984,5.76918,2340,8.78
11985,5.75441,2626,9.85
11986,5.77193,2586,9.70
11987,5.77910,2686,10.08
11988,5.75690,2657,9.97
11989,5.79713,2639,9.90
11990,5.76056,2642,9.91
11991,5.79394,2626,9.85
11992,5.77568,2497,9.37
11993,5.76514,2531,9.50
11994,5.77631,2481,9.31
11995,5.76238,2122,7.96
11996,5.77716,2618,9.82
11997,5.76698,2305,8.65
11998,5.76259,2099,7.88
11999,5.77965,1902,7.14
12000,5.75346,2095,7.86
12001,5.76345,130,0.49
12002,5.76339,2471,9.27
12003,5.76311,2461,9.23
12004,5.76654,2541,9.53
12005,5.76268,2542,9.54
12006,5.76828,2424,9.09
12007,5.77149,2108,7.91
12008,5.76064,2271,8.52
12009,5.76204,2507,9.40
12010,5.76735,2427,9.10
12011,5.77029,2453,9.20
12012,5.77120,2523,9.47
12013,5.77145,2610,9.79
12014,5.76650,2629,9.86
12015,5.76172,2583,9.69
12016,5.75881,2600,9.75
12017,5.76480,2418,9.07
12018,5.76716,2213,8.30
12019,5.76892,2442,9.16
12020,5.77302,2577,9.67
12021,5.76216,2411,9.05
12022,5.77185,2427,9.11
12023,5.76069,2492,9.35
12024,5.76355,2588,9.71
12025,5.76950,2548,9.56
12026,5.76368,2217,8.32
12027,5.76929,2453,9.21
12028,5.76128,2488,9.34
12029,5.76140,2596,9.74
12030,5.76655,2602,9.76
12031,5.75057,2492,9.35
12032,5.76361,2613,9.80
12033,5.76521,2531,9.50
12034,5.76595,2480,9.30
12035,5.75829,2514,9.43
12036,5.77631,2472,9.27
12037,5.75911,2547,9.56
12038,5.76306,2502,9.39
12039,5.75772,2225,8.35
12040,5.76699,2565,9.62
12041,5.76825,2583,9.69
12042,5.76544,2552,9.57
12043,5.75988,2542,9.54
12044,5.76376,2414,9.06
12045,5.75297,2380,8.93
12046,5.76232,2552,9.58
12047,5.75922,2622,9.84
12048,5.76828,2471,9.27
12049,5.76004,2506,9.40
12050,5.75712,2600,9.76
12051,5.76564,1825,6.85
12052,5.75525,2596,9.74
12053,5.76148,2532,9.50
12054,5.75539,2503,9.39
12055,5.75575,2559,9.60
12056,5.76464,2478,9.30
12057,5.76591,2482,9.31
12058,5.76195,2611,9.80
12059,5.76774,2608,9.78
12060,5.76155,2519,9.45
12061,5.76888,2542,9.54
12062,5.76424,2479,9.30
12063,5.76134,2581,9.68
12064,5.76186,2478,9.30
12065,5.77018,2084,7.82
12066,5.76215,2368,8.89
12067,5.76746,2292,8.60
12068,5.76049,2416,9.07
12069,5.75564,2572,9.65
12070,5.76132,2453,9.20
12071,5.76446,2606,9.78
12072,5.76586,2600,9.76
12073,5.76285,2439,9.15
12074,5.76503,2435,9.14
12075,5.76329,2566,9.63
12076,5.75746,2492,9.35
12077,5.76880,2614,9.81
12078,5.76031,2504,9.40
12079,5.76363,2572,9.65
12080,5.76468,2643,9.92
12081,5.76613,2489,9.34
12082,5.75297,2550,9.57
12083,5.76548,2604,9.77
12084,5.74972,2521,9.46
12085,5.76312,2516,9.44
12086,5.75899,2549,9.56
12087,5.76183,2625,9.85
12088,5.77058,2541,9.53
12089,5.75423,2426,9.10
12090,5.75432,2502,9.39
12091,5.76814,2619,9.83
12092,5.75319,2294,8.61
12093,5.76832,2272,8.52
12094,5.76925,2544,9.54
12095,5.75989,2307,8.66
12096,5.76509,2422,9.09
12097,5.76036,2513,9.43
12098,5.79748,2507,9.40
12099,5.75596,2454,9.21
12100,5.80825,2231,8.37
12101,5.76040,131,0.49
12102,5.77057,2212,8.30
12103,5.76937,2375,8.91
12104,5.75525,2423,9.09
12105,5.77342,2197,8.24
12106,5.75318,2179,8.18
12107,5.76532,2476,9.29
12108,5.77100,2476,9.29
12109,5.75873,2507,9.41
12110,5.77501,2493,9.35
12111,5.75696,2315,8.69
12112,5.76857,2420,9.08
12113,5.76449,2591,9.72
12114,5.75859,2564,9.62
12115,5.76641,2169,8.14
12116,5.76004,2374,8.91
12117,5.76325,2566,9.63
12118,5.76193,2329,8.74
12119,5.77099,2594,9.73
12120,5.76294,2512,9.43
12121,5.77267,2292,8.60
12122,5.76173,2403,9.02
12123,5.75610,341,1.28
12124,5.76703,332,1.25
12125,5.76155,1468,5.51
12126,5.75658,852,3.20
12127,5.75777,354,1.33
12128,5.75449,705,2.64
12129,5.76202,227,0.85
12130,5.76430,307,1.15
12131,5.75097,305,1.15
12132,5.75990,184,0.69
12133,5.76535,186,0.70
12134,5.75978,201,0.75
12135,5.77171,524,1.97
12136,5.76078,554,2.08
12137,5.75523,178,0.67
12138,5.75534,566,2.12
12139,5.76279,196,0.74
12140,5.77100,217,0.81
12141,5.75976,227,0.85
12142,5.76634,250,0.94
12143,5.75887,315,1.18
12144,5.76790,1471,5.52
12145,5.75867,413,1.55
12146,5.76418,174,0.65
12147,5.77156,181,0.68
12148,5.75765,217,0.81
12149,5.76229,589,2.21
12150,5.76004,248,0.93
12151,5.77214,640,2.40
12152,5.76143,318,1.19
12153,5.76109,283,1.06
12154,5.76322,679,2.55
12155,5.81841,313,1.18
12156,5.74656,250,0.94
12157,5.80704,377,1.41
12158,5.75066,648,2.43
12159,5.76882,2627,9.86
12160,5.75125,2121,7.96
12161,5.76481,2040,7.65
12162,5.76270,2058,7.72
12163,5.76601,2061,7.73
12164,5.76970,2413,9.05
12165,5.76815,2226,8.35
12166,5.76010,2502,9.39
12167,5.75939,2334,8.76
12168,5.76557,2452,9.20
12169,5.76985,2247,8.43
12170,5.76556,2440,9.15
12171,5.76750,2222,8.34
12172,5.76993,1752,6.57
12173,5.76279,2232,8.38
12174,5.76061,1842,6.91
12175,5.76780,1857,6.97
12176,5.76953,2172,8.15
12177,5.75236,1774,6.66
12178,5.75515,2343,8.79
12179,5.76261,2217,8.32
12180,5.76493,2126,7.98
12181,5.76396,2188,8.21
12182,5.75972,2424,9.09
12183,5.76600,2346,8.80
12184,5.76678,2337,8.77
12185,5.75941,2160,8.10
12186,5.76569,2220,8.33
12187,5.76546,2125,7.97
12188,5.75616,2079,7.80
12189,5.75455,2101,7.88
12190,5.76353,2334,8.76
12191,5.76180,2261,8.48
12192,5.77504,1988,7.46
12193,5.75982,2364,8.87
12194,5.76721,2443,9.16
12195,5.76194,2060,7.73
12196,5.76225,2096,7.86
12197,5.77016,2110,7.92
12198,5.76105,1557,5.84
12199,5.76603,1970,7.39
12200,5.76675,2279,8.55
12201,5.75733,131,0.49
12202,5.77776,1997,7.49
12203,5.75789,2046,7.68
12204,5.78723,2081,7.81
12205,5.74937,2073,7.78
12206,5.77844,2234,8.38
12207,5.76200,2418,9.07
12208,5.76255,2381,8.93
12209,5.76267,2171,8.15
12210,5.76359,2387,8.95
12211,5.77060,2353,8.83
12212,5.77310,2531,9.49
12213,5.75619,2324,8.72
12214,5.76237,2189,8.21
12215,5.76185,2257,8.47
12216,5.76010,2113,7.93
12217,5.75918,2099,7.88
12218,5.76306,2142,8.04
12219,5.76491,1849,6.94
12220,5.76078,1778,6.67
12221,5.75259,1917,7.19
12222,5.76596,2016,7.56
12223,5.76146,2117,7.94
12224,5.76132,2432,9.13
12225,5.76586,2191,8.22
12226,5.76043,2486,9.33
12227,5.74512,2567,9.63
12228,5.76182,1986,7.45
12229,5.75842,2433,9.13
12230,5.77383,2581,9.68
12231,5.76022,2504,9.39
12232,5.76270,2614,9.81
12233,5.75550,2103,7.89
12234,5.76940,2555,9.59
12235,5.76992,2504,9.39
12236,5.76429,1866,7.00
12237,5.76824,2562,9.61
12238,5.76609,2609,9.79
12239,5.76385,2347,8.81
12240,5.76573,2423,9.09
12241,5.76842,2439,9.15
12242,5.75635,2274,8.53
12243,5.75537,2389,8.96
12244,5.76286,2608,9.78
12245,5.76731,2498,9.37
12246,5.76761,2377,8.92
12247,5.76488,2285,8.57
12248,5.76149,2373,8.90
12249,5.76375,2151,8.07
12250,5.76607,2549,9.56
12251,5.75980,2569,9.64
12252,5.75680,2418,9.07
12253,5.76665,2473,9.28
12254,5.77004,2320,8.70
12255,5.76432,2457,9.22
12256,5.76630,2544,9.55
12257,5.76383,2237,8.39
12258,5.75816,2365,8.87
12259,5.75826,2552,9.58
12260,5.76071,2524,9.47
12261,5.76482,2509,9.41
12262,5.76577,2626,9.85
12263,5.75106,2640,9.91
12264,5.77466,2624,9.85
12265,5.76500,2475,9.29
12266,5.76048,2522,9.46
12267,5.75927,2592,9.72
12268,5.76565,2543,9.54
12269,5.76439,2554,9.58
12270,5.75912,2519,9.45
12271,5.74488,2667,10.01
12272,5.75741,2530,9.49
12273,5.75768,2328,8.73
12274,5.76953,2371,8.89
12275,5.76862,2416,9.07
12276,5.76837,2330,8.74
12277,5.76176,2086,7.83
12278,5.75925,2445,9.18
12279,5.75992,2677,10.04
12280,5.76250,2447,9.18
12281,5.76741,2542,9.54
12282,5.77334,2542,9.54
12283,5.76045,2215,8.31
12284,5.76473,2543,9.54
12285,5.76344,2539,9.53
12286,5.76279,2326,8.73
12287,5.75066,2343,8.79
12288,5.75933,2573,9.65
12289,5.76185,2467,9.25
12290,5.76602,2651,9.95
12291,5.76025,2562,9.61
12292,5.76191,2554,9.58
12293,5.75925,2533,9.50
12294,5.76656,2020,7.58
12295,5.75993,2485,9.32
12296,5.75655,2594,9.73
12297,5.76166,2580,9.68
12298,5.75849,2510,9.42
12299,5.75222,2495,9.36
12300,5.76015,2675,10.04
12301,5.76324,129,0.48
12302,5.75765,2403,9.02
12303,5.76619,2537,9.52
12304,5.76571,2255,8.46
12305,5.76336,2526,9.48
12306,5.75431,2538,9.52
12307,5.75228,2559,9.60
12308,5.75541,2524,9.47
12309,5.76595,2542,9.54
12310,5.76687,2610,9.79
12311,5.75918,2555,9.59
