step,loss,tps,mfu
1401,6.12846,22,0.08
1402,6.12301,2013,7.55
1403,6.12221,2244,8.42
1404,6.12568,2353,8.83
1405,6.12185,2405,9.02
1406,6.12910,2514,9.43
1407,6.12989,2445,9.17
1408,6.13102,2307,8.66
1409,6.13402,2369,8.89
1410,6.12709,2247,8.43
1411,6.12891,1917,7.19
1412,6.12209,2204,8.27
1413,6.13141,2365,8.87
1414,6.13239,2473,9.28
1415,6.12686,2393,8.98
1416,6.12612,2308,8.66
1417,6.12069,2265,8.50
1418,6.12947,2210,8.29
1419,6.12846,2590,9.72
1420,6.12090,2504,9.39
1421,6.12532,2524,9.47
1422,6.11712,2500,9.38
1423,6.12134,2525,9.47
1424,6.12200,2524,9.47
1425,6.12265,2486,9.33
1426,6.12594,2557,9.59
1427,6.11984,2051,7.70
1428,6.11718,2533,9.50
1429,6.11268,2345,8.80
1430,6.12175,2531,9.50
1431,6.12526,2558,9.60
1432,6.12167,2641,9.91
1433,6.11777,2560,9.60
1434,6.11977,2578,9.67
1435,6.12122,2620,9.83
1436,6.11288,2405,9.03
1437,6.12439,2369,8.89
1438,6.12018,1755,6.58
1439,6.11555,1975,7.41
1440,6.12227,2332,8.75
1441,6.12134,2024,7.59
1442,6.11931,2583,9.69
1443,6.11518,2602,9.76
1444,6.11503,2555,9.58
1445,6.11784,2139,8.03
1446,6.11152,2569,9.64
1447,6.11985,2531,9.49
1448,6.11150,2459,9.22
1449,6.11798,2367,8.88
1450,6.11039,2480,9.30
1451,6.11159,2591,9.72
1452,6.11536,2460,9.23
1453,6.12128,2331,8.74
1454,6.11032,2154,8.08
1455,6.12389,2335,8.76
1456,6.12563,2142,8.04
1457,6.11505,2436,9.14
1458,6.11309,2537,9.52
1459,6.11140,2561,9.61
1460,6.11962,2576,9.66
1461,6.10486,2596,9.74
1462,6.10872,1970,7.39
1463,6.11770,2040,7.65
1464,6.11204,2055,7.71
1465,6.11704,2454,9.21
1466,6.11170,1975,7.41
1467,6.12130,2204,8.27
1468,6.10966,2355,8.84
1469,6.11414,2598,9.75
1470,6.11505,2390,8.97
1471,6.11560,2293,8.60
1472,6.11063,2688,10.09
1473,6.11885,2261,8.48
1474,6.11002,2643,9.92
1475,6.11023,2631,9.87
1476,6.10136,2561,9.61
1477,6.11881,2529,9.49
1478,6.10070,2468,9.26
1479,6.12572,2467,9.26
1480,6.11446,2621,9.83
1481,6.12036,2475,9.29
1482,6.11373,2513,9.43
1483,6.10687,2526,9.48
1484,6.11180,2521,9.46
1485,6.09981,2512,9.43
1486,6.10916,2583,9.69
1487,6.10826,2036,7.64
1488,6.09939,2364,8.87
1489,6.10674,2154,8.08
1490,6.11194,2276,8.54
1491,6.11244,1920,7.20
1492,6.10745,2037,7.64
1493,6.10709,2164,8.12
1494,6.10600,2129,7.99
1495,6.10474,2383,8.94
1496,6.10732,2562,9.61
1497,6.09743,2551,9.57
1498,6.10439,2567,9.63
1499,6.10030,2620,9.83
1500,6.10537,2143,8.04
1501,6.10594,131,0.49
1502,6.10309,2096,7.86
1503,6.09791,2289,8.59
1504,6.10462,2338,8.77
1505,6.09735,2605,9.78
1506,6.10024,2507,9.40
1507,6.09754,2551,9.57
1508,6.10017,2166,8.13
1509,6.10449,2451,9.20
1510,6.09609,2416,9.07
1511,6.10214,2025,7.60
1512,6.10515,2309,8.66
1513,6.10583,2091,7.84
1514,6.10419,2312,8.67
1515,6.09740,2535,9.51
1516,6.09125,2537,9.52
1517,6.08818,2620,9.83
1518,6.10641,2551,9.57
1519,6.10577,2248,8.44
1520,6.09701,2579,9.68
1521,6.09436,2506,9.40
1522,6.08310,2564,9.62
1523,6.08595,2433,9.13
1524,6.09455,2524,9.47
1525,6.09628,2584,9.69
1526,6.09109,2544,9.55
1527,6.09619,2487,9.33
1528,6.09998,2288,8.59
1529,6.09031,2480,9.31
1530,6.08819,2396,8.99
1531,6.09720,2279,8.55
1532,6.08923,2597,9.75
1533,6.08608,2599,9.75
1534,6.10194,2610,9.79
1535,6.09429,2652,9.95
1536,6.09562,2668,10.01
1537,6.09857,2582,9.69
1538,6.08703,2578,9.67
1539,6.09441,2643,9.92
1540,6.09027,2615,9.81
1541,6.09531,2597,9.74
1542,6.09342,2571,9.65
1543,6.11381,2153,8.08
1544,6.08053,2713,10.18
1545,6.13181,2150,8.07
1546,6.08735,2597,9.74
1547,6.11227,2591,9.72
1548,6.09447,2648,9.94
1549,6.10088,2648,9.94
1550,6.08670,2524,9.47
1551,6.10149,2567,9.63
1552,6.08084,2210,8.29
1553,6.10506,2563,9.62
1554,6.07724,2610,9.79
1555,6.11259,2587,9.71
1556,6.07794,2594,9.73
1557,6.09511,2289,8.59
1558,6.08942,2270,8.52
1559,6.10058,2545,9.55
1560,6.08831,2308,8.66
1561,6.08880,2672,10.03
1562,6.08094,2489,9.34
1563,6.09443,2257,8.47
1564,6.08327,2655,9.96
1565,6.09820,2566,9.63
1566,6.08850,2427,9.11
1567,6.08816,2598,9.75
1568,6.06886,2587,9.71
1569,6.09016,2610,9.79
1570,6.08994,2528,9.49
1571,6.08661,2512,9.43
1572,6.08503,2456,9.22
1573,6.09166,2508,9.41
1574,6.07633,2591,9.72
1575,6.09318,2242,8.41
1576,6.07770,2561,9.61
1577,6.08141,2493,9.35
1578,6.08729,2366,8.88
1579,6.08583,2484,9.32
1580,6.07163,2438,9.15
1581,6.08466,2422,9.09
1582,6.09130,2614,9.81
1583,6.07674,2563,9.62
1584,6.08721,2562,9.61
1585,6.08641,2512,9.43
1586,6.08139,2219,8.33
1587,6.07866,2038,7.65
1588,6.08602,1980,7.43
1589,6.08604,2567,9.63
1590,6.07982,2622,9.84
1591,6.08112,2501,9.38
1592,6.07501,2562,9.61
1593,6.07686,2308,8.66
1594,6.08826,2613,9.80
1595,6.08925,2548,9.56
1596,6.08319,1186,4.45
1597,6.08868,2594,9.73
1598,6.07615,2534,9.51
1599,6.07165,2616,9.81
1600,6.07749,2589,9.72
1601,6.07961,131,0.49
1602,6.07798,2541,9.53
1603,6.08391,2369,8.89
1604,6.08353,2653,9.95
1605,6.07257,2668,10.01
1606,6.07637,2607,9.78
1607,6.07570,2631,9.87
1608,6.07959,2586,9.70
1609,6.07977,2604,9.77
1610,6.07316,2361,8.86
1611,6.07724,2620,9.83
1612,6.07941,2515,9.44
1613,6.07537,2641,9.91
1614,6.07200,2223,8.34
1615,6.07227,2193,8.23
1616,6.07741,2481,9.31
1617,6.06928,2683,10.06
1618,6.07163,2398,9.00
1619,6.08063,2708,10.16
1620,6.07808,2654,9.96
1621,6.07319,2337,8.77
1622,6.07255,2519,9.45
1623,6.08398,2343,8.79
1624,6.07409,2491,9.35
1625,6.07632,2099,7.87
1626,6.07505,2096,7.86
1627,6.06868,2548,9.56
1628,6.07238,2249,8.44
1629,6.06845,2235,8.39
1630,6.07456,2409,9.04
1631,6.07510,2501,9.38
1632,6.06619,2655,9.96
1633,6.07036,2517,9.44
1634,6.06732,2673,10.03
1635,6.07609,2548,9.56
1636,6.07429,2643,9.92
1637,6.07094,2606,9.78
1638,6.07750,2577,9.67
1639,6.07360,2667,10.01
1640,6.07220,2646,9.93
1641,6.06823,2687,10.08
1642,6.07353,2619,9.83
1643,6.06034,2580,9.68
1644,6.06116,2574,9.66
1645,6.06895,2482,9.31
1646,6.06693,2562,9.61
1647,6.06662,2581,9.69
1648,6.07044,2211,8.30
1649,6.06971,2042,7.66
1650,6.09512,2531,9.50
1651,6.06123,2612,9.80
1652,6.10083,2615,9.81
1653,6.06498,2487,9.33
1654,6.09135,2371,8.90
1655,6.06401,2217,8.32
1656,6.09467,2687,10.08
1657,6.06007,2704,10.15
1658,6.08221,2604,9.77
1659,6.05734,2606,9.78
1660,6.08080,2687,10.08
1661,6.06611,2740,10.28
1662,6.08468,2658,9.97
1663,6.06030,2739,10.28
1664,6.07579,2748,10.31
1665,6.05889,2620,9.83
1666,6.07084,2478,9.30
1667,6.06246,2781,10.44
1668,6.07364,2688,10.09
1669,6.06704,2582,9.69
1670,6.07287,2164,8.12
1671,6.05549,2665,10.00
1672,6.06727,2621,9.84
1673,6.06046,2673,10.03
1674,6.06995,2681,10.06
1675,6.06681,2629,9.87
1676,6.06963,2711,10.17
1677,6.06216,2739,10.28
1678,6.05322,2436,9.14
1679,6.06599,2478,9.30
1680,6.05993,2609,9.79
1681,6.06664,2590,9.72
1682,6.06429,2580,9.68
1683,6.05240,2244,8.42
1684,6.07144,2386,8.95
1685,6.06703,2678,10.05
1686,6.06445,2128,7.99
1687,6.06974,2634,9.88
1688,6.06321,2673,10.03
1689,6.06641,2451,9.20
1690,6.06949,2591,9.72
1691,6.06537,2660,9.98
1692,6.06101,2603,9.76
1693,6.05688,2601,9.76
1694,6.05763,2629,9.86
1695,6.05088,2603,9.77
1696,6.06067,2611,9.80
1697,6.05971,2485,9.33
1698,6.06329,2721,10.21
1699,6.06585,2787,10.46
1700,6.05559,2569,9.64
1701,6.06897,123,0.46
1702,6.05814,2437,9.14
1703,6.05531,2307,8.66
1704,6.06559,2230,8.37
1705,6.05813,2361,8.86
1706,6.06015,362,1.36
1707,6.06175,2592,9.72
1708,6.06492,2147,8.06
1709,6.06004,2549,9.56
1710,6.05156,2500,9.38
1711,6.05724,2572,9.65
1712,6.05310,2067,7.75
1713,6.06397,2600,9.75
1714,6.05510,1748,6.56
1715,6.05803,2052,7.70
1716,6.06554,1723,6.47
1717,6.06041,2275,8.54
1718,6.05760,2542,9.54
1719,6.04780,2665,10.00
1720,6.05649,2636,9.89
1721,6.05703,2588,9.71
1722,6.05401,2674,10.03
1723,6.05346,2589,9.72
1724,6.05541,2630,9.87
1725,6.05119,2646,9.93
1726,6.05822,2453,9.20
1727,6.05365,2578,9.67
1728,6.04636,2552,9.58
1729,6.04849,2332,8.75
1730,6.04557,2648,9.94
1731,6.05066,2627,9.85
1732,6.05044,2277,8.54
1733,6.05669,2264,8.49
1734,6.05927,2465,9.25
1735,6.04784,2593,9.73
1736,6.04704,2145,8.05
1737,6.04661,2569,9.64
1738,6.05048,2183,8.19
1739,6.05647,2107,7.91
1740,6.05115,2342,8.79
1741,6.05514,2623,9.84
1742,6.04908,2545,9.55
1743,6.05292,2471,9.27
1744,6.05765,2443,9.17
1745,6.04876,2682,10.06
1746,6.05899,2655,9.96
1747,6.05301,2637,9.90
1748,6.04919,2646,9.93
1749,6.05652,2706,10.15
1750,6.05631,2655,9.96
1751,6.04981,2595,9.74
1752,6.04063,2659,9.98
1753,6.05185,2625,9.85
1754,6.04746,2574,9.66
1755,6.04171,2596,9.74
1756,6.05428,2660,9.98
1757,6.05146,2660,9.98
1758,6.04935,2465,9.25
1759,6.04376,2677,10.04
1760,6.05707,2620,9.83
1761,6.04958,2662,9.99
1762,6.04587,2637,9.89
1763,6.05790,2572,9.65
1764,6.03290,2648,9.94
1765,6.04899,2636,9.89
1766,6.05029,2526,9.48
1767,6.04556,2632,9.88
1768,6.05255,2627,9.86
1769,6.03799,2665,10.00
1770,6.05149,2474,9.28
1771,6.04331,2403,9.02
1772,6.04135,2495,9.36
1773,6.04427,2669,10.01
1774,6.04432,2608,9.79
1775,6.03875,2510,9.42
1776,6.04797,2604,9.77
1777,6.04616,2272,8.52
1778,6.04572,2733,10.25
1779,6.04713,2738,10.27
1780,6.04777,2693,10.11
1781,6.03557,2576,9.67
1782,6.04623,2737,10.27
1783,6.04256,2673,10.03
1784,6.03583,2284,8.57
1785,6.04733,2663,9.99
1786,6.02794,2691,10.10
1787,6.05107,2694,10.11
1788,6.04599,2690,10.09
1789,6.03655,2680,10.06
1790,6.04435,2595,9.74
1791,6.04428,2247,8.43
1792,6.03852,2709,10.16
1793,6.04028,2686,10.08
1794,6.03783,2751,10.32
1795,6.03924,2571,9.65
1796,6.04125,2251,8.44
1797,6.04062,2636,9.89
1798,6.05545,2566,9.63
1799,6.04684,2651,9.95
1800,6.03865,2417,9.07
1801,6.04371,131,0.49
1802,6.04646,2567,9.63
1803,6.03443,2133,8.00
1804,6.04099,2600,9.76
1805,6.03198,2578,9.67
1806,6.04433,2650,9.94
1807,6.03526,2621,9.83
1808,6.04746,2663,9.99
1809,6.05290,2610,9.79
1810,6.03962,2615,9.81
1811,6.03947,2406,9.03
1812,6.03009,2458,9.22
1813,6.04617,2456,9.22
1814,6.03850,2567,9.63
1815,6.03889,2711,10.17
1816,6.03713,2403,9.02
1817,6.03532,2704,10.15
1818,6.03935,2512,9.42
1819,6.04054,2723,10.22
1820,6.03794,2185,8.20
1821,6.04700,2529,9.49
1822,6.03470,2704,10.15
1823,6.03504,2496,9.36
1824,6.04181,2714,10.18
1825,6.03835,2671,10.02
1826,6.03667,2298,8.62
1827,6.03257,2392,8.97
1828,6.03124,2485,9.32
1829,6.03975,2696,10.11
1830,6.04114,2610,9.79
1831,6.03081,2490,9.34
1832,6.03477,2498,9.37
1833,6.03769,2546,9.55
1834,6.02717,2666,10.00
1835,6.04875,2518,9.45
1836,6.02961,2612,9.80
1837,6.03557,2276,8.54
1838,6.04081,2587,9.70
1839,6.04156,2635,9.89
1840,6.03054,2437,9.14
1841,6.04336,2414,9.06
1842,6.03182,2535,9.51
1843,6.03154,1939,7.27
1844,6.03174,2348,8.81
1845,6.03900,2134,8.01
1846,6.03546,2428,9.11
1847,6.03266,1924,7.22
1848,6.03548,2043,7.66
1849,6.04118,1917,7.19
1850,6.03139,2141,8.03
1851,6.03062,2347,8.81
1852,6.03143,2526,9.48
1853,6.03009,2681,10.06
1854,6.03176,2547,9.56
1855,6.03559,2654,9.96
1856,6.03431,2591,9.72
1857,6.03719,2591,9.72
1858,6.03724,2574,9.66
1859,6.03623,2549,9.56
1860,6.03236,2746,10.30
1861,6.03500,2697,10.12
1862,6.03579,2588,9.71
1863,6.03091,2707,10.16
1864,6.03495,1963,7.37
1865,6.02982,1813,6.80
1866,6.02541,127,0.48
1867,6.03230,736,2.76
1868,6.02232,630,2.36
1869,6.03020,996,3.74
1870,6.03135,452,1.70
1871,6.03869,2003,7.52
1872,6.02891,2428,9.11
1873,6.03178,2259,8.48
1874,6.02967,2310,8.67
1875,6.03110,1082,4.06
1876,6.02740,783,2.94
1877,6.02298,2034,7.63
1878,6.02759,2153,8.08
1879,6.07358,2527,9.48
1880,6.02382,2548,9.56
1881,6.04989,2263,8.49
1882,6.04484,2327,8.73
1883,6.02383,2363,8.87
1884,6.05364,2238,8.40
1885,6.03158,2044,7.67
1886,6.03793,2385,8.95
1887,6.02974,2172,8.15
1888,6.03332,2464,9.24
1889,6.03172,1541,5.78
1890,6.03046,1936,7.26
1891,6.03031,2319,8.70
1892,6.03165,2304,8.65
1893,6.03026,2024,7.59
1894,6.03263,2398,9.00
1895,6.02607,2146,8.05
1896,6.02916,1856,6.96
1897,6.03075,1453,5.45
1898,6.03138,1484,5.57
1899,6.03769,2362,8.86
1900,6.02546,1595,5.98
1901,6.02943,130,0.49
1902,6.02434,2462,9.24
1903,6.03192,2489,9.34
1904,6.02465,1760,6.61
1905,6.02542,1829,6.86
1906,6.02638,1654,6.21
1907,6.03141,2020,7.58
1908,6.02542,2266,8.50
1909,6.01859,2053,7.70
1910,6.02321,2278,8.55
1911,6.02190,2295,8.61
1912,6.02912,950,3.56
1913,6.03445,2133,8.00
1914,6.02199,2239,8.40
1915,6.02856,2541,9.53
1916,6.02766,2508,9.41
1917,6.03566,2429,9.11
1918,6.02862,2419,9.08
1919,6.02159,2033,7.63
1920,6.02536,2471,9.27
1921,6.02960,2548,9.56
1922,6.02419,2468,9.26
1923,6.01871,2597,9.74
1924,6.03606,2452,9.20
1925,6.02143,2480,9.30
1926,6.02123,2547,9.56
1927,6.02491,2611,9.80
1928,6.01784,2559,9.60
1929,6.01312,2492,9.35
1930,6.02284,2127,7.98
1931,6.01566,1895,7.11
1932,6.02494,2532,9.50
1933,6.02640,2369,8.89
1934,6.02420,2534,9.51
1935,6.01779,2191,8.22
1936,6.02977,2419,9.08
1937,6.02651,1955,7.34
1938,6.01884,2334,8.76
1939,6.01814,2365,8.87
1940,6.03427,2467,9.26
1941,6.01967,2484,9.32
1942,6.01812,2604,9.77
1943,6.02413,2633,9.88
1944,6.02337,2614,9.81
1945,6.00840,2662,9.99
1946,6.01695,2502,9.39
1947,6.02149,2533,9.51
1948,6.01753,2617,9.82
1949,6.02327,2725,10.22
1950,6.01347,2591,9.72
1951,6.01783,2566,9.63
1952,6.02177,2732,10.25
1953,6.01476,2736,10.27
1954,6.02135,2424,9.09
1955,6.00933,2653,9.95
1956,6.01514,2459,9.23
1957,6.02054,2042,7.66
1958,6.01676,2245,8.42
1959,6.01495,2155,8.08
1960,6.01901,2647,9.93
1961,6.03016,2662,9.99
1962,6.01799,2551,9.57
1963,6.02047,2649,9.94
1964,6.01877,2533,9.50
1965,6.01154,2148,8.06
1966,6.01514,2272,8.53
1967,6.00637,2222,8.34
1968,6.01318,2410,9.04
1969,6.02022,2402,9.01
1970,6.01807,2330,8.74
1971,6.01499,1991,7.47
1972,6.02052,2392,8.98
1973,6.02002,2345,8.80
1974,6.02105,2226,8.35
1975,6.02132,2386,8.95
1976,6.01393,1578,5.92
1977,6.00255,2441,9.16
1978,6.00970,2581,9.68
1979,6.01906,2603,9.77
1980,6.00617,2448,9.19
1981,6.01808,2601,9.76
1982,6.01583,2643,9.92
1983,6.01078,2233,8.38
1984,6.00900,1975,7.41
1985,6.01925,2127,7.98
1986,6.01820,1690,6.34
1987,6.00746,2061,7.73
1988,6.01317,2338,8.77
1989,6.01602,2329,8.74
1990,6.01355,2381,8.93
1991,6.01394,2518,9.45
1992,6.01169,2442,9.16
1993,6.01495,2263,8.49
1994,6.01476,2370,8.89
1995,6.01051,2256,8.46
1996,6.00940,2239,8.40
1997,6.01849,2379,8.93
1998,6.01897,2398,9.00
1999,6.01472,2161,8.11
2000,6.01954,2205,8.27
2001,6.00984,131,0.49
2002,6.00466,2397,8.99
2003,6.01431,2095,7.86
2004,6.00862,2585,9.70
2005,6.01532,2681,10.06
2006,6.01137,2557,9.59
2007,6.01428,2459,9.23
2008,6.00940,2640,9.91
2009,6.00078,2227,8.36
2010,6.01451,2625,9.85
2011,6.00717,2593,9.73
2012,6.00973,2358,8.85
2013,6.00226,2434,9.13
2014,6.00702,2649,9.94
2015,6.01262,2516,9.44
2016,6.00140,2460,9.23
2017,6.00591,2159,8.10
2018,6.01968,2528,9.48
2019,6.00955,2679,10.05
2020,6.01500,2188,8.21
2021,6.01578,2472,9.28
2022,6.01148,2564,9.62
2023,6.00482,2574,9.66
2024,6.00186,2696,10.11
2025,6.01156,2672,10.03
2026,6.00858,2676,10.04
2027,6.01127,2634,9.88
2028,6.01008,2258,8.47
2029,6.01141,2656,9.97
2030,6.01156,2606,9.78
2031,6.00426,2629,9.86
2032,6.01214,2494,9.36
2033,6.00424,2680,10.06
2034,5.99730,2565,9.62
2035,6.01188,2607,9.78
2036,6.00934,2662,9.99
2037,6.00429,2522,9.46
2038,6.00505,2527,9.48
2039,6.01567,2542,9.54
2040,6.01222,2724,10.22
2041,5.99937,2668,10.01
2042,6.00882,2632,9.88
2043,6.00766,2642,9.91
2044,6.00145,2633,9.88
2045,6.01161,2684,10.07
2046,6.01311,2630,9.87
2047,5.99451,2617,9.82
2048,6.00966,2212,8.30
2049,6.01352,2363,8.87
2050,6.01538,2498,9.37
2051,6.00007,2353,8.83
2052,6.00516,2296,8.61
2053,6.01192,2418,9.07
2054,6.00411,2655,9.96
2055,5.99707,2642,9.91
2056,6.00655,2614,9.81
2057,6.00443,2632,9.88
2058,6.00386,2491,9.35
2059,6.02127,2628,9.86
2060,5.99949,2735,10.26
2061,6.00835,2607,9.78
2062,6.00590,2663,9.99
2063,6.01220,2747,10.31
2064,6.00177,1963,7.37
2065,6.00585,2572,9.65
2066,5.99699,2332,8.75
2067,6.00368,2090,7.84
2068,6.00227,2479,9.30
2069,6.00471,2397,8.99
2070,6.00449,2388,8.96
2071,6.00565,2410,9.04
2072,6.00350,2667,10.01
2073,5.99830,2734,10.26
2074,6.00427,2666,10.00
2075,6.00908,2446,9.18
2076,6.00745,2257,8.47
2077,6.00395,2385,8.95
2078,6.01035,2294,8.61
2079,6.00254,2224,8.34
2080,5.99586,2052,7.70
2081,5.99567,2086,7.83
2082,5.99791,2525,9.47
2083,6.01318,2624,9.85
2084,5.99573,2676,10.04
2085,5.99400,2688,10.09
2086,5.99909,2732,10.25
2087,5.99838,2670,10.02
2088,5.99154,2596,9.74
2089,5.99995,2445,9.18
2090,6.00296,2505,9.40
2091,6.01195,2656,9.97
2092,5.99765,2743,10.29
2093,6.00449,2157,8.09
2094,5.99965,2709,10.17
2095,6.00100,2666,10.00
2096,6.00780,2763,10.37
2097,6.00398,2669,10.01
2098,6.00214,2590,9.72
2099,5.99557,2648,9.93
2100,5.99182,2308,8.66
2101,5.99879,131,0.49
2102,6.00919,2229,8.36
2103,6.00343,2561,9.61
2104,6.00159,2609,9.79
2105,6.00222,2600,9.75
2106,6.01232,2710,10.17
2107,6.00126,2629,9.86
2108,5.99788,2539,9.53
2109,5.99646,2634,9.88
2110,6.00038,2694,10.11
2111,5.99132,2750,10.32
2112,5.99857,2672,10.03
2113,6.00248,2698,10.12
2114,5.99719,2752,10.32
2115,5.99851,2630,9.87
2116,6.00065,2457,9.22
2117,6.00255,2153,8.08
2118,5.99326,2210,8.29
2119,5.99725,2373,8.90
2120,5.99566,2241,8.41
2121,5.98814,2576,9.67
2122,5.99237,2640,9.91
2123,5.99598,2540,9.53
2124,5.99514,2739,10.28
2125,5.99153,2578,9.67
2126,5.99543,2633,9.88
2127,5.99928,2664,10.00
2128,5.99941,2705,10.15
2129,5.98926,2668,10.01
2130,5.99787,2608,9.79
2131,5.99430,2743,10.29
2132,6.00290,2765,10.37
2133,5.98119,2619,9.83
2134,5.98406,2644,9.92
2135,5.99632,2302,8.64
2136,5.99219,2271,8.52
2137,5.99995,2661,9.98
2138,5.99522,2687,10.08
2139,5.99738,2696,10.12
2140,5.99937,2674,10.03
2141,5.99456,2125,7.97
2142,5.98722,2549,9.56
2143,5.99390,2727,10.23
2144,5.98257,2552,9.57
2145,5.98610,2735,10.26
2146,5.99239,2697,10.12
2147,5.99284,2742,10.29
2148,5.98904,2489,9.34
2149,5.98753,2554,9.58
2150,5.99310,2536,9.51
2151,5.99164,2688,10.09
2152,5.99409,2609,9.79
2153,5.99635,2748,10.31
2154,5.99193,2413,9.05
2155,5.99660,2544,9.55
2156,5.99329,2547,9.56
2157,5.99238,2620,9.83
2158,5.99581,2690,10.09
2159,5.98077,2684,10.07
2160,5.99180,2721,10.21
2161,5.99510,2689,10.09
2162,5.98793,2011,7.54
2163,6.00301,2672,10.03
2164,5.99565,2532,9.50
2165,5.99007,2632,9.87
2166,5.98747,2665,10.00
2167,5.97753,2648,9.93
2168,5.99797,1508,5.66
2169,5.99289,2326,8.73
2170,6.00087,2254,8.46
2171,5.98722,2556,9.59
2172,5.99151,2633,9.88
2173,5.98126,2737,10.27
2174,5.98804,2676,10.04
2175,5.98274,2484,9.32
2176,5.98269,2561,9.61
2177,5.98860,2455,9.21
2178,5.99326,2154,8.08
2179,5.99007,2652,9.95
2180,5.99091,1908,7.16
2181,5.98873,2666,10.00
2182,5.99625,2643,9.92
2183,5.99165,2603,9.77
2184,6.01522,2685,10.07
2185,5.99221,2687,10.08
2186,6.01229,2589,9.71
2187,5.99431,2462,9.24
2188,5.98387,2543,9.54
2189,6.00011,2501,9.38
2190,5.99309,2675,10.04
2191,5.99608,2566,9.63
2192,5.98558,2581,9.68
2193,5.99166,2635,9.88
2194,5.99561,2631,9.87
2195,6.03993,2699,10.13
2196,5.99470,2742,10.29
2197,6.00583,2647,9.93
2198,6.00180,2593,9.73
2199,6.00233,2700,10.13
2200,5.98485,2428,9.11
2201,6.00375,134,0.50
2202,5.98887,2697,10.12
2203,6.00093,2501,9.38
2204,5.97740,2671,10.02
2205,5.99766,2649,9.94
2206,5.99275,2631,9.87
2207,5.99680,2158,8.10
2208,5.98583,2568,9.64
2209,5.99433,2681,10.06
2210,5.99093,2452,9.20
2211,6.00044,1867,7.00
2212,5.98443,2221,8.33
2213,5.99825,2408,9.03
2214,5.98564,1946,7.30
2215,5.99869,1686,6.32
2216,5.98335,1950,7.32
2217,5.98573,2197,8.24
2218,5.97725,2708,10.16
2219,5.98128,2207,8.28
2220,5.98756,2622,9.84
2221,5.99097,2517,9.44
2222,5.98556,2295,8.61
2223,5.98419,2358,8.85
2224,5.97527,2536,9.52
2225,5.98364,2697,10.12
2226,5.98745,2624,9.85
2227,5.99211,2434,9.13
2228,5.98404,2571,9.65
2229,5.98890,2583,9.69
2230,5.98321,2450,9.19
2231,5.99843,2526,9.48
2232,5.98480,2730,10.24
2233,5.99242,2488,9.33
2234,5.98704,2634,9.88
2235,6.00130,2597,9.74
2236,5.99830,2387,8.96
2237,5.99314,2611,9.80
2238,5.98783,2639,9.90
2239,5.99555,2190,8.22
2240,5.98898,2697,10.12
2241,5.98474,2734,10.26
2242,5.97623,2397,8.99
2243,5.99422,2422,9.09
2244,5.98575,2523,9.47
2245,5.97915,2623,9.84
2246,5.98547,2400,9.01
2247,5.98688,2699,10.13
2248,5.97788,2591,9.72
2249,5.98979,2710,10.17
2250,5.98781,2597,9.74
2251,5.98149,2742,10.29
2252,5.97452,2273,8.53
2253,5.98383,2667,10.01
2254,5.98286,2622,9.84
2255,5.97836,2532,9.50
2256,5.98539,2404,9.02
2257,5.98846,2765,10.37
2258,5.98392,2661,9.99
2259,5.98414,2804,10.52
2260,5.97924,2683,10.07
2261,5.97814,2575,9.66
2262,5.97871,2602,9.76
2263,5.97971,2688,10.09
2264,5.98593,2620,9.83
2265,5.98530,2633,9.88
2266,5.98242,2693,10.10
2267,5.98262,2576,9.66
2268,5.97427,2488,9.34
2269,5.98701,2723,10.22
2270,5.98425,2389,8.96
2271,5.97910,2607,9.78
2272,5.97629,2643,9.92
2273,5.98123,2010,7.54
2274,5.97454,2518,9.45
2275,5.98330,2582,9.69
2276,5.97977,2569,9.64
2277,5.97747,2272,8.53
2278,5.97607,2637,9.89
2279,5.97698,2618,9.82
2280,5.98026,2695,10.11
2281,5.97382,2604,9.77
2282,5.98131,2703,10.14
2283,5.98161,2678,10.05
2284,5.98091,2649,9.94
2285,5.97998,2615,9.81
2286,5.98814,2611,9.80
2287,5.97868,2614,9.81
2288,5.98199,2675,10.04
2289,5.98062,2700,10.13
2290,5.97792,2554,9.58
2291,5.98167,2790,10.47
2292,5.98865,2605,9.77
2293,5.98267,2643,9.92
2294,5.97365,2618,9.82
2295,5.98186,2391,8.97
2296,5.98497,2742,10.29
2297,5.97936,2589,9.71
2298,5.97873,2739,10.28
2299,5.98405,2568,9.64
2300,5.97288,2709,10.16
2301,5.98089,131,0.49
2302,5.98314,2707,10.15
2303,5.97862,2505,9.40
2304,5.97385,2663,9.99
2305,5.97834,2555,9.59
2306,5.97994,2722,10.21
2307,5.98288,2763,10.37
2308,5.97845,2776,10.41
2309,5.98187,2649,9.94
2310,5.97628,2240,8.41
2311,5.97765,2626,9.85
2312,5.97651,2625,9.85
2313,5.97606,2618,9.82
2314,5.98228,2190,8.22
2315,5.97811,2397,8.99
2316,5.97624,2316,8.69
2317,5.97567,2641,9.91
2318,5.98421,2622,9.84
2319,5.97330,2552,9.58
2320,5.98260,2635,9.89
2321,5.98003,2703,10.14
2322,5.97619,2659,9.98
2323,5.98315,2686,10.08
2324,5.97502,2678,10.05
2325,5.97700,2613,9.81
2326,5.96971,2646,9.93
2327,5.97056,2258,8.47
2328,5.96550,2689,10.09
2329,5.96386,2817,10.57
2330,5.98064,2666,10.00
2331,5.97892,2635,9.89
2332,5.97755,2682,10.06
2333,5.96969,2656,9.96
2334,5.97523,2612,9.80
2335,5.97626,2640,9.90
2336,5.97249,2743,10.29
2337,5.97299,2565,9.63
2338,5.97052,2597,9.74
2339,5.98257,2643,9.92
2340,5.98116,2704,10.15
2341,5.96220,2574,9.66
2342,5.97632,2636,9.89
2343,5.97731,2684,10.07
2344,5.96058,2442,9.16
2345,5.97269,2088,7.84
2346,5.97736,2389,8.96
2347,5.97212,2711,10.17
2348,5.98299,2663,9.99
2349,5.97847,2307,8.66
2350,5.97076,2311,8.67
2351,5.97581,2745,10.30
2352,5.97015,2771,10.40
2353,5.96751,2644,9.92
2354,5.96897,2634,9.88
2355,5.97188,2608,9.78
2356,5.97406,2539,9.53
2357,5.96817,2577,9.67
2358,5.97938,2662,9.99
2359,5.97249,2722,10.21
2360,5.97475,2783,10.44
2361,5.97473,2365,8.87
2362,5.97308,2638,9.90
2363,5.96738,2594,9.73
2364,5.97772,2755,10.34
2365,5.96948,2720,10.21
2366,5.97269,2754,10.33
2367,5.97112,2748,10.31
2368,5.97347,2762,10.36
2369,5.97518,2766,10.38
2370,5.96578,2568,9.64
2371,5.97281,2759,10.35
2372,5.97027,2680,10.05
2373,5.97552,2499,9.37
2374,5.96821,2656,9.96
2375,5.97270,2557,9.59
2376,5.98144,2570,9.64
2377,5.97569,2550,9.57
2378,5.96493,2723,10.22
2379,5.97480,2744,10.29
2380,5.96653,2689,10.09
2381,5.96954,2717,10.19
2382,5.96541,2415,9.06
2383,5.97693,2572,9.65
2384,5.96013,2608,9.78
2385,5.97098,2636,9.89
2386,5.96159,2617,9.82
2387,5.96730,2692,10.10
2388,5.96587,2588,9.71
2389,5.96955,2500,9.38
2390,5.96800,2409,9.04
2391,5.95916,2618,9.82
2392,5.96977,2713,10.18
2393,5.96849,2669,10.01
2394,5.96888,2745,10.30
2395,5.96328,2514,9.43
2396,5.97350,2525,9.48
2397,5.96497,2629,9.86
2398,5.96150,2685,10.07
2399,5.96805,2604,9.77
2400,5.97335,2716,10.19
2401,5.97280,131,0.49
2402,5.96874,2479,9.30
2403,5.97552,2542,9.54
2404,5.96642,2663,9.99
2405,6.01955,2713,10.18
2406,5.95295,2578,9.67
2407,5.98994,2436,9.14
2408,5.97510,2456,9.21
2409,5.95722,2698,10.12
2410,5.99766,2728,10.24
2411,5.95990,2550,9.57
2412,5.99025,2680,10.06
2413,5.96114,1955,7.33
2414,5.97155,2162,8.11
2415,5.97097,1539,5.77
2416,5.97440,2252,8.45
2417,5.98926,2636,9.89
2418,5.96393,2700,10.13
2419,5.98534,2593,9.73
2420,5.97780,2643,9.92
2421,5.99965,2710,10.17
2422,5.96638,2633,9.88
2423,5.97966,2619,9.83
2424,5.96597,2644,9.92
2425,5.97076,2555,9.58
2426,5.96759,2634,9.88
2427,5.97411,2603,9.77
2428,5.96882,2640,9.91
2429,5.96840,2259,8.48
2430,5.97262,2771,10.40
2431,5.96792,2772,10.40
2432,5.96978,2691,10.10
2433,5.96362,2457,9.22
2434,5.96692,2478,9.30
2435,5.97331,2598,9.75
2436,5.97401,2773,10.40
2437,5.95778,2234,8.38
2438,5.97368,2717,10.19
2439,5.96254,2785,10.45
2440,5.95560,2559,9.60
2441,5.97226,2338,8.77
2442,5.96374,2548,9.56
2443,5.97020,2602,9.76
2444,5.96962,2531,9.50
2445,5.96566,2412,9.05
2446,5.96128,2717,10.19
2447,5.97348,2679,10.05
2448,5.96668,2746,10.30
2449,5.97301,2348,8.81
2450,5.96862,2562,9.61
2451,5.96173,2696,10.11
2452,5.96051,2671,10.02
2453,5.96469,2712,10.17
2454,5.95728,2186,8.20
2455,5.96996,2759,10.35
2456,5.97057,2673,10.03
2457,5.96526,2491,9.35
2458,5.96315,2702,10.14
2459,5.96987,2575,9.66
2460,5.97124,2448,9.18
2461,5.95627,2375,8.91
2462,5.95753,2718,10.20
2463,5.95831,2764,10.37
2464,5.95677,2697,10.12
2465,5.95959,2647,9.93
2466,5.95768,2682,10.06
2467,5.96191,2717,10.20
2468,5.96081,2421,9.08
2469,5.96789,2488,9.34
2470,5.97188,2555,9.59
2471,5.96615,2414,9.06
2472,5.96126,2567,9.63
2473,5.97006,390,1.46
2474,5.96269,2157,8.09
2475,5.95861,2419,9.07
2476,5.95854,2462,9.24
2477,5.96077,2644,9.92
2478,5.96091,2391,8.97
2479,5.95801,2526,9.48
2480,5.95756,2619,9.83
2481,5.96051,2396,8.99
2482,5.96158,2643,9.92
2483,5.95926,2730,10.24
2484,5.96375,2730,10.24
2485,5.95395,2607,9.78
2486,5.96717,2715,10.19
2487,5.96681,2651,9.94
2488,5.96259,2507,9.41
2489,5.96037,2588,9.71
2490,5.96470,2657,9.97
2491,5.96972,2657,9.97
2492,5.96786,2636,9.89
2493,5.95861,2762,10.36
2494,5.96321,2334,8.76
2495,5.94518,2270,8.52
2496,5.95071,2426,9.10
2497,5.95510,2620,9.83
2498,5.95116,2461,9.23
2499,5.95993,2636,9.89
2500,5.95089,2306,8.65
2501,5.97244,130,0.49
2502,5.95770,2577,9.67
2503,5.96065,2582,9.69
2504,5.96756,2443,9.17
2505,5.95956,2380,8.93
2506,5.95287,2623,9.84
2507,5.95626,2566,9.63
2508,5.95791,2093,7.85
2509,5.95586,2499,9.38
2510,5.96740,2726,10.23
2511,5.96645,2601,9.76
2512,5.96079,2656,9.96
2513,5.95891,2479,9.30
2514,5.95704,2224,8.35
2515,5.95639,2644,9.92
2516,5.96179,2209,8.29
2517,5.95455,2154,8.08
2518,5.95610,2236,8.39
2519,5.96151,2695,10.11
2520,5.95147,2619,9.83
2521,5.96345,2636,9.89
2522,5.95493,2656,9.97
2523,5.95368,2655,9.96
2524,5.96278,2602,9.76
2525,5.95964,2715,10.19
2526,5.94515,2372,8.90
2527,5.95566,2546,9.55
2528,5.95471,2690,10.09
2529,5.95102,2543,9.54
2530,5.95589,2592,9.72
2531,5.95796,2117,7.94
2532,5.95796,2566,9.63
2533,5.95401,2595,9.74
2534,5.95124,1989,7.46
2535,5.96262,2407,9.03
2536,5.94731,2120,7.96
2537,5.95124,2269,8.51
2538,5.94723,2432,9.13
2539,5.95243,1975,7.41
2540,5.94752,2502,9.39
2541,5.95877,2607,9.78
2542,5.95776,2660,9.98
2543,5.95512,2746,10.30
2544,5.95008,2609,9.79
2545,5.96059,2625,9.85
2546,5.95529,2589,9.71
2547,5.96365,2604,9.77
2548,5.95711,2765,10.38
2549,5.95575,2710,10.17
2550,5.95905,2537,9.52
2551,5.96003,2593,9.73
2552,5.94582,2669,10.01
2553,5.95149,2371,8.90
2554,5.94838,2229,8.36
2555,5.95175,2495,9.36
2556,5.95679,2299,8.63
2557,5.95279,2315,8.68
2558,5.95220,2546,9.55
2559,5.95171,2539,9.53
2560,5.94865,2288,8.58
2561,5.96355,2555,9.59
2562,5.95548,1908,7.16
2563,5.94970,2270,8.52
2564,5.94983,2310,8.67
2565,5.94826,2219,8.33
2566,5.95049,2214,8.31
2567,5.95390,1939,7.27
2568,5.94849,2670,10.02
2569,5.96271,2442,9.16
2570,5.95586,2363,8.87
2571,5.94414,2709,10.16
2572,5.95040,2750,10.32
2573,5.95492,2571,9.64
2574,5.94955,2618,9.82
2575,5.95195,2746,10.30
2576,5.94244,2701,10.13
2577,5.94943,2142,8.04
2578,5.95722,2647,9.93
2579,5.95421,1524,5.72
2580,5.95160,2659,9.98
2581,5.95398,2669,10.01
2582,5.96074,2719,10.20
2583,5.94896,2583,9.69
2584,5.95135,2790,10.47
2585,5.94579,2326,8.73
2586,5.95315,1545,5.80
2587,5.95464,1640,6.15
2588,5.95888,1346,5.05
2589,5.94445,1511,5.67
2590,5.96132,1566,5.88
2591,5.95283,1299,4.87
2592,5.95219,1425,5.35
2593,5.95726,627,2.35
2594,5.94648,1470,5.52
2595,5.95885,1343,5.04
2596,5.95748,685,2.57
2597,5.95452,1484,5.57
2598,5.94974,2183,8.19
2599,5.95401,2054,7.71
2600,5.94240,2138,8.02
2601,5.94763,129,0.48
2602,5.95393,2301,8.63
2603,5.95844,2367,8.88
2604,5.94295,2525,9.47
2605,5.94271,2306,8.65
2606,5.94351,2206,8.28
2607,5.95018,1529,5.74
2608,5.95115,2548,9.56
2609,5.94332,2591,9.72
2610,5.94651,2649,9.94
2611,5.94837,2503,9.39
2612,5.93970,2611,9.80
2613,5.94991,1822,6.84
2614,5.95049,1504,5.64
2615,5.94688,1294,4.86
2616,5.95672,1129,4.24
2617,5.95114,1652,6.20
2618,5.95285,1549,5.81
2619,5.94818,1530,5.74
2620,5.93868,1465,5.50
2621,5.95032,1586,5.95
2622,5.95763,1461,5.48
2623,5.94545,1446,5.43
2624,5.94341,1022,3.83
2625,5.94821,828,3.11
2626,5.95652,1532,5.75
2627,5.94860,2031,7.62
2628,5.95641,2234,8.38
2629,5.94594,2606,9.78
2630,5.94607,1932,7.25
2631,5.93808,2123,7.97
2632,5.94511,2006,7.53
2633,5.94837,2222,8.34
2634,5.94313,2463,9.24
2635,5.95274,2743,10.29
2636,5.95061,2643,9.92
2637,5.94211,2669,10.01
2638,5.93985,1232,4.62
2639,5.95290,1946,7.30
2640,5.94060,1984,7.44
2641,5.95166,2436,9.14
2642,5.94618,1947,7.30
2643,5.94952,1979,7.43
2644,5.94873,2442,9.16
2645,5.94276,2491,9.35
2646,5.94501,2650,9.94
2647,5.94845,2744,10.30
2648,5.94002,2598,9.75
2649,5.93740,2711,10.17
2650,5.94262,2711,10.17
2651,5.94597,2746,10.30
2652,5.94442,2550,9.57
2653,5.94424,1033,3.88
2654,5.94794,2267,8.51
2655,5.94687,2226,8.35
2656,5.93699,2190,8.22
2657,5.95078,2487,9.33
2658,5.94848,2421,9.09
2659,5.94571,1925,7.22
2660,5.95348,1548,5.81
2661,5.93732,1663,6.24
2662,5.94271,1652,6.20
2663,5.94458,1345,5.05
2664,5.94609,1686,6.33
2665,5.93953,1512,5.67
2666,5.93790,581,2.18
2667,5.94148,352,1.32
2668,5.94269,275,1.03
2669,5.94537,540,2.03
2670,5.94875,1856,6.96
2671,5.94517,2353,8.83
2672,5.94692,2400,9.00
2673,5.94158,2561,9.61
2674,5.95070,1740,6.53
2675,5.94119,630,2.36
2676,5.95243,2248,8.43
2677,5.94763,2461,9.23
2678,5.94237,2317,8.70
2679,5.95231,2222,8.34
2680,5.94653,2146,8.05
2681,5.94555,2649,9.94
2682,5.94452,2567,9.63
2683,5.94342,2506,9.40
2684,5.94112,2352,8.83
2685,5.94043,2400,9.00
2686,5.95131,2201,8.26
2687,5.94333,2299,8.62
2688,5.94453,1315,4.94
2689,5.95314,2563,9.62
2690,5.94033,2348,8.81
2691,5.93521,2513,9.43
2692,5.95120,2619,9.83
2693,5.95297,2602,9.76
2694,5.94550,1504,5.64
2695,5.94128,1221,4.58
2696,5.93551,1170,4.39
2697,5.94942,1114,4.18
2698,5.93819,1591,5.97
2699,5.94248,1442,5.41
2700,5.93435,1538,5.77
2701,5.94725,129,0.49
2702,5.94308,2136,8.01
2703,5.93663,2428,9.11
2704,5.94008,2478,9.30
2705,5.94673,2359,8.85
2706,5.93675,2166,8.13
2707,5.93934,1849,6.94
2708,5.94147,2032,7.62
2709,5.93706,2284,8.57
2710,5.92914,2114,7.93
2711,5.94706,2411,9.05
2712,5.95165,2156,8.09
2713,5.94883,2043,7.66
2714,5.95186,2070,7.77
2715,5.94168,1797,6.74
2716,5.94363,1855,6.96
2717,5.94458,2480,9.31
2718,5.94253,2583,9.69
2719,5.93977,2480,9.31
2720,5.94177,2308,8.66
2721,5.94292,2619,9.83
2722,5.94873,2631,9.87
2723,5.94601,2690,10.09
2724,5.94076,2489,9.34
2725,5.93894,2378,8.92
2726,5.94855,2381,8.93
2727,5.94327,2362,8.86
2728,5.94156,2056,7.71
2729,5.93936,2242,8.41
2730,5.93881,2415,9.06
2731,5.94147,2355,8.83
2732,5.94169,2171,8.15
2733,5.93588,2045,7.67
2734,5.93642,2560,9.61
2735,5.94242,2481,9.31
2736,5.92741,2555,9.59
2737,5.94233,2511,9.42
2738,5.94636,2359,8.85
2739,5.93537,2645,9.92
2740,5.93664,1780,6.68
2741,5.94790,2506,9.40
2742,5.93654,2459,9.23
2743,5.93958,2151,8.07
2744,5.93392,2684,10.07
2745,5.94223,2748,10.31
2746,5.94083,2667,10.01
2747,5.94364,2627,9.85
2748,5.94217,2392,8.98
2749,5.94237,2664,10.00
2750,5.94338,2234,8.38
2751,5.93828,2322,8.71
2752,5.93630,2228,8.36
2753,5.94008,2613,9.80
2754,5.93577,2217,8.32
2755,5.94628,2688,10.09
2756,5.93806,2760,10.35
2757,5.92414,2669,10.01
2758,5.94131,2754,10.33
2759,5.93159,2699,10.13
2760,5.94185,2716,10.19
2761,5.93369,2731,10.25
2762,5.94285,2794,10.48
2763,5.94923,2723,10.22
2764,5.93627,2734,10.26
2765,5.93271,2749,10.32
2766,5.93742,2708,10.16
2767,5.94394,2697,10.12
2768,5.93240,2690,10.09
2769,5.94362,2556,9.59
2770,5.94589,2504,9.40
2771,5.93235,2268,8.51
2772,5.94149,2413,9.05
2773,5.93452,2681,10.06
2774,5.94230,2591,9.72
2775,5.93911,2537,9.52
2776,5.94570,2666,10.00
2777,5.93779,2530,9.49
2778,5.93909,2308,8.66
2779,5.93821,2357,8.84
2780,5.94040,2394,8.98
2781,5.93682,2728,10.24
2782,5.94678,2572,9.65
2783,5.93738,2259,8.47
2784,5.94261,2731,10.25
2785,5.93962,2712,10.18
2786,5.93683,2736,10.27
2787,5.93797,2673,10.03
2788,5.93900,2648,9.94
2789,5.94709,2767,10.38
2790,5.94671,2705,10.15
2791,5.93759,2771,10.40
2792,5.93734,2662,9.99
2793,5.94283,2703,10.14
2794,5.94420,2631,9.87
2795,5.93538,2757,10.34
2796,5.93323,2761,10.36
2797,5.94219,2726,10.23
2798,5.94116,2510,9.42
2799,5.93392,2732,10.25
2800,5.93872,2710,10.17
2801,5.93743,130,0.49
2802,5.93050,2522,9.46
2803,5.94034,2684,10.07
2804,5.93472,2639,9.90
2805,5.93960,2485,9.33
2806,5.94224,2690,10.09
2807,5.93399,2743,10.29
2808,5.94283,2628,9.86
2809,5.93519,2654,9.96
2810,5.93715,2705,10.15
2811,5.94064,2669,10.01
2812,5.92948,2586,9.70
2813,5.94014,2607,9.78
2814,5.92970,2580,9.68
2815,5.94271,2662,9.99
2816,5.93701,2647,9.93
2817,5.94022,2782,10.44
2818,5.99547,2620,9.83
2819,5.93187,2610,9.79
2820,5.96596,2543,9.54
2821,5.92280,2490,9.34
2822,5.94513,2660,9.98
2823,5.92980,2696,10.12
2824,5.93940,2715,10.19
2825,5.93104,2714,10.18
2826,5.95411,2275,8.54
2827,5.92884,2753,10.33
2828,5.95149,2774,10.41
2829,5.91831,2629,9.86
2830,5.94992,2661,9.99
2831,5.93501,2748,10.31
2832,5.95030,2716,10.19
2833,5.92608,2683,10.07
2834,5.94207,2754,10.33
2835,5.93789,2757,10.35
2836,5.94788,2722,10.21
2837,5.93876,2564,9.62
2838,5.95135,2821,10.58
2839,5.94396,2728,10.24
2840,5.93673,2746,10.30
2841,5.94305,2658,9.97
2842,5.92701,2739,10.28
2843,5.94211,2680,10.05
2844,5.93458,2654,9.96
2845,5.92083,2845,10.68
2846,5.93745,2684,10.07
2847,5.93878,2679,10.05
2848,5.94244,2768,10.38
2849,5.93408,2458,9.22
2850,5.94057,2424,9.09
2851,5.93354,2537,9.52
2852,5.93482,2378,8.92
2853,5.94327,2627,9.86
2854,5.93715,2668,10.01
2855,5.92734,2623,9.84
2856,5.93953,2721,10.21
2857,5.93020,2757,10.34
2858,5.92579,2739,10.28
2859,5.93747,2718,10.20
2860,5.94079,2630,9.87
2861,5.93067,2641,9.91
2862,5.93150,2776,10.42
2863,5.92560,2726,10.23
2864,5.93137,2369,8.89
2865,5.93526,2323,8.72
2866,5.92657,2684,10.07
2867,5.93234,2691,10.10
2868,5.93495,2746,10.30
2869,5.93675,2642,9.91
2870,5.92798,2746,10.30
2871,5.93327,2776,10.42
2872,5.92259,2768,10.39
2873,5.92957,2746,10.30
2874,5.92504,2687,10.08
2875,5.92688,2558,9.60
2876,5.93102,2327,8.73
2877,5.92799,2721,10.21
2878,5.92591,2704,10.15
2879,5.93227,2483,9.32
2880,5.92714,2376,8.92
2881,5.93204,2578,9.67
2882,5.93674,2587,9.71
2883,5.92612,2412,9.05
2884,5.94173,2716,10.19
2885,5.92727,2735,10.26
2886,5.92956,2629,9.86
2887,5.92230,2634,9.88
2888,5.91609,2728,10.24
2889,5.93013,2664,10.00
2890,5.93303,2256,8.46
2891,5.93364,2774,10.41
2892,5.93819,2679,10.05
2893,5.93573,2779,10.43
2894,5.92796,2694,10.11
2895,5.93127,2699,10.13
2896,5.93077,2756,10.34
2897,5.93641,2416,9.06
2898,5.93536,2652,9.95
2899,5.92644,2666,10.00
2900,5.92990,2760,10.36
2901,5.93270,131,0.49
2902,5.93556,2622,9.84
2903,5.92780,2722,10.21
2904,5.92893,2544,9.54
2905,5.92825,2659,9.98
2906,5.92872,2606,9.78
2907,5.92248,2644,9.92
2908,5.92395,2648,9.94
2909,5.93525,2595,9.74
2910,5.93081,2438,9.15
2911,5.93855,2707,10.16
2912,5.93275,2771,10.40
2913,5.93838,2751,10.32
2914,5.92974,2727,10.23
2915,5.92480,2702,10.14
2916,5.92677,2736,10.27
2917,5.92741,2683,10.07
2918,5.92454,2591,9.72
2919,5.92832,2798,10.50
2920,5.92762,2617,9.82
2921,5.93069,2614,9.81
2922,5.92749,2630,9.87
2923,5.93233,2018,7.57
2924,5.93652,2372,8.90
2925,5.92185,2745,10.30
2926,5.93053,2337,8.77
2927,5.92856,2680,10.06
2928,5.92173,2681,10.06
2929,5.93062,2669,10.01
2930,5.92742,2595,9.74
2931,5.92275,2764,10.37
2932,5.92546,2656,9.97
2933,5.93357,2568,9.64
2934,5.93556,2635,9.89
2935,5.91412,2360,8.86
2936,5.93154,2683,10.07
2937,5.92350,2681,10.06
2938,5.93004,2655,9.96
2939,5.92633,2453,9.20
2940,5.93459,2652,9.95
2941,5.93132,2626,9.85
2942,5.93449,2690,10.09
2943,5.93239,2504,9.40
2944,5.93560,2426,9.10
2945,5.93229,2568,9.63
2946,5.92688,2644,9.92
2947,5.93015,2317,8.69
2948,5.92046,2618,9.82
2949,5.92339,2571,9.65
2950,5.92560,2441,9.16
2951,5.93054,2511,9.42
2952,5.92252,2535,9.51
2953,5.93553,2086,7.83
2954,5.92851,2691,10.10
2955,5.92339,2742,10.29
2956,5.92689,2625,9.85
2957,5.92463,2704,10.14
2958,5.91939,2715,10.19
2959,5.93010,2634,9.88
2960,5.92504,2736,10.26
2961,5.92566,2706,10.15
2962,5.91835,2658,9.97
2963,5.92783,2602,9.76
2964,5.91604,2516,9.44
2965,5.92428,2643,9.92
2966,5.91624,2719,10.20
2967,5.92532,2723,10.22
2968,5.92942,2789,10.47
2969,5.92754,2697,10.12
2970,5.91645,2752,10.32
2971,5.92687,2201,8.26
2972,5.93059,2628,9.86
2973,5.97404,2640,9.90
2974,5.92003,2707,10.16
2975,5.95792,2651,9.95
2976,5.93094,2607,9.78
2977,5.93076,2685,10.07
2978,5.92058,2370,8.89
2979,5.93032,2684,10.07
2980,5.91428,2356,8.84
2981,5.92458,2423,9.09
2982,5.92028,2559,9.60
2983,5.94219,2512,9.43
2984,5.92156,2721,10.21
2985,5.95238,2625,9.85
2986,5.91805,2589,9.71
2987,5.94825,2695,10.11
2988,5.92489,2606,9.78
2989,5.92484,2713,10.18
2990,5.93976,2634,9.88
2991,5.91899,2670,10.02
2992,5.94028,2537,9.52
2993,5.93783,2773,10.41
2994,5.93498,2709,10.17
2995,5.92941,2645,9.93
2996,5.92929,2656,9.96
2997,5.92050,2723,10.22
2998,5.92312,2612,9.80
2999,5.93036,2762,10.36
3000,5.93663,2733,10.25
3001,5.92630,132,0.50
3002,5.92696,2413,9.05
3003,5.92607,2164,8.12
3004,5.91238,2669,10.02
3005,5.92873,2633,9.88
3006,5.92903,2753,10.33
3007,5.91823,2556,9.59
3008,5.92381,2388,8.96
3009,5.92497,2705,10.15
3010,5.92576,2755,10.34
3011,5.92384,2795,10.49
3012,5.92294,1504,5.64
3013,5.92775,1348,5.06
3014,5.91611,2642,9.91
3015,5.92854,2695,10.11
3016,5.92115,2678,10.05
3017,5.92081,2574,9.66
3018,5.93772,2737,10.27
3019,5.92167,2581,9.68
3020,5.92199,2340,8.78
3021,5.92363,2337,8.77
3022,5.91589,2328,8.73
3023,5.93187,2715,10.18
3024,5.92479,2633,9.88
3025,5.91614,1597,5.99
3026,5.92035,2782,10.44
3027,5.91969,2704,10.14
3028,5.93107,2607,9.78
3029,5.92480,2782,10.44
3030,5.92003,2815,10.56
3031,5.92341,2713,10.18
3032,5.91751,2540,9.53
3033,5.92282,2696,10.12
3034,5.92424,2581,9.68
3035,5.92237,2776,10.42
3036,5.91379,2759,10.35
3037,5.93060,2722,10.21
3038,5.92800,2675,10.04
3039,5.91524,2729,10.24
3040,5.92107,2758,10.35
3041,5.93052,2709,10.16
3042,5.92364,2727,10.23
3043,5.91059,2697,10.12
3044,5.93128,2666,10.00
3045,5.92343,2355,8.84
3046,5.92030,2728,10.24
3047,5.91876,2687,10.08
3048,5.92221,2674,10.03
3049,5.91954,2283,8.56
3050,5.92728,2666,10.00
3051,5.93189,2427,9.11
3052,5.92837,2231,8.37
3053,5.92216,2704,10.15
3054,5.92105,2644,9.92
3055,5.91966,2665,10.00
3056,5.92103,2585,9.70
3057,5.92296,2245,8.42
3058,5.91135,2545,9.55
3059,5.92502,2705,10.15
3060,5.91778,2784,10.44
3061,5.93022,2760,10.36
3062,5.92171,2223,8.34
3063,5.91624,2012,7.55
3064,5.92518,2634,9.88
3065,5.92203,2750,10.32
3066,5.91808,2676,10.04
3067,5.90879,2713,10.18
3068,5.92284,2727,10.23
3069,5.92888,2423,9.09
3070,5.91914,2705,10.15
3071,5.91494,2680,10.05
3072,5.92030,2679,10.05
3073,5.91989,2749,10.31
3074,5.92050,2591,9.72
3075,5.92160,2709,10.16
3076,5.92311,2660,9.98
3077,5.92538,2668,10.01
3078,5.91657,2335,8.76
3079,5.91257,2548,9.56
3080,5.91432,2644,9.92
3081,5.90923,2455,9.21
3082,5.92077,2741,10.28
3083,5.91941,2793,10.48
3084,5.90820,2801,10.51
3085,5.92175,2759,10.35
3086,5.91519,2727,10.23
3087,5.92888,2718,10.20
3088,5.92617,1735,6.51
3089,5.92758,2648,9.94
3090,5.91376,2258,8.47
3091,5.93327,2598,9.75
3092,5.90968,2757,10.34
3093,5.96719,2632,9.87
3094,5.90807,2704,10.15
3095,5.94757,2660,9.98
3096,5.92041,2715,10.19
3097,5.93246,2674,10.03
3098,5.91087,2167,8.13
3099,5.92456,2575,9.66
3100,5.92409,2618,9.82
3101,5.93509,129,0.48
3102,5.92125,2484,9.32
3103,5.92527,2703,10.14
3104,5.92244,2672,10.02
3105,5.93337,2640,9.90
3106,5.91938,2755,10.34
3107,5.92785,2631,9.87
3108,5.91687,2557,9.59
3109,5.92300,2341,8.78
3110,5.91148,2754,10.33
3111,5.92705,2739,10.28
3112,5.91210,2704,10.14
3113,5.92306,2719,10.20
3114,5.91844,2704,10.14
3115,5.91634,2594,9.73
3116,5.91800,2667,10.01
3117,5.92222,2718,10.20
3118,5.91479,2273,8.53
3119,5.91853,2514,9.43
3120,5.92087,2415,9.06
3121,5.92253,1783,6.69
3122,5.91914,2768,10.39
3123,5.91919,2761,10.36
3124,5.92350,1921,7.21
3125,5.91638,2636,9.89
3126,5.91854,2669,10.01
3127,5.92542,2675,10.04
3128,5.92448,2427,9.11
3129,5.90918,2731,10.25
3130,5.91300,2733,10.25
3131,5.90875,2555,9.59
3132,5.91977,2764,10.37
3133,5.92040,2639,9.90
3134,5.91552,2739,10.28
3135,5.91871,2174,8.16
3136,5.91383,2770,10.39
3137,5.91841,2630,9.87
3138,5.92117,2708,10.16
3139,5.92026,2666,10.00
3140,5.92109,2655,9.96
3141,5.90852,2572,9.65
3142,5.92238,2702,10.14
3143,5.91374,2705,10.15
3144,5.91728,2680,10.06
3145,5.91167,2275,8.54
3146,5.91315,2721,10.21
3147,5.92359,2408,9.03
3148,5.91030,2547,9.56
3149,5.91601,2541,9.53
3150,5.91677,2228,8.36
3151,5.91905,2543,9.54
3152,5.91732,2700,10.13
3153,5.90251,2444,9.17
3154,5.91776,2535,9.51
3155,5.91336,2738,10.27
3156,5.90829,2697,10.12
3157,5.91139,2712,10.17
3158,5.91883,2807,10.53
3159,5.92061,2767,10.38
3160,5.91215,2761,10.36
3161,5.91289,2733,10.25
3162,5.91982,2682,10.06
3163,5.91832,2641,9.91
3164,5.91168,2630,9.87
3165,5.90428,2669,10.02
3166,5.90389,2375,8.91
3167,5.91125,2363,8.87
3168,5.90997,2643,9.92
3169,5.91755,2527,9.48
3170,5.91702,2709,10.16
3171,5.91531,2564,9.62
3172,5.90827,2641,9.91
3173,5.91126,2682,10.06
3174,5.91516,2684,10.07
3175,5.91831,2761,10.36
3176,5.91071,2714,10.18
3177,5.91455,2597,9.75
3178,5.91308,2651,9.95
3179,5.91320,2142,8.04
3180,5.91436,2466,9.25
3181,5.90866,2607,9.78
3182,5.91642,2701,10.13
3183,5.91142,2752,10.32
3184,5.91853,2673,10.03
3185,5.91018,2637,9.90
3186,5.91691,2714,10.18
3187,5.91404,2592,9.72
3188,5.91399,2721,10.21
3189,5.91160,2681,10.06
3190,5.91785,2729,10.24
3191,5.91814,2756,10.34
3192,5.92044,2622,9.84
3193,5.91526,2731,10.25
3194,5.91594,2618,9.82
3195,5.91172,2758,10.35
3196,5.92098,2640,9.91
3197,5.91402,2790,10.47
3198,5.91281,2666,10.00
3199,5.92330,2466,9.25
3200,5.90054,2804,10.52
3201,5.91399,131,0.49
3202,5.90434,2723,10.22
3203,5.90895,2672,10.02
3204,5.91293,2788,10.46
3205,5.90734,2714,10.18
3206,5.91442,2693,10.10
3207,5.91020,2700,10.13
3208,5.91066,2759,10.35
3209,5.90875,2742,10.29
3210,5.91273,2796,10.49
3211,5.91988,2675,10.04
3212,5.91812,2614,9.81
3213,5.91373,2739,10.28
3214,5.92003,2599,9.75
3215,5.91130,2411,9.05
3216,5.91195,2753,10.33
3217,5.91373,2631,9.87
3218,5.91254,2773,10.41
3219,5.91966,2669,10.01
3220,5.92177,2387,8.96
3221,5.91404,2602,9.76
3222,5.92227,2476,9.29
3223,5.90744,2757,10.34
3224,5.91655,2292,8.60
3225,5.91424,2318,8.70
3226,5.91360,2641,9.91
3227,5.91671,2172,8.15
3228,5.91265,2713,10.18
3229,5.91278,2748,10.31
3230,5.91374,2723,10.22
3231,5.89995,2698,10.12
3232,5.91119,2680,10.06
3233,5.92058,2557,9.59
3234,5.91038,2612,9.80
3235,5.93999,2723,10.22
3236,5.91542,2670,10.02
3237,5.94354,2598,9.75
3238,5.90199,2666,10.00
3239,5.92824,2709,10.16
3240,5.91390,2763,10.37
3241,5.92567,2825,10.60
3242,5.91245,2755,10.34
3243,5.91571,2441,9.16
3244,5.91369,2601,9.76
3245,5.90470,2601,9.76
3246,5.91337,2699,10.13
3247,5.90833,2727,10.23
3248,5.94627,2705,10.15
3249,5.90347,2421,9.08
3250,5.94314,2315,8.69
3251,5.91366,2430,9.12
3252,5.92456,2369,8.89
3253,5.90881,2637,9.89
3254,5.92848,2690,10.09
3255,5.90020,2778,10.42
3256,5.93570,2599,9.75
3257,5.91045,2612,9.80
3258,5.93084,2601,9.76
3259,5.90993,2697,10.12
3260,5.91930,2299,8.63
3261,5.91634,2616,9.82
3262,5.91476,2669,10.01
3263,5.91426,2681,10.06
3264,5.91140,2777,10.42
3265,5.91772,2630,9.87
3266,5.91020,2819,10.58
3267,5.91829,2661,9.98
3268,5.90582,2704,10.15
3269,5.90770,2750,10.32
3270,5.90909,2574,9.66
3271,5.91282,2680,10.06
3272,5.91572,2399,9.00
3273,5.91463,2766,10.38
3274,5.91400,2634,9.88
3275,5.91320,2684,10.07
3276,5.90768,2605,9.77
3277,5.91500,2661,9.98
3278,5.90984,2679,10.05
3279,5.91064,2711,10.17
3280,5.91119,2394,8.98
3281,5.91801,2591,9.72
3282,5.90802,2682,10.06
3283,5.91130,2638,9.90
3284,5.89618,2509,9.42
3285,5.91083,2669,10.01
3286,5.90670,2658,9.97
3287,5.97665,2658,9.97
3288,6.01703,2672,10.03
3289,5.91535,2634,9.88
3290,5.90512,2711,10.17
3291,5.98181,2627,9.86
3292,5.93066,2715,10.19
3293,5.91437,2752,10.32
3294,5.94610,2547,9.56
3295,5.93108,2677,10.04
3296,5.92058,2668,10.01
3297,5.91629,2681,10.06
3298,5.92138,2485,9.32
3299,5.92116,2721,10.21
3300,5.90995,2583,9.69
3301,5.91089,131,0.49
3302,5.91364,2627,9.86
3303,5.90955,2533,9.50
3304,5.90813,2643,9.92
3305,5.90776,2608,9.79
3306,5.90530,2359,8.85
3307,5.91212,2556,9.59
3308,5.91465,2569,9.64
3309,5.90839,2686,10.08
3310,5.91774,2624,9.85
3311,5.90862,2620,9.83
3312,5.90908,2684,10.07
3313,5.91099,2640,9.90
3314,5.90506,2662,9.99
3315,5.90577,2690,10.09
3316,5.91247,2626,9.85
3317,5.90429,2542,9.54
3318,5.90860,2610,9.79
3319,5.91394,2586,9.70
3320,5.90893,2284,8.57
3321,5.91916,2484,9.32
3322,5.90722,2434,9.13
3323,5.90472,2294,8.61
3324,5.90791,2547,9.56
3325,5.90560,2504,9.40
3326,5.90184,2786,10.45
3327,5.90482,2681,10.06
3328,5.90110,2657,9.97
3329,5.90513,2658,9.97
3330,5.91043,2524,9.47
3331,5.90019,2429,9.11
3332,5.90683,2157,8.09
3333,5.90927,2553,9.58
3334,5.90588,2276,8.54
3335,5.91836,2693,10.10
3336,5.90497,2685,10.07
3337,5.90347,2703,10.14
3338,5.90206,2760,10.36
3339,5.90567,2713,10.18
3340,5.91544,2631,9.87
3341,5.90394,2171,8.14
3342,5.90888,2638,9.90
3343,5.90974,2745,10.30
3344,5.91294,2706,10.15
3345,5.90540,2596,9.74
3346,5.90863,2715,10.19
3347,5.91495,2475,9.29
3348,5.90141,2638,9.90
3349,5.90835,2526,9.48
3350,5.90246,2342,8.79
3351,5.91626,2307,8.66
3352,5.90681,2344,8.79
3353,5.90701,2703,10.14
3354,5.91018,2772,10.40
3355,5.91331,2566,9.63
3356,5.90460,2730,10.24
3357,5.91426,2716,10.19
3358,5.89917,2552,9.57
3359,5.90571,2741,10.28
3360,5.90229,2654,9.96
3361,5.90004,2714,10.18
3362,5.91191,2654,9.96
3363,5.91038,2741,10.28
3364,5.91263,2611,9.80
3365,5.91219,2688,10.09
3366,5.90706,2708,10.16
3367,5.90276,2227,8.36
3368,5.90879,2806,10.53
3369,5.91177,2605,9.77
3370,5.91024,2792,10.47
3371,5.91504,2707,10.16
3372,5.91231,2709,10.17
3373,5.90366,2705,10.15
3374,5.90542,2714,10.18
3375,5.90299,2632,9.87
3376,5.91779,2379,8.92
3377,5.89675,2695,10.11
3378,5.89768,2781,10.44
3379,5.90819,2375,8.91
3380,5.91008,2256,8.46
3381,5.91058,2271,8.52
3382,5.89840,2637,9.90
3383,5.91281,2718,10.20
3384,5.90991,2712,10.18
3385,5.89897,2557,9.59
3386,5.90798,2689,10.09
3387,5.90281,2686,10.08
3388,5.90110,2820,10.58
3389,5.90087,2469,9.26
3390,5.89971,2753,10.33
3391,5.90610,2589,9.72
3392,5.91952,2332,8.75
3393,5.90066,2813,10.55
3394,5.91219,2677,10.04
3395,5.90478,2661,9.98
3396,5.90966,2670,10.02
3397,5.91260,2685,10.07
3398,5.90524,2732,10.25
3399,5.91102,2705,10.15
3400,5.90660,2739,10.28
3401,5.90624,125,0.47
3402,5.90808,1039,3.90
3403,5.90872,2134,8.01
3404,5.90718,2241,8.41
3405,5.89960,2274,8.53
3406,5.90424,2470,9.27
3407,5.90732,669,2.51
3408,5.90412,2186,8.20
3409,5.90170,2592,9.73
3410,5.91003,2072,7.78
3411,5.96186,2243,8.41
3412,5.90311,2482,9.31
3413,5.93555,1961,7.36
3414,5.90121,1832,6.88
3415,5.91250,1773,6.65
3416,5.89922,1843,6.91
3417,5.90505,2246,8.43
3418,5.89986,2518,9.45
3419,5.90815,2290,8.59
3420,5.90247,1777,6.67
3421,5.89789,2148,8.06
3422,5.90571,2275,8.53
3423,5.90470,2457,9.22
3424,5.90314,2503,9.39
3425,5.90684,2485,9.32
3426,5.90253,2436,9.14
3427,5.88864,2294,8.61
3428,5.90366,2152,8.07
3429,5.90439,2243,8.42
3430,5.91583,2391,8.97
3431,5.90150,2455,9.21
3432,5.95675,2614,9.81
3433,5.88991,2318,8.70
3434,5.94476,2093,7.85
3435,5.92010,2205,8.27
3436,5.90678,2220,8.33
3437,5.93311,2302,8.64
3438,5.90225,1960,7.35
3439,5.93071,2110,7.92
3440,5.90611,1973,7.40
3441,5.91892,1836,6.89
3442,5.89774,2266,8.50
3443,5.90282,2245,8.42
3444,5.90895,2330,8.74
3445,5.91322,2144,8.04
3446,5.91052,2293,8.60
3447,5.91145,452,1.70
3448,5.90398,2136,8.01
3449,5.90564,1214,4.55
3450,5.90841,1525,5.72
3451,5.90317,1201,4.50
3452,5.89846,2029,7.61
3453,5.90777,1188,4.46
3454,5.91149,1088,4.08
3455,5.90782,1837,6.89
3456,5.90547,1703,6.39
3457,5.90916,1831,6.87
3458,5.90178,1526,5.73
3459,5.90271,1958,7.35
3460,5.90571,604,2.27
3461,5.90538,2050,7.69
3462,5.90696,2466,9.25
3463,5.89472,2589,9.71
3464,5.91456,2602,9.76
3465,5.90619,2528,9.49
3466,5.90246,2353,8.83
3467,5.90168,2138,8.02
3468,5.90729,2251,8.45
3469,5.90602,2653,9.96
3470,5.90062,2549,9.57
3471,5.88952,2630,9.87
3472,5.90102,2101,7.88
3473,5.89913,2432,9.13
3474,5.91251,2002,7.51
3475,5.91189,2394,8.98
3476,5.90875,2559,9.60
3477,5.90569,2207,8.28
3478,5.90012,1997,7.49
3479,5.90009,1982,7.44
3480,5.90565,2002,7.51
3481,5.90312,1977,7.42
3482,5.91653,2320,8.70
3483,5.90173,2329,8.74
3484,5.90620,2294,8.61
3485,5.90469,2239,8.40
3486,5.91017,2336,8.76
3487,5.89607,2089,7.84
3488,5.90006,2309,8.66
3489,5.90051,2235,8.39
3490,5.90863,2015,7.56
3491,5.90049,2584,9.69
3492,5.89988,2104,7.89
3493,5.89894,2395,8.99
3494,5.90736,2200,8.25
3495,5.90129,2149,8.06
3496,5.89560,2471,9.27
3497,5.89877,2330,8.74
3498,5.89988,2329,8.74
3499,5.89133,2114,7.93
3500,5.89732,2249,8.44
3501,5.90167,131,0.49
3502,5.89406,2083,7.82
3503,5.90631,2000,7.50
3504,5.90423,2266,8.50
3505,5.90267,1957,7.34
3506,5.88585,1977,7.42
3507,5.89241,2074,7.78
3508,5.89294,2222,8.34
3509,5.90514,1931,7.25
3510,5.90769,2044,7.67
3511,5.89235,1869,7.01
3512,5.90032,2165,8.12
3513,5.89290,2108,7.91
3514,5.90444,2272,8.52
3515,5.90585,1941,7.28
3516,5.89803,2281,8.56
3517,5.90517,1481,5.56
3518,5.90645,2525,9.48
3519,5.90159,2241,8.41
3520,5.89657,2306,8.65
3521,5.89808,2463,9.24
3522,5.89879,1973,7.40
3523,5.90324,2136,8.02
3524,5.90232,2179,8.17
3525,5.89680,2117,7.94
3526,5.89894,2433,9.13
3527,5.90262,2447,9.18
3528,5.89591,2343,8.79
3529,5.90813,2176,8.17
3530,5.90208,2188,8.21
3531,5.89672,2099,7.87
3532,5.89535,2004,7.52
3533,5.90484,1909,7.16
3534,5.89867,2075,7.78
3535,5.89362,2325,8.72
3536,5.87782,1699,6.38
3537,5.89477,1782,6.69
3538,5.89487,1585,5.95
3539,5.90171,1900,7.13
3540,5.89727,2496,9.37
3541,5.89949,2493,9.35
3542,5.89333,2418,9.07
3543,5.89905,2484,9.32
3544,5.89236,2644,9.92
3545,5.89622,2662,9.99
3546,5.90390,2663,9.99
3547,5.89817,2649,9.94
3548,5.89350,2533,9.51
3549,5.89951,2294,8.61
3550,5.89813,2246,8.43
3551,5.90477,2180,8.18
3552,5.89572,2035,7.63
3553,5.89162,2211,8.30
3554,5.89569,1936,7.26
3555,5.90006,2211,8.30
3556,5.89339,2126,7.98
3557,5.89599,2469,9.27
3558,5.89229,2513,9.43
3559,5.89647,2201,8.26
3560,5.90421,2636,9.89
3561,5.88669,2643,9.92
3562,5.89481,2549,9.56
3563,5.89899,2236,8.39
3564,5.89573,2282,8.56
3565,5.94182,2375,8.91
3566,5.89890,2090,7.84
3567,5.91436,2573,9.65
3568,5.88992,2362,8.86
3569,5.89848,1488,5.58
3570,5.88912,1517,5.69
3571,5.90373,2496,9.36
3572,5.88772,2737,10.27
3573,5.91086,2773,10.40
3574,5.89211,2705,10.15
3575,5.91352,2775,10.41
3576,5.88847,2695,10.11
3577,5.90181,2533,9.50
3578,5.88937,2618,9.82
3579,5.89943,2651,9.95
3580,5.89619,2365,8.87
3581,5.89329,2604,9.77
3582,5.89014,2709,10.17
3583,5.89861,2481,9.31
3584,5.89742,2670,10.02
3585,5.92779,2123,7.97
3586,5.89446,2651,9.95
3587,5.90954,2434,9.13
3588,5.90121,2098,7.87
3589,5.90639,1600,6.00
3590,5.91196,1906,7.15
3591,5.89265,1679,6.30
3592,5.89881,1977,7.42
3593,5.88652,2504,9.39
3594,5.89721,2360,8.85
3595,5.88732,2531,9.49
3596,5.88608,2420,9.08
3597,5.89959,2500,9.38
3598,5.89741,2520,9.45
3599,5.89421,2607,9.78
3600,5.90146,2332,8.75
3601,5.88809,128,0.48
3602,5.89812,2341,8.78
3603,5.89303,2359,8.85
3604,5.90365,2209,8.29
3605,5.90778,2318,8.70
3606,5.89627,2268,8.51
3607,5.89348,2019,7.58
3608,5.90340,2252,8.45
3609,5.90293,2052,7.70
3610,5.89435,2364,8.87
3611,5.90184,1943,7.29
3612,5.89385,2271,8.52
3613,5.88987,2483,9.32
3614,5.89400,2439,9.15
3615,5.88983,2255,8.46
3616,5.89309,2191,8.22
3617,5.89524,2100,7.88
3618,5.89669,2104,7.89
3619,5.89899,2301,8.63
3620,5.89519,2221,8.33
3621,5.90128,2221,8.33
3622,5.88913,2303,8.64
3623,5.89528,2326,8.73
3624,5.89327,2082,7.81
3625,5.89733,2036,7.64
3626,5.89597,2099,7.88
3627,5.90535,2556,9.59
3628,5.89963,2630,9.87
3629,5.89342,2304,8.64
3630,5.90160,2543,9.54
3631,5.89222,2332,8.75
3632,5.88328,2390,8.97
3633,5.89834,2309,8.66
3634,5.89286,2422,9.09
3635,5.89534,2284,8.57
3636,5.89221,2191,8.22
3637,5.89562,2633,9.88
3638,5.89343,2589,9.71
3639,5.93740,2525,9.48
3640,5.89619,2544,9.55
3641,5.92924,2566,9.63
3642,5.88131,2696,10.11
3643,5.91530,2621,9.84
3644,5.88605,2517,9.45
3645,5.91979,2669,10.02
3646,5.88018,2598,9.75
3647,5.92187,2471,9.27
3648,5.87762,2648,9.94
3649,5.90797,2623,9.84
3650,5.89714,2555,9.59
3651,5.90565,2479,9.30
3652,5.88888,2065,7.75
3653,5.89928,2365,8.87
3654,5.90129,2408,9.04
3655,5.89132,2274,8.53
3656,5.89364,2647,9.93
3657,5.89512,2663,9.99
3658,5.89809,2653,9.95
3659,5.90171,2746,10.30
3660,5.89800,2464,9.24
3661,5.89529,2428,9.11
3662,5.89365,2329,8.74
3663,5.89435,2455,9.21
3664,5.88485,2692,10.10
3665,5.93604,2637,9.90
3666,5.88655,2663,9.99
3667,5.92121,2609,9.79
3668,5.89096,2586,9.70
3669,5.90828,2731,10.25
3670,5.89067,2785,10.45
3671,5.92550,2717,10.19
3672,5.90587,2608,9.79
3673,5.89733,2706,10.15
3674,5.89995,2677,10.04
3675,5.89595,2698,10.12
3676,5.89985,2587,9.71
3677,5.89000,2719,10.20
3678,5.90563,2771,10.40
3679,5.89919,2488,9.34
3680,5.89994,2627,9.86
3681,5.89387,2585,9.70
3682,5.89232,2569,9.64
3683,5.90151,2614,9.81
3684,5.89050,1751,6.57
3685,5.89363,2734,10.26
3686,5.95452,2667,10.01
3687,5.89422,2586,9.70
3688,5.92367,2719,10.20
3689,5.90945,2683,10.07
3690,5.89296,2523,9.47
3691,5.91813,2553,9.58
3692,5.89737,2397,8.99
3693,5.90296,2280,8.56
3694,5.89752,2503,9.39
3695,5.91543,2655,9.96
3696,5.89786,2739,10.28
3697,5.89956,2761,10.36
3698,5.89473,2756,10.34
3699,5.89146,2369,8.89
3700,5.89457,2697,10.12
3701,5.89624,131,0.49
3702,5.88658,2389,8.96
3703,5.88900,2496,9.37
3704,5.89886,2181,8.18
3705,5.89849,2732,10.25
3706,5.89328,2624,9.84
3707,5.88753,2605,9.78
3708,5.90062,90,0.34
3709,5.90004,100,0.38
3710,5.89371,63,0.24
3711,5.89550,452,1.69
3712,5.90686,366,1.37
3713,5.90103,155,0.58
3714,5.89831,1026,3.85
3715,5.90133,2440,9.15
3716,5.89176,2669,10.01
3717,5.89176,2462,9.24
3718,5.88536,2418,9.07
3719,5.89130,2553,9.58
3720,5.88631,2557,9.59
3721,5.89479,2654,9.96
3722,5.89530,2176,8.16
3723,5.88331,2608,9.79
3724,5.88894,2758,10.35
3725,5.88812,2410,9.04
3726,5.89648,2699,10.13
3727,5.89660,2525,9.48
3728,5.89652,2266,8.50
3729,5.88983,2696,10.12
3730,5.89347,2416,9.06
3731,5.88755,2572,9.65
3732,5.88451,2682,10.06
3733,5.89223,2599,9.75
3734,5.89013,2627,9.86
3735,5.88873,2564,9.62
3736,5.89393,2593,9.73
3737,5.89636,2636,9.89
3738,5.89032,2512,9.43
3739,5.89507,2535,9.51
3740,5.88841,2253,8.45
3741,5.88447,2509,9.41
3742,5.89658,2629,9.86
3743,5.88847,2611,9.80
3744,5.87775,2331,8.75
3745,5.88421,2506,9.40
3746,5.89387,2540,9.53
3747,5.89684,2479,9.30
3748,5.88138,2605,9.78
3749,5.88875,2635,9.89
3750,5.89575,2738,10.27
3751,5.89005,2638,9.90
3752,5.89630,2635,9.89
3753,5.89228,2591,9.72
3754,5.89890,2524,9.47
3755,5.88437,2630,9.87
3756,5.94717,2514,9.43
3757,5.88022,2381,8.93
3758,5.91441,2466,9.25
3759,5.90355,2498,9.37
3760,5.89478,2443,9.17
3761,5.92236,2558,9.60
3762,5.88926,2524,9.47
3763,5.90812,2553,9.58
3764,5.88747,2314,8.68
3765,5.89953,2379,8.93
3766,5.89702,2619,9.83
3767,5.88525,2662,9.99
3768,5.89158,2658,9.97
3769,5.88641,2629,9.86
3770,5.89478,2695,10.11
3771,5.88914,2590,9.72
3772,5.89489,2724,10.22
3773,5.88597,2411,9.05
3774,5.90793,2730,10.24
3775,5.88636,2174,8.16
3776,5.90897,2749,10.31
3777,5.89352,2760,10.36
3778,5.90781,2724,10.22
3779,5.88408,2737,10.27
3780,5.89759,2146,8.05
3781,5.89074,2692,10.10
3782,5.89512,2711,10.17
3783,5.89328,2580,9.68
3784,5.89208,2698,10.12
3785,5.89433,2274,8.53
3786,5.88712,2429,9.11
3787,5.89521,2381,8.93
3788,5.89227,2541,9.54
3789,5.89822,2113,7.93
3790,5.89431,2634,9.88
3791,5.88081,2602,9.76
3792,5.88213,2809,10.54
3793,5.89090,2707,10.16
3794,5.89024,2575,9.66
3795,5.89425,2592,9.72
3796,5.88786,2664,9.99
3797,5.88096,2732,10.25
3798,5.88138,2746,10.30
3799,5.88605,2260,8.48
3800,5.88662,2665,10.00
3801,5.88660,129,0.48
3802,5.88791,2619,9.83
3803,5.89227,2578,9.67
3804,5.89500,2662,9.99
3805,5.89347,2342,8.79
3806,5.89320,2404,9.02
3807,5.89294,2600,9.76
3808,5.88343,2649,9.94
3809,5.89272,2729,10.24
3810,5.89015,2657,9.97
3811,5.89100,2696,10.11
3812,5.89375,2760,10.36
3813,5.87805,2765,10.37
3814,5.89595,2708,10.16
3815,5.89167,2774,10.41
3816,5.89516,2645,9.92
3817,5.88909,2652,9.95
3818,5.88674,2054,7.70
3819,5.89415,2713,10.18
3820,5.88798,2477,9.29
3821,5.89075,2681,10.06
3822,5.88951,2595,9.74
3823,5.88835,2741,10.28
3824,5.88209,2752,10.33
3825,5.88778,2642,9.91
3826,5.88545,2652,9.95
3827,5.87153,2464,9.24
3828,5.88348,2688,10.08
3829,5.87806,2595,9.73
3830,5.88273,2642,9.91
3831,5.88763,2652,9.95
3832,5.88445,2298,8.62
3833,5.89082,2747,10.31
3834,5.88973,2785,10.45
3835,5.87554,2636,9.89
3836,5.88482,2663,9.99
3837,5.88932,2722,10.21
3838,5.88561,2653,9.95
3839,5.88034,2670,10.02
3840,5.89009,2561,9.61
3841,5.88618,2333,8.76
3842,5.88920,2675,10.04
3843,5.89092,2251,8.45
3844,5.88437,2221,8.33
3845,5.88837,2682,10.06
3846,5.89047,2605,9.77
3847,5.88568,2738,10.27
3848,5.88367,2749,10.31
3849,5.89418,2304,8.64
3850,5.87864,1492,5.60
3851,5.88649,2621,9.84
3852,5.89825,2749,10.31
3853,5.89034,2686,10.08
3854,5.89236,2669,10.01
3855,5.88928,2587,9.71
3856,5.88568,2360,8.85
3857,5.88303,2310,8.67
3858,5.88999,2368,8.89
3859,5.88116,2715,10.19
3860,5.88564,2543,9.54
3861,5.88658,2635,9.89
3862,5.89000,2609,9.79
3863,5.88467,2740,10.28
3864,5.88482,2710,10.17
3865,5.88578,2613,9.80
3866,5.88664,2748,10.31
3867,5.87816,2703,10.14
3868,5.89010,2545,9.55
3869,5.88151,2649,9.94
3870,5.88656,2690,10.09
3871,5.89212,2627,9.86
3872,5.88077,2030,7.62
3873,5.88294,2658,9.97
3874,5.89106,2678,10.05
3875,5.88754,2581,9.68
3876,5.88975,2282,8.56
3877,5.89407,2619,9.83
3878,5.87533,2169,8.14
3879,5.87842,2507,9.41
3880,5.87703,2694,10.11
3881,5.87728,2659,9.98
3882,5.88935,1661,6.23
3883,5.87775,2671,10.02
3884,5.88604,2537,9.52
3885,5.88053,2589,9.71
3886,5.89302,2588,9.71
3887,5.89090,2590,9.72
3888,5.87757,2698,10.12
3889,5.88212,2766,10.38
3890,5.88447,2635,9.88
3891,5.88536,2666,10.00
3892,5.87974,2714,10.18
3893,5.88837,2814,10.56
3894,5.88473,2748,10.31
3895,5.88636,2651,9.95
3896,5.88924,2705,10.15
3897,5.88692,2679,10.05
3898,5.88397,2646,9.93
3899,5.87893,2662,9.99
3900,5.88482,2663,9.99
3901,5.88205,128,0.48
3902,5.88388,2598,9.75
3903,5.87501,2333,8.75
3904,5.88341,2487,9.33
3905,5.88038,2710,10.17
3906,5.90878,2763,10.37
3907,5.87731,2624,9.84
3908,5.90943,2447,9.18
3909,5.87341,2622,9.84
3910,5.88940,2700,10.13
3911,5.88934,2682,10.06
3912,5.90099,2602,9.76
3913,5.87909,2659,9.98
3914,5.89854,2580,9.68
3915,5.88158,2718,10.20
3916,5.89495,2566,9.63
3917,5.87934,2665,10.00
3918,5.90105,2616,9.82
3919,5.88108,2720,10.21
3920,5.89550,2718,10.20
3921,5.88632,2743,10.29
3922,5.89383,2638,9.90
3923,5.88664,2439,9.15
3924,5.89123,2602,9.76
3925,5.88031,2542,9.54
3926,5.89856,2542,9.54
3927,5.88116,2581,9.68
3928,5.89024,2683,10.07
3929,5.88683,2697,10.12
3930,5.89383,2770,10.39
3931,5.87759,2634,9.88
3932,5.89613,2592,9.72
3933,5.87967,2701,10.13
3934,5.89716,2707,10.16
3935,5.88337,2763,10.37
3936,5.88945,2750,10.32
3937,5.87542,2623,9.84
3938,5.87887,2718,10.20
3939,5.86787,2656,9.96
3940,5.88501,2700,10.13
3941,5.88399,2465,9.25
3942,5.89450,2765,10.37
3943,5.87910,2651,9.95
3944,5.87911,2691,10.10
3945,5.88621,2739,10.28
3946,5.88468,2760,10.35
3947,5.88962,2773,10.40
3948,5.88277,2632,9.88
3949,5.88770,2807,10.53
3950,5.87621,2703,10.14
3951,5.88430,2694,10.11
3952,5.87588,2669,10.01
3953,5.88452,2829,10.61
3954,5.87259,2617,9.82
3955,5.88032,2340,8.78
3956,5.87706,2322,8.71
3957,5.88213,2403,9.02
3958,5.88381,2556,9.59
3959,5.87914,2614,9.81
3960,5.88223,2616,9.81
3961,5.88126,2698,10.12
3962,5.88441,2733,10.25
3963,5.87990,2707,10.16
3964,5.87703,2754,10.33
3965,5.88739,2679,10.05
3966,5.88236,2730,10.24
3967,5.89054,2507,9.41
3968,5.86466,2705,10.15
3969,5.88297,2698,10.12
3970,5.88673,2640,9.91
3971,5.87944,2587,9.71
3972,5.88007,2741,10.28
3973,5.87603,2430,9.12
3974,5.86952,2697,10.12
3975,5.87559,2566,9.63
3976,5.88443,2606,9.78
3977,5.87502,2653,9.96
3978,5.87941,2610,9.79
3979,5.87393,2652,9.95
3980,5.88329,2700,10.13
3981,5.88647,2241,8.41
3982,5.87571,2645,9.92
3983,5.88175,2643,9.92
3984,5.89670,2665,10.00
3985,5.87985,2616,9.82
3986,5.88223,2573,9.65
3987,5.88632,2419,9.08
3988,5.88647,2729,10.24
3989,5.87986,2765,10.37
3990,5.88257,2560,9.61
3991,5.87693,2616,9.81
3992,5.87528,2753,10.33
3993,5.89007,2738,10.27
3994,5.88240,2731,10.25
3995,5.88159,2763,10.37
3996,5.86412,2721,10.21
3997,5.87227,2751,10.32
3998,5.87863,2683,10.07
3999,5.87700,2642,9.91
4000,5.88179,2407,9.03
4001,5.89352,112,0.42
4002,5.88152,2610,9.79
4003,5.87231,2346,8.80
4004,5.87163,2574,9.66
4005,5.88360,2642,9.91
4006,5.88843,2601,9.76
4007,5.88066,2385,8.95
4008,5.88033,2638,9.90
4009,5.88016,2596,9.74
4010,5.87870,2755,10.34
4011,5.86792,2727,10.23
4012,5.88140,2491,9.35
4013,5.87521,2668,10.01
4014,5.88340,2704,10.15
4015,5.86927,2761,10.36
4016,5.88584,2705,10.15
4017,5.87668,2671,10.02
4018,5.88066,2394,8.98
4019,5.87857,2745,10.30
4020,5.88694,2777,10.42
4021,5.87776,2633,9.88
4022,5.88163,2629,9.87
4023,5.86809,2532,9.50
4024,5.88475,2378,8.92
4025,5.87521,2258,8.47
4026,5.88654,2437,9.14
4027,5.87593,2707,10.16
4028,5.88001,2697,10.12
4029,5.87784,2372,8.90
4030,5.88072,2635,9.89
4031,5.88410,2734,10.26
4032,5.89066,2735,10.26
4033,5.87482,2166,8.13
4034,5.88601,2616,9.82
4035,5.86981,2714,10.18
4036,5.86879,2534,9.51
4037,5.87886,2666,10.00
4038,5.88375,2745,10.30
4039,5.87242,2664,9.99
4040,5.88653,2688,10.09
4041,5.87312,2652,9.95
4042,5.88273,2750,10.32
4043,5.88150,2706,10.15
4044,5.88310,2658,9.97
4045,5.87916,2786,10.45
4046,5.87210,2680,10.06
4047,5.88169,2700,10.13
4048,5.88301,2785,10.45
4049,5.87274,2657,9.97
4050,5.87754,2582,9.69
4051,5.87731,2638,9.90
4052,5.87425,2518,9.45
4053,5.87291,2303,8.64
4054,5.88099,2391,8.97
4055,5.87333,2231,8.37
4056,5.87650,2585,9.70
4057,5.87019,2635,9.88
4058,5.88165,2571,9.65
4059,5.88322,2737,10.27
4060,5.88520,2702,10.14
4061,5.87627,2729,10.24
4062,5.89033,2696,10.12
4063,5.86873,2708,10.16
4064,5.87614,2639,9.90
4065,5.87638,2616,9.82
4066,5.87857,2645,9.92
4067,5.87132,2714,10.18
4068,5.88022,2747,10.31
4069,5.86976,2048,7.68
4070,5.88078,2705,10.15
4071,5.87646,2597,9.75
4072,5.87514,2684,10.07
4073,5.87696,2607,9.78
4074,5.87411,2662,9.99
4075,5.87516,2695,10.11
4076,5.86993,2263,8.49
4077,5.87220,2654,9.96
4078,5.87099,2603,9.77
4079,5.86809,2621,9.83
4080,5.86742,2638,9.90
4081,5.87585,2782,10.44
4082,5.87791,2388,8.96
4083,5.87104,2287,8.58
4084,5.86519,2459,9.23
4085,5.88739,2603,9.77
4086,5.87465,2400,9.01
4087,5.88427,2737,10.27
4088,5.88425,2730,10.24
4089,5.88294,2634,9.88
4090,5.88208,2652,9.95
4091,5.87579,2719,10.20
4092,5.87207,2615,9.81
4093,5.88062,2786,10.45
4094,5.88016,2559,9.60
4095,5.87639,2633,9.88
4096,5.87937,2768,10.39
4097,5.86758,2687,10.08
4098,5.86691,2636,9.89
4099,5.87449,2672,10.03
4100,5.87557,2573,9.65
4101,5.87997,127,0.48
4102,5.86992,2570,9.64
4103,5.88197,2641,9.91
4104,5.87340,2633,9.88
4105,5.88516,2598,9.75
4106,5.87806,2608,9.79
4107,5.87965,2665,10.00
4108,5.87279,2652,9.95
4109,5.87279,2553,9.58
4110,5.87481,2684,10.07
4111,5.87158,2670,10.02
4112,5.87742,2614,9.81
4113,5.87531,2697,10.12
4114,5.88130,2700,10.13
4115,5.87247,2590,9.72
4116,5.87462,2634,9.88
4117,5.87609,2778,10.42
4118,5.87749,2752,10.32
4119,5.87116,2727,10.23
4120,5.87394,2460,9.23
4121,5.86201,2697,10.12
4122,5.87156,2657,9.97
4123,5.87352,2582,9.69
4124,5.88411,2478,9.30
4125,5.88001,2555,9.58
4126,5.86692,2250,8.44
4127,5.88044,2620,9.83
4128,5.88118,2654,9.96
4129,5.88389,2712,10.17
4130,5.87087,2684,10.07
4131,5.87736,2722,10.21
4132,5.87725,2726,10.23
4133,5.87799,2725,10.23
4134,5.87076,2682,10.06
4135,5.87252,2221,8.33
4136,5.87725,2641,9.91
4137,5.87518,2771,10.40
4138,5.87609,2703,10.14
4139,5.88016,2669,10.01
4140,5.87167,2614,9.81
4141,5.88063,2681,10.06
4142,5.87435,2721,10.21
4143,5.86593,2742,10.29
4144,5.86990,2256,8.46
4145,5.88174,2246,8.43
4146,5.87403,2717,10.19
4147,5.87763,2622,9.84
4148,5.88001,2748,10.31
4149,5.86462,2728,10.24
4150,5.87135,2513,9.43
4151,5.87611,2674,10.03
4152,5.87825,2209,8.29
4153,5.87333,2354,8.83
4154,5.87480,2429,9.12
4155,5.87854,2483,9.32
4156,5.88112,2697,10.12
4157,5.87332,2224,8.34
4158,5.88058,2591,9.72
4159,5.86733,2500,9.38
4160,5.87843,2676,10.04
4161,5.87397,2690,10.09
4162,5.87698,2750,10.32
4163,5.86903,2722,10.21
4164,5.87164,2739,10.28
4165,5.87092,2685,10.07
4166,5.87170,2787,10.46
4167,5.87843,2629,9.86
4168,5.87276,2594,9.73
4169,5.87823,2708,10.16
4170,5.86732,2745,10.30
4171,5.86383,2593,9.73
4172,5.88206,2720,10.21
4173,5.87936,2705,10.15
4174,5.86706,2755,10.34
4175,5.87383,2807,10.53
4176,5.86719,2575,9.66
4177,5.86613,2799,10.50
4178,5.86783,2254,8.46
4179,5.87073,2604,9.77
4180,5.88284,2571,9.65
4181,5.86935,2679,10.05
4182,5.86648,2593,9.73
4183,5.87763,2378,8.92
4184,5.88207,2351,8.82
4185,5.87220,2347,8.81
4186,5.87170,2624,9.85
4187,5.87095,2619,9.83
4188,5.87262,2587,9.71
4189,5.86741,2407,9.03
4190,5.87031,1105,4.14
4191,5.87783,2718,10.20
4192,5.87225,2593,9.73
4193,5.87372,2669,10.01
4194,5.87809,2321,8.71
4195,5.87823,2486,9.33
4196,5.87100,2679,10.05
4197,5.87829,2695,10.11
4198,5.88259,2769,10.39
4199,5.86773,2588,9.71
4200,5.87772,2309,8.66
4201,5.87207,128,0.48
4202,5.86644,2490,9.34
4203,5.87254,2611,9.80
4204,5.87539,2670,10.02
4205,5.86031,2719,10.20
4206,5.87290,2255,8.46
4207,5.87886,2681,10.06
4208,5.87717,2630,9.87
4209,5.87467,2708,10.16
4210,5.87419,2616,9.82
4211,5.87767,2604,9.77
4212,5.87373,2736,10.26
4213,5.86545,2378,8.92
4214,5.86222,2335,8.76
4215,5.87082,2635,9.89
4216,5.87031,2185,8.20
4217,5.86546,2153,8.08
4218,5.87624,2703,10.14
4219,5.86487,2693,10.11
4220,5.87101,2581,9.68
4221,5.86971,2563,9.62
4222,5.87356,2498,9.37
4223,5.86340,2109,7.91
4224,5.86713,2647,9.93
4225,5.87283,2589,9.72
4226,5.86932,2695,10.11
4227,5.86450,2683,10.06
4228,5.87387,2578,9.67
4229,5.88293,2655,9.96
4230,5.86652,2721,10.21
4231,5.90622,2775,10.41
4232,5.85707,2699,10.13
4233,5.90428,2606,9.78
4234,5.86546,2387,8.96
4235,5.89541,2576,9.67
4236,5.86322,2673,10.03
4237,5.88668,2757,10.35
4238,5.86176,2628,9.86
4239,5.89564,2689,10.09
4240,5.87921,2752,10.33
4241,5.87831,2675,10.04
4242,5.86656,2674,10.03
4243,5.88007,2733,10.25
4244,5.87051,2704,10.15
4245,5.87280,2712,10.17
4246,5.87158,2724,10.22
4247,5.86972,2523,9.47
4248,5.87677,2508,9.41
4249,5.87320,2681,10.06
4250,5.92912,2481,9.31
4251,5.85906,2447,9.18
4252,5.90568,2300,8.63
4253,5.87410,2579,9.68
4254,5.87577,2527,9.48
4255,5.87231,2406,9.03
4256,5.86870,2420,9.08
4257,5.87936,2631,9.87
4258,5.86201,2727,10.23
4259,5.87624,2704,10.15
4260,5.87553,2736,10.26
4261,5.88129,2440,9.16
4262,5.87222,456,1.71
4263,5.87609,981,3.68
4264,5.88088,247,0.93
4265,5.87773,792,2.97
4266,5.86706,600,2.25
4267,5.87272,1386,5.20
4268,5.87122,1178,4.42
4269,5.86717,2346,8.80
4270,5.87836,505,1.90
4271,5.86850,593,2.23
4272,5.87005,1870,7.02
4273,5.94964,2055,7.71
4274,5.86445,2127,7.98
4275,5.90717,2281,8.56
4276,5.88548,2227,8.35
4277,5.87368,1634,6.13
4278,5.88386,2077,7.79
4279,5.87626,2130,7.99
4280,5.87747,2234,8.38
4281,5.86902,2207,8.28
4282,5.89293,1920,7.20
4283,5.86581,1969,7.39
4284,5.88075,1425,5.35
4285,5.88210,1638,6.14
4286,5.88040,2209,8.29
4287,5.87237,2161,8.11
4288,5.87705,2335,8.76
4289,5.87049,2305,8.65
4290,5.86285,2378,8.92
4291,5.87311,2418,9.07
4292,5.87781,2058,7.72
4293,5.86890,2213,8.30
4294,5.86166,2491,9.35
4295,5.86513,2347,8.81
4296,5.87524,2448,9.18
4297,5.86660,2599,9.75
4298,5.87122,2123,7.96
4299,5.94459,2096,7.86
4300,5.87015,1933,7.25
4301,5.89768,126,0.47
4302,5.88402,1993,7.48
4303,5.86964,2084,7.82
4304,5.88663,1907,7.15
4305,5.86467,1208,4.53
4306,5.89587,2188,8.21
4307,5.86168,2195,8.24
4308,5.89806,1569,5.89
4309,5.87026,1764,6.62
4310,5.86960,1690,6.34
4311,5.88470,1749,6.56
4312,5.87062,1787,6.70
4313,5.87718,2256,8.46
4314,5.87041,2345,8.80
4315,5.87639,1955,7.34
4316,5.87700,1921,7.21
4317,5.86474,1628,6.11
4318,5.87869,1830,6.87
4319,5.86984,1811,6.79
4320,5.88239,1972,7.40
4321,5.86440,2038,7.65
4322,5.88145,2107,7.91
4323,5.87339,2501,9.38
4324,5.88208,2563,9.62
4325,5.87714,2465,9.25
4326,5.88530,2444,9.17
4327,5.87302,2545,9.55
4328,5.88641,2496,9.36
4329,5.87288,2057,7.72
4330,5.88467,1853,6.95
4331,5.86368,1292,4.85
4332,5.87854,1520,5.70
4333,5.87050,1786,6.70
4334,5.88269,1871,7.02
4335,5.86483,1955,7.34
4336,5.86919,1918,7.20
4337,5.87203,2272,8.53
4338,5.87046,2205,8.27
4339,5.88413,2151,8.07
4340,5.87438,2639,9.90
4341,5.87239,2123,7.96
4342,5.87335,2646,9.93
4343,5.87768,2588,9.71
4344,5.88628,2655,9.96
4345,5.86559,2540,9.53
4346,5.87076,2320,8.70
4347,5.88501,2588,9.71
4348,5.87673,2489,9.34
4349,5.87172,2529,9.49
4350,5.88991,2631,9.87
4351,5.87157,2606,9.78
4352,5.92655,2740,10.28
4353,5.86607,2710,10.17
4354,5.88221,2762,10.36
4355,5.86117,2722,10.21
4356,5.87715,1809,6.79
4357,5.85999,2480,9.30
4358,5.87964,2359,8.85
4359,5.86527,2349,8.81
4360,5.87858,2508,9.41
4361,5.86161,2685,10.08
4362,5.87729,2677,10.04
4363,5.87063,2740,10.28
4364,5.86984,2793,10.48
4365,5.87311,2741,10.28
4366,5.87790,2676,10.04
4367,5.87250,2763,10.37
4368,5.87182,2708,10.16
4369,5.85925,2293,8.60
4370,5.86869,2739,10.28
4371,5.86699,2719,10.20
4372,5.85721,2701,10.13
4373,5.87579,2578,9.67
4374,5.87200,2738,10.27
4375,5.87231,2591,9.72
4376,5.86845,2242,8.41
4377,5.87634,2656,9.96
4378,5.86562,2764,10.37
4379,5.87630,2549,9.56
4380,5.86960,2551,9.57
4381,5.87197,2447,9.18
4382,5.87011,2673,10.03
4383,5.86817,2374,8.91
4384,5.87352,2757,10.34
4385,5.87205,358,1.34
4386,5.86924,2420,9.08
4387,5.86256,2582,9.69
4388,5.88075,2690,10.09
4389,5.86216,2664,10.00
4390,5.86736,2720,10.21
4391,5.86298,2618,9.82
4392,5.87842,2723,10.22
4393,5.87167,2666,10.00
4394,5.86794,2587,9.71
4395,5.87088,2736,10.27
4396,5.87262,2553,9.58
4397,5.86318,2665,10.00
4398,5.86626,2771,10.40
4399,5.86031,2642,9.91
4400,5.87192,2649,9.94
4401,5.87133,127,0.48
4402,5.86479,2708,10.16
4403,5.86608,2378,8.92
4404,5.86681,2725,10.22
4405,5.86293,2600,9.75
4406,5.86987,2669,10.01
4407,5.86752,2672,10.02
4408,5.86593,2621,9.83
4409,5.86467,2670,10.02
4410,5.87473,2656,9.96
4411,5.86330,2646,9.93
4412,5.87805,2644,9.92
4413,5.86374,2777,10.42
4414,5.86222,2762,10.36
4415,5.87076,2644,9.92
4416,5.86771,1429,5.36
4417,5.85752,2558,9.60
4418,5.85606,2709,10.16
4419,5.85970,2677,10.04
4420,5.86634,2591,9.72
4421,5.86954,2443,9.17
4422,5.86670,2244,8.42
4423,5.85521,2301,8.63
4424,5.86890,2650,9.94
4425,5.87657,2630,9.87
4426,5.86555,2197,8.24
4427,5.86276,2412,9.05
4428,5.86724,2690,10.09
4429,5.87027,2692,10.10
4430,5.86646,2511,9.42
4431,5.86475,2671,10.02
4432,5.86244,2670,10.02
4433,5.87428,2580,9.68
4434,5.86024,2723,10.22
4435,5.86769,2791,10.47
4436,5.87250,2639,9.90
4437,5.86131,2626,9.85
4438,5.86692,2537,9.52
4439,5.87323,2707,10.16
4440,5.85347,2579,9.68
4441,5.86764,2184,8.19
4442,5.87467,2683,10.07
4443,5.87009,2572,9.65
4444,5.92702,2636,9.89
4445,5.86264,2628,9.86
4446,5.90311,2727,10.23
4447,5.87690,2216,8.32
4448,5.87651,2648,9.93
4449,5.87914,2424,9.10
4450,5.86013,2220,8.33
4451,5.87952,2421,9.09
4452,5.85954,2663,9.99
4453,5.88485,2664,9.99
4454,5.86050,2612,9.80
4455,5.87745,2595,9.74
4456,5.86655,2651,9.95
4457,5.85638,2575,9.66
4458,5.87164,2409,9.04
4459,5.87008,2368,8.89
4460,5.87054,2320,8.71
4461,5.86709,2474,9.28
4462,5.87053,2768,10.39
4463,5.86960,2665,10.00
4464,5.85963,2676,10.04
4465,5.86683,2655,9.96
4466,5.86301,2697,10.12
4467,5.85393,2524,9.47
4468,5.87957,2445,9.17
4469,5.87282,2682,10.06
4470,5.86382,2507,9.41
4471,5.87245,2748,10.31
4472,5.85915,2447,9.18
4473,5.86051,2692,10.10
4474,5.86355,2658,9.97
4475,5.87122,2595,9.74
4476,5.86885,2761,10.36
4477,5.86855,2654,9.96
4478,5.86342,2540,9.53
4479,5.86567,2235,8.39
4480,5.86169,2119,7.95
4481,5.87191,2629,9.86
4482,5.87667,2501,9.38
4483,5.89077,2631,9.87
4484,5.86366,2546,9.55
4485,5.89529,2703,10.14
4486,5.87187,2714,10.18
4487,5.89342,2635,9.89
4488,5.89323,2633,9.88
4489,5.86737,2510,9.42
4490,5.88174,2475,9.29
4491,5.85387,2656,9.96
4492,5.86671,2771,10.40
4493,5.86577,2759,10.35
4494,5.86891,2241,8.41
4495,5.89157,2710,10.17
4496,5.86185,2346,8.80
4497,5.88516,2590,9.72
4498,5.87041,2711,10.17
4499,5.85901,2287,8.58
4500,5.88508,2648,9.94
4501,5.86410,128,0.48
4502,5.87436,2673,10.03
4503,5.87155,2615,9.81
4504,5.86214,2633,9.88
4505,5.87518,2162,8.11
4506,5.87320,2596,9.74
4507,5.87327,2653,9.95
4508,5.85702,2652,9.95
4509,5.86859,2616,9.81
4510,5.87251,2403,9.02
4511,5.86826,2717,10.20
4512,5.86964,2649,9.94
4513,5.85836,2714,10.18
4514,5.85285,2633,9.88
4515,5.86967,2527,9.48
4516,5.87335,2647,9.93
4517,5.86035,2603,9.77
4518,5.86255,2639,9.90
4519,5.86115,2587,9.71
4520,5.87167,2606,9.78
4521,5.86437,2702,10.14
4522,5.86736,2674,10.03
4523,5.85956,2617,9.82
4524,5.88227,2680,10.06
4525,5.84850,2711,10.17
4526,5.91502,2630,9.87
4527,5.86740,2665,10.00
4528,5.87976,2581,9.68
4529,5.92636,2555,9.58
4530,5.87325,2424,9.10
4531,5.86788,2442,9.16
4532,5.88926,2596,9.74
4533,5.85822,2633,9.88
4534,5.87750,2629,9.86
4535,5.87566,2728,10.23
4536,5.85883,2620,9.83
4537,5.87905,2565,9.63
4538,5.86389,2649,9.94
4539,5.86411,2476,9.29
4540,5.87044,2724,10.22
4541,5.87111,2648,9.93
4542,5.87297,2719,10.20
4543,5.87674,2622,9.84
4544,5.86902,2647,9.93
4545,5.87191,2590,9.72
4546,5.87199,2579,9.68
4547,5.86505,2502,9.39
4548,5.87712,2470,9.27
4549,5.85169,2810,10.54
4550,5.86853,2558,9.60
4551,5.86321,2199,8.25
4552,5.87400,2624,9.85
4553,5.86573,2667,10.01
4554,5.87486,2654,9.96
4555,5.86634,2601,9.76
4556,5.86636,2650,9.94
4557,5.86814,2582,9.69
4558,5.87286,2531,9.50
4559,5.85802,2633,9.88
4560,5.86288,2093,7.85
4561,5.87011,2342,8.79
4562,5.86152,2699,10.12
4563,5.86778,2577,9.67
4564,5.86391,2765,10.37
4565,5.87541,2737,10.27
4566,5.85520,2423,9.09
4567,5.85995,2711,10.17
4568,5.86744,2668,10.01
4569,5.87170,2766,10.38
4570,5.86816,2600,9.76
4571,5.87017,2680,10.06
4572,5.86464,2714,10.18
4573,5.86433,2640,9.90
4574,5.85765,2584,9.70
4575,5.86893,2719,10.20
4576,5.86057,2714,10.18
4577,5.86758,2771,10.40
4578,5.86867,2752,10.32
4579,5.86102,2639,9.90
4580,5.86592,2386,8.95
4581,5.86604,2669,10.01
4582,5.86463,2526,9.48
4583,5.86408,2671,10.02
4584,5.86711,2517,9.45
4585,5.86220,2778,10.42
4586,5.86225,2556,9.59
4587,5.85354,2591,9.72
4588,5.86952,2490,9.34
4589,5.85355,2649,9.94
4590,5.86782,2234,8.38
4591,5.86060,2631,9.87
4592,5.88686,2734,10.26
4593,5.85945,2480,9.31
4594,5.87437,2639,9.90
4595,5.85578,2585,9.70
4596,5.86797,2808,10.54
4597,5.85790,2812,10.55
4598,5.86419,2234,8.38
4599,5.85764,2768,10.39
4600,5.86785,2632,9.87
4601,5.85564,129,0.49
4602,5.87004,2443,9.17
4603,5.85850,2365,8.88
4604,5.86452,2685,10.07
4605,5.86325,2620,9.83
4606,5.86270,2209,8.29
4607,5.87021,2261,8.48
4608,5.86782,2649,9.94
4609,5.87458,2648,9.93
4610,5.86659,2686,10.08
4611,5.86332,2634,9.88
4612,5.86346,2751,10.32
4613,5.86151,2653,9.95
4614,5.86692,2718,10.20
4615,5.86314,2676,10.04
4616,5.86768,2586,9.70
4617,5.86275,2630,9.87
4618,5.86155,2645,9.92
4619,5.85724,2336,8.76
4620,5.86360,2695,10.11
4621,5.85559,2697,10.12
4622,5.85983,2675,10.04
4623,5.86743,2625,9.85
4624,5.86345,2592,9.73
4625,5.86205,2779,10.43
4626,5.85500,2707,10.16
4627,5.86044,2398,9.00
4628,5.86525,2277,8.54
4629,5.85965,2602,9.76
4630,5.85738,2253,8.45
4631,5.86044,2376,8.91
4632,5.86917,2689,10.09
4633,5.85864,2682,10.06
4634,5.87115,2671,10.02
4635,5.85609,2582,9.69
4636,5.86782,2697,10.12
4637,5.86117,2738,10.27
4638,5.86013,2644,9.92
4639,5.85339,2820,10.58
4640,5.86569,2505,9.40
4641,5.86343,2343,8.79
4642,5.86250,2698,10.12
4643,5.86665,2587,9.71
4644,5.86057,2703,10.14
4645,5.86432,2760,10.36
4646,5.86142,2719,10.20
4647,5.85912,2714,10.18
4648,5.85539,2688,10.09
4649,5.86230,2715,10.19
4650,5.86523,2694,10.11
4651,5.86440,2633,9.88
4652,5.85024,2723,10.22
4653,5.86203,2764,10.37
4654,5.87414,2762,10.36
4655,5.85723,2647,9.93
4656,5.87175,2170,8.14
4657,5.85929,2475,9.29
4658,5.86820,2592,9.72
4659,5.86309,2275,8.54
4660,5.85257,2337,8.77
4661,5.86691,2629,9.86
4662,5.85863,2607,9.78
4663,5.86210,2608,9.78
4664,5.87094,2596,9.74
4665,5.84980,2619,9.82
4666,5.86175,2695,10.11
4667,5.86906,2016,7.56
4668,5.86120,2840,10.66
4669,5.86297,2484,9.32
4670,5.85519,2479,9.30
4671,5.85506,2645,9.92
4672,5.86454,2789,10.47
4673,5.85367,2614,9.81
4674,5.85673,2659,9.98
4675,5.86683,2550,9.57
4676,5.86009,2708,10.16
4677,5.86162,2696,10.12
4678,5.85350,2233,8.38
4679,5.86599,2370,8.89
4680,5.86457,2649,9.94
4681,5.86094,2631,9.87
4682,5.84836,2688,10.09
4683,5.87044,2640,9.90
4684,5.87121,2538,9.52
4685,5.85774,2692,10.10
4686,5.86843,2455,9.21
4687,5.86167,2421,9.08
4688,5.86231,2385,8.95
4689,5.85559,2582,9.69
4690,5.86320,2631,9.87
4691,5.89065,2195,8.24
4692,5.84945,2485,9.32
4693,5.89746,2565,9.62
4694,5.85168,2582,9.69
4695,5.88385,2705,10.15
4696,5.85812,2646,9.93
4697,5.87478,2735,10.26
4698,5.85207,2756,10.34
4699,5.87867,2700,10.13
4700,5.85914,2665,10.00
4701,5.86997,127,0.48
4702,5.84769,2666,10.00
4703,5.88091,2674,10.03
4704,5.84625,2611,9.80
4705,5.86889,2176,8.16
4706,5.85577,2637,9.89
4707,5.86636,2583,9.69
4708,5.85626,2603,9.77
4709,5.86005,2142,8.04
4710,5.86019,1479,5.55
4711,5.86043,2722,10.21
4712,5.85936,2588,9.71
4713,5.85650,2683,10.07
4714,5.86534,2639,9.90
4715,5.86122,2715,10.19
4716,5.85277,2664,10.00
4717,5.86289,2577,9.67
4718,5.85520,2633,9.88
4719,5.85907,2699,10.13
4720,5.86053,2653,9.95
4721,5.86500,2512,9.43
4722,5.85999,2502,9.39
4723,5.85610,2114,7.93
4724,5.85828,2678,10.05
4725,5.85633,2613,9.80
4726,5.85358,2474,9.28
4727,5.85656,2535,9.51
4728,5.85273,2438,9.15
4729,5.85682,2620,9.83
4730,5.85149,2707,10.16
4731,5.85578,2707,10.16
4732,5.86364,2720,10.21
4733,5.85398,2338,8.77
4734,5.84622,2602,9.76
4735,5.85740,2575,9.66
4736,5.86552,2671,10.02
4737,5.86115,2673,10.03
4738,5.84578,2158,8.10
4739,5.85478,2654,9.96
4740,5.85774,2504,9.40
4741,5.84909,2681,10.06
4742,5.85256,2733,10.25
4743,5.86255,2443,9.17
4744,5.84693,2387,8.96
4745,5.85960,2654,9.96
4746,5.86869,2310,8.67
4747,5.85695,2462,9.24
4748,5.85899,2600,9.76
4749,5.85713,2501,9.38
4750,5.85737,2603,9.77
4751,5.86146,2630,9.87
4752,5.85247,2602,9.76
4753,5.85151,2201,8.26
4754,5.86527,2431,9.12
4755,5.85506,2499,9.38
4756,5.86079,2181,8.18
4757,5.86029,2243,8.41
4758,5.85058,2639,9.90
4759,5.85009,2714,10.18
4760,5.85225,2591,9.72
4761,5.84291,2670,10.02
4762,5.86145,2691,10.10
4763,5.86341,2581,9.68
4764,5.85767,2540,9.53
4765,5.86192,2523,9.47
4766,5.86132,2317,8.69
4767,5.86198,2349,8.81
4768,5.85023,2233,8.38
4769,5.84623,2440,9.15
4770,5.86838,2413,9.05
4771,5.85063,2462,9.24
4772,5.85151,2297,8.62
4773,5.85864,2478,9.30
4774,5.85790,2425,9.10
4775,5.85283,2468,9.26
4776,5.85270,2353,8.83
4777,5.85792,2225,8.35
4778,5.84450,2263,8.49
4779,5.86023,2327,8.73
4780,5.84233,1886,7.07
4781,5.86298,2356,8.84
4782,5.85522,2289,8.59
4783,5.86052,2166,8.13
4784,5.85152,1803,6.77
4785,5.85789,2261,8.48
4786,5.85866,2388,8.96
4787,5.86300,2250,8.44
4788,5.86358,2305,8.65
4789,5.85614,2280,8.56
4790,5.85066,2389,8.96
4791,5.86387,2251,8.44
4792,5.84700,2430,9.12
4793,5.87133,2479,9.30
4794,5.85045,2134,8.01
4795,5.85332,2264,8.50
4796,5.85895,2324,8.72
4797,5.85653,2233,8.38
4798,5.85510,2167,8.13
4799,5.85919,2262,8.49
4800,5.86863,2221,8.33
4801,5.85741,130,0.49
4802,5.86155,2582,9.69
4803,5.85832,2641,9.91
4804,5.85134,2596,9.74
4805,5.85606,2514,9.43
4806,5.86192,2239,8.40
4807,5.86244,2568,9.63
4808,5.86346,2618,9.82
4809,5.85441,2438,9.15
4810,5.85882,2607,9.78
4811,5.85896,2646,9.93
4812,5.86024,2629,9.87
4813,5.86018,2632,9.88
4814,5.86444,2641,9.91
4815,5.85334,2680,10.06
4816,5.85179,2714,10.18
4817,5.86167,2490,9.34
4818,5.86079,2619,9.83
4819,5.86010,2614,9.81
4820,5.87131,2352,8.83
4821,5.84897,2545,9.55
4822,5.88617,2218,8.32
4823,5.83673,2544,9.54
4824,5.88403,2653,9.96
4825,5.84709,2549,9.56
4826,5.88460,2596,9.74
4827,5.84159,2633,9.88
4828,5.86635,2687,10.08
4829,5.85000,2596,9.74
4830,5.85923,2644,9.92
4831,5.86333,2637,9.89
4832,5.86285,2688,10.08
4833,5.84383,2615,9.81
4834,5.84904,2614,9.81
4835,5.85674,2655,9.96
4836,5.86654,2665,10.00
4837,5.86490,2694,10.11
4838,5.86350,2666,10.00
4839,5.85155,2558,9.60
4840,5.86046,2195,8.23
4841,5.85220,2698,10.12
4842,5.84601,2764,10.37
4843,5.85652,2553,9.58
4844,5.86118,2738,10.27
4845,5.85593,2600,9.75
4846,5.85258,2430,9.12
4847,5.85443,2682,10.06
4848,5.85803,2634,9.88
4849,5.86274,2449,9.19
4850,5.86118,2446,9.18
4851,5.86289,2315,8.69
4852,5.85786,2620,9.83
4853,5.85534,2771,10.40
4854,5.84889,2679,10.05
4855,5.85070,2630,9.87
4856,5.84607,2732,10.25
4857,5.86017,2678,10.05
4858,5.85569,2735,10.26
4859,5.86576,2727,10.23
4860,5.85546,2600,9.75
4861,5.85776,2616,9.81
4862,5.85269,2583,9.69
4863,5.86514,2684,10.07
4864,5.85159,2726,10.23
4865,5.85543,2662,9.99
4866,5.85225,2688,10.08
4867,5.85978,2623,9.84
4868,5.84941,2769,10.39
4869,5.86113,2678,10.05
4870,5.85893,2676,10.04
4871,5.85182,2661,9.98
4872,5.85107,2728,10.23
4873,5.85600,2632,9.88
4874,5.86060,2607,9.78
4875,5.84989,2380,8.93
4876,5.85851,1797,6.74
4877,5.86356,2697,10.12
4878,5.84987,1587,5.96
4879,5.85131,2494,9.36
4880,5.85299,2299,8.63
4881,5.85330,2546,9.55
4882,5.85826,2583,9.69
4883,5.85906,2730,10.24
4884,5.84870,2660,9.98
4885,5.84702,2665,10.00
4886,5.85792,2553,9.58
4887,5.86029,2468,9.26
4888,5.84948,2702,10.14
4889,5.86321,2695,10.11
4890,5.85887,2631,9.87
4891,5.84797,2717,10.19
4892,5.84970,2263,8.49
4893,5.85114,2661,9.98
4894,5.85765,2745,10.30
4895,5.86116,2683,10.07
4896,5.85608,2679,10.05
4897,5.85457,2196,8.24
4898,5.84462,2757,10.34
4899,5.85316,2604,9.77
4900,5.84259,2709,10.17
4901,5.84877,128,0.48
4902,5.85666,2595,9.74
4903,5.85561,2236,8.39
4904,5.85817,2547,9.55
4905,5.85657,2629,9.86
4906,5.85093,2585,9.70
4907,5.85088,2705,10.15
4908,5.85134,2501,9.39
4909,5.85849,2681,10.06
4910,5.85695,2238,8.40
4911,5.85668,2492,9.35
4912,5.84690,2522,9.46
4913,5.85427,2476,9.29
4914,5.86036,2528,9.48
4915,5.85355,2649,9.94
4916,5.85969,2445,9.17
4917,5.86078,2439,9.15
4918,5.85868,2442,9.16
4919,5.85959,2536,9.51
4920,5.85379,2312,8.67
4921,5.85171,2230,8.37
4922,5.85741,2749,10.31
4923,5.85486,2174,8.16
4924,5.85682,2699,10.13
4925,5.85034,2635,9.89
4926,5.85570,2447,9.18
4927,5.85248,2436,9.14
4928,5.85163,2579,9.68
4929,5.86026,2575,9.66
4930,5.85550,2053,7.70
4931,5.84190,2593,9.73
4932,5.85050,2283,8.57
4933,5.86243,2726,10.23
4934,5.85938,2635,9.89
4935,5.86455,2646,9.93
4936,5.85272,2803,10.52
4937,5.85882,2631,9.87
4938,5.85058,2747,10.31
4939,5.85792,2632,9.88
4940,5.84666,2530,9.49
4941,5.84844,2700,10.13
4942,5.85375,2630,9.87
4943,5.83962,2713,10.18
4944,5.86041,2678,10.05
4945,5.85708,2672,10.03
4946,5.85557,2641,9.91
4947,5.84939,2515,9.44
4948,5.84885,2411,9.05
4949,5.85502,2528,9.49
4950,5.85633,2565,9.63
4951,5.84897,2775,10.41
4952,5.86030,2588,9.71
4953,5.84805,2582,9.69
4954,5.84452,2697,10.12
4955,5.86364,2309,8.66
4956,5.85164,2710,10.17
4957,5.85334,2724,10.22
4958,5.84930,2662,9.99
4959,5.84670,2823,10.59
4960,5.84741,2190,8.22
4961,5.85480,2409,9.04
4962,5.86186,2673,10.03
4963,5.84990,926,3.47
4964,5.85232,1066,4.00
4965,5.85110,2536,9.52
4966,5.85314,2732,10.25
4967,5.84898,2762,10.36
4968,5.85058,926,3.47
4969,5.85173,2410,9.04
4970,5.84541,1535,5.76
4971,5.85809,2364,8.87
4972,5.85095,2536,9.51
4973,5.85112,2552,9.57
4974,5.85380,2368,8.88
4975,5.84989,2540,9.53
4976,5.84809,2588,9.71
4977,5.85409,2669,10.01
4978,5.84668,2567,9.63
4979,5.85010,2728,10.23
4980,5.85184,2666,10.00
4981,5.84708,2487,9.33
4982,5.85386,2160,8.11
4983,5.85693,2689,10.09
4984,5.85296,2637,9.89
4985,5.85549,2478,9.30
4986,5.84932,2653,9.95
4987,5.85014,2731,10.25
4988,5.85286,2427,9.11
4989,5.85500,2645,9.92
4990,5.85153,2733,10.25
4991,5.84840,2708,10.16
4992,5.84712,2774,10.41
4993,5.85316,2615,9.81
4994,5.86349,2685,10.07
4995,5.84783,2717,10.19
4996,5.85299,2625,9.85
4997,5.85820,2545,9.55
4998,5.85394,2766,10.38
4999,5.84403,2763,10.37
5000,5.86084,2458,9.22
5001,5.84650,129,0.48
5002,5.85005,2583,9.69
5003,5.85855,2489,9.34
5004,5.85253,2632,9.87
5005,5.85060,2643,9.92
5006,5.85106,2569,9.64
5007,5.85817,2569,9.64
5008,5.85133,2634,9.88
5009,5.85510,2762,10.36
5010,5.84154,2604,9.77
5011,5.85526,2151,8.07
5012,5.85088,2354,8.83
5013,5.84241,2568,9.63
5014,5.85507,2387,8.95
5015,5.85225,2647,9.93
5016,5.85287,2576,9.66
5017,5.85780,2459,9.23
5018,5.85140,2334,8.76
5019,5.85194,2199,8.25
5020,5.86567,2156,8.09
5021,5.84522,1978,7.42
5022,5.85097,1066,4.00
5023,5.85446,1002,3.76
5024,5.85174,175,0.66
5025,5.84910,234,0.88
5026,5.84307,291,1.09
5027,5.85585,605,2.27
5028,5.84752,1453,5.45
5029,5.85774,2244,8.42
5030,5.85096,459,1.72
5031,5.85214,1206,4.52
5032,5.85025,962,3.61
5033,5.85631,987,3.70
5034,5.84990,984,3.69
5035,5.84809,719,2.70
5036,5.84993,1192,4.47
5037,5.84737,612,2.30
5038,5.84231,415,1.56
5039,5.85404,677,2.54
5040,5.85557,553,2.07
5041,5.83777,576,2.16
5042,5.84287,438,1.64
5043,5.85234,480,1.80
5044,5.85088,429,1.61
5045,5.84645,113,0.42
5046,5.90242,97,0.36
5047,5.84493,49,0.18
5048,5.88197,44,0.16
5049,5.84691,27,0.10
5050,5.85757,286,1.07
5051,5.84697,503,1.89
5052,5.85448,1402,5.26
5053,5.84480,1488,5.58
5054,5.86231,1842,6.91
5055,5.85320,1799,6.75
5056,5.87899,1698,6.37
5057,5.85073,1631,6.12
5058,5.85942,1153,4.33
5059,5.86706,995,3.73
5060,5.85454,1227,4.60
5061,5.86333,1193,4.47
5062,5.85185,1223,4.59
5063,5.87381,1465,5.50
5064,5.85227,1184,4.44
5065,5.85092,1005,3.77
5066,5.86128,641,2.40
5067,5.84049,896,3.36
5068,5.86150,870,3.26
5069,5.84606,1050,3.94
5070,5.85952,1306,4.90
5071,5.85126,1601,6.01
5072,5.85017,1212,4.55
5073,5.85382,1159,4.35
5074,5.84991,916,3.44
5075,5.85595,629,2.36
5076,5.85950,502,1.88
5077,5.85436,804,3.02
5078,5.85111,1061,3.98
5079,5.84887,1020,3.83
5080,5.84761,1462,5.49
5081,5.84977,792,2.97
5082,5.84512,715,2.68
5083,5.85338,1166,4.37
5084,5.84395,1279,4.80
5085,5.85520,1051,3.94
5086,5.85754,724,2.72
5087,5.85138,572,2.15
5088,5.84692,809,3.04
5089,5.85420,597,2.24
5090,5.84814,558,2.09
5091,5.85031,863,3.24
5092,5.84794,606,2.27
5093,5.84168,667,2.50
5094,5.84931,891,3.34
5095,5.85451,686,2.57
5096,5.85322,922,3.46
5097,5.84581,832,3.12
5098,5.84756,814,3.06
5099,5.85154,1094,4.10
5100,5.85130,709,2.66
5101,5.84860,112,0.42
5102,5.84159,1337,5.02
5103,5.85934,1480,5.55
5104,5.85656,1174,4.40
5105,5.85104,792,2.97
5106,5.83973,559,2.10
5107,5.84618,962,3.61
5108,5.85374,925,3.47
5109,5.84810,1320,4.95
5110,5.84317,1717,6.44
5111,5.85048,1311,4.92
5112,5.84838,1012,3.80
5113,5.84963,678,2.54
5114,5.84787,696,2.61
5115,5.85938,1037,3.89
5116,5.84903,1209,4.54
5117,5.84439,1438,5.39
5118,5.85739,1264,4.74
5119,5.84539,1140,4.28
5120,5.85422,767,2.88
5121,5.85247,863,3.24
5122,5.84315,746,2.80
5123,5.85689,1270,4.77
5124,5.85033,1280,4.80
5125,5.85057,1028,3.86
5126,5.83703,1101,4.13
5127,5.84402,956,3.59
5128,5.85144,1092,4.10
5129,5.84811,935,3.51
5130,5.85801,538,2.02
5131,5.85149,1027,3.85
5132,5.85368,973,3.65
5133,5.85262,1248,4.68
5134,5.85162,1237,4.64
5135,5.84176,1000,3.75
5136,5.84695,888,3.33
5137,5.85501,702,2.63
5138,5.84570,818,3.07
5139,5.84874,1175,4.41
5140,5.85892,1148,4.31
5141,5.84133,869,3.26
5142,5.84424,1132,4.25
5143,5.84344,1016,3.81
5144,5.85540,649,2.44
5145,5.85229,698,2.62
5146,5.84752,1067,4.00
5147,5.85476,961,3.61
5148,5.85254,789,2.96
5149,5.84569,840,3.15
5150,5.85322,757,2.84
5151,5.84718,899,3.37
5152,5.85113,865,3.25
5153,5.84690,1157,4.34
5154,5.83577,1256,4.71
5155,5.84151,913,3.42
5156,5.83989,992,3.72
5157,5.83291,807,3.03
5158,5.85240,692,2.60
5159,5.84906,871,3.27
5160,5.90600,800,3.00
5161,5.83991,871,3.27
5162,5.87707,1066,4.00
5163,5.84249,1005,3.77
5164,5.86123,1089,4.09
5165,5.86397,957,3.59
5166,5.84118,811,3.04
5167,5.86864,1088,4.08
5168,5.84490,1042,3.91
5169,5.85919,1085,4.07
5170,5.84981,1164,4.37
5171,5.84475,959,3.60
5172,5.84589,790,2.96
5173,5.84485,687,2.58
5174,5.85399,875,3.28
5175,5.84840,817,3.06
5176,5.85015,1240,4.65
5177,5.85241,1087,4.08
5178,5.85373,1061,3.98
5179,5.84845,1027,3.85
5180,5.85302,948,3.56
5181,5.84367,911,3.42
5182,5.84772,1024,3.84
5183,5.85203,1179,4.42
5184,5.84255,1105,4.15
5185,5.84207,1060,3.98
5186,5.84701,926,3.48
5187,5.83092,757,2.84
5188,5.84182,919,3.45
5189,5.84630,1014,3.80
5190,5.85328,950,3.56
5191,5.83775,1050,3.94
5192,5.85208,1213,4.55
5193,5.84405,1124,4.22
5194,5.84593,1208,4.53
5195,5.84913,1331,5.00
5196,5.84048,1133,4.25
5197,5.86218,1008,3.78
5198,5.85685,805,3.02
5199,5.85485,712,2.67
5200,5.84058,977,3.67
5201,5.85333,117,0.44
5202,5.85081,1074,4.03
5203,5.85986,1220,4.58
5204,5.83929,1227,4.60
5205,5.84238,991,3.72
5206,5.83700,1252,4.70
5207,5.83769,1412,5.30
5208,5.84726,1072,4.02
5209,5.84953,1130,4.24
5210,5.85715,1085,4.07
5211,5.84718,1183,4.44
5212,5.85114,1177,4.42
5213,5.85794,1076,4.04
5214,5.84703,1066,4.00
5215,5.84002,908,3.41
5216,5.83947,1033,3.88
5217,5.85726,1025,3.84
5218,5.84468,1176,4.41
5219,5.84998,1230,4.61
5220,5.84338,1293,4.85
5221,5.85140,863,3.24
5222,5.83911,1177,4.41
5223,5.83486,1253,4.70
5224,5.83592,1561,5.86
5225,5.84446,1295,4.86
5226,5.85179,838,3.14
5227,5.85230,823,3.09
5228,5.84402,1313,4.92
5229,5.84649,1053,3.95
5230,5.83923,951,3.57
5231,5.84031,1029,3.86
5232,5.84545,1380,5.18
5233,5.84619,1215,4.56
5234,5.85446,1136,4.26
5235,5.85338,1455,5.46
5236,5.83606,1514,5.68
5237,5.84806,1239,4.65
5238,5.84642,970,3.64
5239,5.84600,1203,4.51
5240,5.84634,1134,4.25
5241,5.82820,1136,4.26
5242,5.84073,1345,5.05
5243,5.83777,1610,6.04
5244,5.84878,1576,5.91
5245,5.84466,1521,5.71
5246,5.85545,1299,4.87
5247,5.85646,1322,4.96
5248,5.84909,1333,5.00
5249,5.84099,1068,4.01
5250,5.84064,992,3.72
5251,5.84760,1165,4.37
5252,5.84702,1264,4.74
5253,5.83401,1332,5.00
5254,5.84262,1217,4.56
5255,5.84706,1042,3.91
5256,5.84563,1435,5.38
5257,5.84785,1328,4.98
5258,5.84472,1186,4.45
5259,5.84308,1086,4.07
5260,5.85158,1163,4.36
5261,5.84039,1233,4.63
5262,5.84113,1207,4.53
5263,5.84762,1832,6.87
5264,5.84590,1943,7.29
5265,5.83817,1675,6.28
5266,5.84711,1878,7.05
5267,5.85024,1854,6.96
5268,5.84784,1339,5.03
5269,5.84076,1020,3.83
5270,5.85243,955,3.58
5271,5.85075,1139,4.27
5272,5.85120,1156,4.34
5273,5.84269,1750,6.57
5274,5.83253,1378,5.17
5275,5.84232,1375,5.16
5276,5.84713,1238,4.65
5277,5.84928,1267,4.75
5278,5.84447,1759,6.60
5279,5.86416,1356,5.09
5280,5.83170,1295,4.86
5281,5.90333,1060,3.98
5282,5.84500,841,3.15
5283,5.87278,1677,6.29
5284,5.85019,1673,6.28
5285,5.86334,1442,5.41
5286,5.84318,1281,4.81
5287,5.85946,1334,5.00
5288,5.84032,1510,5.67
5289,5.85581,1336,5.01
5290,5.83953,1487,5.58
5291,5.85867,1581,5.93
5292,5.84057,1557,5.84
5293,5.88649,1560,5.85
5294,5.84494,1660,6.23
5295,5.85567,2058,7.72
5296,5.85459,1726,6.48
5297,5.84250,1340,5.03
5298,5.85512,1219,4.57
5299,5.84991,1259,4.72
5300,5.84608,956,3.59
5301,5.85023,121,0.45
5302,5.84668,1339,5.02
5303,5.85702,1604,6.02
5304,5.84943,1818,6.82
5305,5.83903,1945,7.30
5306,5.83380,1852,6.95
5307,5.84419,1276,4.79
5308,5.83769,1393,5.22
5309,5.85175,1480,5.55
5310,5.84945,1478,5.55
5311,5.83726,1175,4.41
5312,5.85445,1179,4.42
5313,5.84265,1560,5.85
5314,5.85861,1358,5.09
5315,5.84480,1609,6.04
5316,5.86103,1687,6.33
5317,5.84314,1687,6.33
5318,5.84501,1482,5.56
5319,5.84501,1280,4.80
5320,5.84857,1818,6.82
5321,5.84758,1757,6.59
5322,5.84348,1939,7.28
5323,5.85213,1955,7.33
5324,5.83498,1581,5.93
5325,5.83992,1293,4.85
5326,5.84823,1231,4.62
5327,5.83899,1633,6.13
5328,5.84860,1702,6.39
5329,5.83951,1416,5.31
5330,5.83760,1264,4.74
5331,5.84087,955,3.58
5332,5.84346,1664,6.24
5333,5.84744,1644,6.17
5334,5.83662,1693,6.35
5335,5.84587,1434,5.38
5336,5.84987,1358,5.09
5337,5.85104,1507,5.65
5338,5.84314,1628,6.11
5339,5.85026,1687,6.33
5340,5.83844,2413,9.05
5341,5.85371,2339,8.78
5342,5.85200,2700,10.13
5343,5.83590,2133,8.00
5344,5.84407,2605,9.77
5345,5.84148,2039,7.65
5346,5.84095,2132,8.00
5347,5.84645,1879,7.05
5348,5.83896,1596,5.99
5349,5.84804,1460,5.48
5350,5.84066,1690,6.34
5351,5.85060,1583,5.94
5352,5.84449,1532,5.75
5353,5.85169,1289,4.84
5354,5.84482,1880,7.05
5355,5.84743,2320,8.70
5356,5.84250,1897,7.12
5357,5.89886,2546,9.55
5358,5.84373,1905,7.15
5359,5.87868,1294,4.85
5360,5.84613,1885,7.07
5361,5.85295,2374,8.91
5362,5.84276,2292,8.60
5363,5.84672,1932,7.25
5364,5.84280,2151,8.07
5365,5.84834,1915,7.18
5366,5.84127,2480,9.30
5367,5.84389,1407,5.28
5368,5.83881,1457,5.47
5369,5.84499,1663,6.24
5370,5.84307,1817,6.82
5371,5.84649,1897,7.12
5372,5.83836,1570,5.89
5373,5.84330,1423,5.34
5374,5.85220,2546,9.55
5375,5.83799,2633,9.88
5376,5.84485,1830,6.87
5377,5.85387,2365,8.87
5378,5.84702,2635,9.89
5379,5.83702,2166,8.13
5380,5.85794,1615,6.06
5381,5.84070,2014,7.56
5382,5.84531,1361,5.11
5383,5.84480,1680,6.30
5384,5.83814,1996,7.49
5385,5.85408,2499,9.37
5386,5.84962,2687,10.08
5387,5.84295,2331,8.74
5388,5.85094,2369,8.89
5389,5.84020,1839,6.90
5390,5.84568,1681,6.31
5391,5.83732,1656,6.21
5392,5.84128,1647,6.18
5393,5.85012,2291,8.60
5394,5.84593,1660,6.23
5395,5.84090,1397,5.24
5396,5.84666,1806,6.78
5397,5.84800,2563,9.62
5398,5.84877,2477,9.30
5399,5.85117,2100,7.88
5400,5.84699,2124,7.97
5401,5.85095,21,0.08
5402,5.84083,562,2.11
5403,5.84363,1789,6.71
5404,5.84531,1262,4.73
5405,5.88569,1378,5.17
5406,5.82910,898,3.37
5407,5.87239,1126,4.22
5408,5.83872,453,1.70
5409,5.85451,1004,3.77
5410,5.84187,1416,5.31
5411,5.84851,1366,5.13
5412,5.83095,979,3.67
5413,5.85142,352,1.32
5414,5.84065,238,0.89
5415,5.85151,137,0.51
5416,5.83334,1250,4.69
5417,5.85673,1829,6.86
5418,5.84107,1853,6.95
5419,5.85477,1736,6.51
5420,5.84677,1889,7.09
5421,5.84335,1667,6.26
5422,5.84159,1928,7.23
5423,5.83459,2626,9.85
5424,5.84251,2521,9.46
5425,5.84048,1798,6.75
5426,5.84442,1544,5.79
5427,5.84648,1616,6.06
5428,5.84078,2534,9.51
5429,5.83781,2611,9.80
5430,5.84516,2650,9.94
5431,5.83536,2151,8.07
5432,5.84480,2593,9.73
5433,5.85177,2520,9.46
5434,5.84487,2580,9.68
5435,5.84011,2556,9.59
5436,5.84454,2486,9.33
5437,5.83824,2545,9.55
5438,5.84386,2426,9.10
5439,5.84174,2184,8.19
5440,5.84697,1918,7.20
5441,5.84682,1861,6.98
5442,5.84671,2024,7.59
5443,5.85038,2362,8.86
5444,5.83226,2699,10.13
5445,5.86666,2648,9.93
5446,5.83111,2667,10.01
5447,5.86879,2126,7.98
5448,5.83611,1688,6.34
5449,5.85218,1975,7.41
5450,5.84471,2140,8.03
5451,5.84682,2035,7.64
5452,5.83682,1982,7.44
5453,5.84741,2542,9.54
5454,5.84276,2566,9.63
5455,5.84293,2512,9.42
5456,5.84667,2637,9.89
5457,5.84444,2640,9.91
5458,5.83222,2342,8.79
5459,5.84683,1598,6.00
5460,5.84550,1505,5.65
5461,5.84731,1539,5.78
5462,5.84113,1676,6.29
5463,5.84988,1806,6.78
5464,5.83566,1878,7.05
5465,5.83945,2386,8.95
5466,5.83864,2354,8.83
5467,5.84391,1862,6.99
5468,5.83777,1953,7.33
5469,5.84658,2569,9.64
5470,5.84301,2531,9.50
5471,5.84398,2560,9.61
5472,5.83926,2524,9.47
5473,5.85093,2620,9.83
5474,5.84104,1916,7.19
5475,5.83835,2455,9.21
5476,5.84656,2691,10.10
5477,5.84892,1885,7.07
5478,5.83706,1967,7.38
5479,5.83708,2670,10.02
5480,5.83294,2654,9.96
5481,5.84334,2629,9.86
5482,5.83980,2540,9.53
5483,5.83563,1754,6.58
5484,5.83422,1638,6.15
5485,5.84824,2338,8.77
5486,5.84291,2251,8.44
5487,5.84256,1948,7.31
5488,5.84172,2110,7.92
5489,5.84103,1250,4.69
5490,5.83944,1620,6.08
5491,5.84377,2663,9.99
5492,5.84492,2632,9.87
5493,5.83113,2683,10.07
5494,5.84192,2694,10.11
5495,5.83463,2478,9.30
5496,5.83925,1837,6.89
5497,5.84651,1956,7.34
5498,5.84149,2653,9.95
5499,5.84771,2649,9.94
5500,5.83889,2723,10.22
5501,5.84199,125,0.47
5502,5.84005,1761,6.61
5503,5.83442,1471,5.52
5504,5.85193,1597,5.99
5505,5.83709,2681,10.06
5506,5.86780,2600,9.75
5507,5.83464,2624,9.84
5508,5.88702,2695,10.11
5509,5.83630,2662,9.99
5510,5.85254,2680,10.06
5511,5.83656,2222,8.34
5512,5.84430,2455,9.21
5513,5.84821,2572,9.65
5514,5.84336,2620,9.83
5515,5.84742,2685,10.07
5516,5.83715,2181,8.18
5517,5.84399,1813,6.80
5518,5.84462,2078,7.79
5519,5.83601,2241,8.41
5520,5.84627,2595,9.74
5521,5.84514,2628,9.86
5522,5.84760,2586,9.70
5523,5.83003,2416,9.06
5524,5.83724,2171,8.15
5525,5.83726,2058,7.72
5526,5.85147,2083,7.82
5527,5.84886,1613,6.05
5528,5.83797,1735,6.51
5529,5.83030,2368,8.88
5530,5.83347,2062,7.74
5531,5.84806,2622,9.84
5532,5.87118,2680,10.05
5533,5.83198,2440,9.16
5534,5.88649,2680,10.06
5535,5.83869,2599,9.75
5536,5.85234,2637,9.89
5537,5.83306,2754,10.33
5538,5.85181,2569,9.64
5539,5.83949,2716,10.19
5540,5.84917,2686,10.08
5541,5.84405,2727,10.23
5542,5.84067,2668,10.01
5543,5.84063,2754,10.33
5544,5.84033,2759,10.35
5545,5.83761,2234,8.38
5546,5.83769,2422,9.09
5547,5.82410,2492,9.35
5548,5.83851,2397,8.99
5549,5.84346,2041,7.66
5550,5.84225,2647,9.93
5551,5.84789,2707,10.15
5552,5.82540,2448,9.18
5553,5.83454,2284,8.57
5554,5.83613,2390,8.97
5555,5.85488,2646,9.93
5556,5.83839,2565,9.62
5557,5.84036,2213,8.30
5558,5.83992,2700,10.13
5559,5.84772,2545,9.55
5560,5.84032,2138,8.02
5561,5.84018,2309,8.66
5562,5.84402,2583,9.69
5563,5.84027,2547,9.55
5564,5.84088,2690,10.09
5565,5.83848,2669,10.01
5566,5.83263,2650,9.94
5567,5.83523,2611,9.80
5568,5.83397,2666,10.00
5569,5.83845,2359,8.85
5570,5.84181,2409,9.04
5571,5.83508,2075,7.79
5572,5.84326,2236,8.39
5573,5.84908,2322,8.71
5574,5.83881,2478,9.30
5575,5.84091,1807,6.78
5576,5.83804,2636,9.89
5577,5.83043,2536,9.51
5578,5.84573,2652,9.95
5579,5.83338,2508,9.41
5580,5.83166,2595,9.73
5581,5.83410,2232,8.38
5582,5.83298,2254,8.46
5583,5.83878,2105,7.90
5584,5.83131,2103,7.89
5585,5.83602,2654,9.96
5586,5.83677,2656,9.96
5587,5.83229,1805,6.77
5588,5.83395,2370,8.89
5589,5.83937,2351,8.82
5590,5.84260,2188,8.21
5591,5.83404,2078,7.80
5592,5.83393,2528,9.49
5593,5.84389,2351,8.82
5594,5.84095,2619,9.83
5595,5.83609,2559,9.60
5596,5.83453,2573,9.65
5597,5.84117,2443,9.17
5598,5.83732,2590,9.72
5599,5.84042,2625,9.85
5600,5.83179,2494,9.36
5601,5.84278,130,0.49
5602,5.83254,2223,8.34
5603,5.84203,2428,9.11
5604,5.84300,2249,8.44
5605,5.83407,2647,9.93
5606,5.84280,2545,9.55
5607,5.83844,2373,8.91
5608,5.83181,2678,10.05
5609,5.84247,2504,9.39
5610,5.83561,2566,9.63
5611,5.82359,2056,7.72
5612,5.83744,2284,8.57
5613,5.84264,2083,7.82
5614,5.85070,2515,9.44
5615,5.83680,2534,9.51
5616,5.83432,2445,9.17
5617,5.84163,2426,9.10
5618,5.84175,2475,9.29
5619,5.84253,2315,8.69
5620,5.83898,2547,9.56
5621,5.84102,2548,9.56
5622,5.84267,2593,9.73
5623,5.83428,2627,9.86
5624,5.84311,2668,10.01
5625,5.84057,2476,9.29
5626,5.83604,2721,10.21
5627,5.83621,2624,9.84
5628,5.83705,2650,9.94
5629,5.83532,2763,10.37
5630,5.83915,2313,8.68
5631,5.84797,2647,9.93
5632,5.84233,2646,9.93
5633,5.83611,2560,9.61
5634,5.84044,2680,10.05
5635,5.83842,1700,6.38
5636,5.84018,2709,10.16
5637,5.83910,2658,9.97
5638,5.83310,2563,9.62
5639,5.84292,2518,9.45
5640,5.83052,2696,10.12
5641,5.83578,748,2.81
5642,5.84654,1474,5.53
5643,5.82885,2396,8.99
5644,5.84561,2282,8.56
5645,5.83675,2687,10.08
5646,5.83889,2446,9.18
5647,5.83309,2150,8.07
5648,5.83664,2701,10.13
5649,5.83684,947,3.55
5650,5.83326,545,2.05
5651,5.83865,530,1.99
5652,5.83265,812,3.05
5653,5.84141,2390,8.97
5654,5.83912,2331,8.75
5655,5.84095,2456,9.22
5656,5.84564,2459,9.23
5657,5.83690,2276,8.54
5658,5.84630,2540,9.53
5659,5.84617,2322,8.71
5660,5.82795,2393,8.98
5661,5.83893,2444,9.17
5662,5.83623,2528,9.49
5663,5.83240,2529,9.49
5664,5.83139,2212,8.30
5665,5.83464,2266,8.50
5666,5.83676,1691,6.35
5667,5.83099,2668,10.01
5668,5.83862,2180,8.18
5669,5.83024,2733,10.26
5670,5.83970,2545,9.55
5671,5.84239,2363,8.87
5672,5.84084,2542,9.54
5673,5.91122,2548,9.56
5674,5.82943,2574,9.66
5675,5.86928,790,2.96
5676,5.83611,314,1.18
5677,5.83553,425,1.60
5678,5.86183,163,0.61
5679,5.83323,274,1.03
5680,5.86556,2438,9.15
5681,5.83486,2408,9.03
5682,5.85117,2328,8.73
5683,5.83513,1368,5.13
5684,5.83154,2553,9.58
5685,5.84945,2391,8.97
5686,5.83567,1659,6.22
5687,5.85315,325,1.22
5688,5.83357,349,1.31
5689,5.84049,1958,7.35
5690,5.84561,1958,7.35
5691,5.84043,2072,7.77
5692,5.83627,2243,8.42
5693,5.84165,630,2.36
5694,5.84209,1981,7.43
5695,5.83807,1069,4.01
5696,5.83739,2445,9.17
5697,5.85153,2220,8.33
5698,5.84239,2485,9.33
5699,5.83360,2398,9.00
5700,5.83797,2422,9.09
5701,5.83064,131,0.49
5702,5.84436,2325,8.72
5703,5.83145,2143,8.04
5704,5.83460,2306,8.65
5705,5.84026,2074,7.78
5706,5.84543,2421,9.08
5707,5.83117,2331,8.75
5708,5.83552,1991,7.47
5709,5.83903,2515,9.44
5710,5.83394,2314,8.68
5711,5.83467,2567,9.63
5712,5.84991,2312,8.67
5713,5.83045,2320,8.71
5714,5.87133,1988,7.46
5715,5.83263,1443,5.41
5716,5.85289,2421,9.08
5717,5.83852,2427,9.11
5718,5.85768,2379,8.93
5719,5.83958,2164,8.12
5720,5.85476,2207,8.28
5721,5.82381,2048,7.68
5722,5.85007,2170,8.14
5723,5.82862,2273,8.53
5724,5.84178,2516,9.44
5725,5.83616,2244,8.42
5726,5.84403,1974,7.41
5727,5.83787,1742,6.54
5728,5.84035,1636,6.14
5729,5.83671,1935,7.26
5730,5.84460,2029,7.61
5731,5.83719,2311,8.67
5732,5.84560,2070,7.76
5733,5.83048,1826,6.85
5734,5.84138,2001,7.51
5735,5.84564,2054,7.71
5736,5.84846,2294,8.61
5737,5.82924,2280,8.56
5738,5.82768,2194,8.23
5739,5.84185,2302,8.64
5740,5.83620,2403,9.02
5741,5.83665,1832,6.87
5742,5.83863,2088,7.83
5743,5.83916,2026,7.60
5744,5.83375,1906,7.15
5745,5.83259,1941,7.28
5746,5.84671,2387,8.95
5747,5.84805,829,3.11
5748,5.83191,543,2.04
5749,5.83599,409,1.53
5750,5.83336,444,1.67
5751,5.83064,485,1.82
5752,5.83483,1018,3.82
5753,5.84016,1826,6.85
5754,5.83336,1954,7.33
5755,5.82591,1879,7.05
5756,5.83542,1764,6.62
5757,5.83490,577,2.17
5758,5.83536,1967,7.38
5759,5.83028,1979,7.42
5760,5.83760,2240,8.40
5761,5.82553,2547,9.56
5762,5.83803,1873,7.03
5763,5.83483,1821,6.83
5764,5.81760,2425,9.10
5765,5.84307,2258,8.47
5766,5.83485,2218,8.32
5767,5.83694,1720,6.45
5768,5.83322,1847,6.93
5769,5.83978,2228,8.36
5770,5.83599,2469,9.26
5771,5.82363,2574,9.66
5772,5.83710,2201,8.26
5773,5.84866,2506,9.40
5774,5.82964,2380,8.93
5775,5.82968,2668,10.01
5776,5.83035,2659,9.98
5777,5.84498,2686,10.08
5778,5.83779,2407,9.03
5779,5.83078,2373,8.91
5780,5.83859,2202,8.26
5781,5.82974,2160,8.10
5782,5.83352,2089,7.84
5783,5.83995,2142,8.04
5784,5.83642,2608,9.79
5785,5.83951,2591,9.72
5786,5.84338,2617,9.82
5787,5.84030,2695,10.11
5788,5.83454,2760,10.35
5789,5.82821,2372,8.90
5790,5.82570,2412,9.05
5791,5.83376,2246,8.43
5792,5.82922,2309,8.66
5793,5.83390,2427,9.11
5794,5.83760,2309,8.67
5795,5.84190,2452,9.20
5796,5.83462,2557,9.59
5797,5.83108,2532,9.50
5798,5.83095,2570,9.64
5799,5.84805,2087,7.83
5800,5.82981,2692,10.10
5801,5.87630,130,0.49
5802,5.83729,2328,8.73
5803,5.84114,2391,8.97
5804,5.84187,2553,9.58
5805,5.83664,2192,8.22
5806,5.84243,2152,8.07
5807,5.83311,2085,7.82
5808,5.83607,1691,6.35
5809,5.83476,2139,8.03
5810,5.82966,2459,9.23
5811,5.83029,2332,8.75
5812,5.83623,2038,7.65
5813,5.83541,2344,8.79
5814,5.83259,1616,6.06
5815,5.83447,1740,6.53
5816,5.84186,1652,6.20
5817,5.84052,2111,7.92
5818,5.83627,1546,5.80
5819,5.83884,2411,9.05
5820,5.82850,2197,8.24
5821,5.82045,2229,8.36
5822,5.84003,1923,7.22
5823,5.83348,1587,5.96
5824,5.83317,2089,7.84
5825,5.83437,2253,8.45
5826,5.82159,2301,8.63
5827,5.83522,2403,9.02
5828,5.82955,1998,7.49
5829,5.84485,2099,7.87
5830,5.83011,2014,7.56
5831,5.82407,2074,7.78
5832,5.83238,2127,7.98
5833,5.84361,2035,7.64
5834,5.83817,2156,8.09
5835,5.83776,2262,8.49
5836,5.83380,2243,8.42
5837,5.83631,1565,5.87
5838,5.83883,1573,5.90
5839,5.84010,1876,7.04
5840,5.83569,1755,6.58
5841,5.83363,2531,9.50
5842,5.82664,1817,6.82
5843,5.83779,2575,9.66
5844,5.83791,2429,9.11
5845,5.83335,2433,9.13
5846,5.83400,2542,9.54
5847,5.82850,2006,7.53
5848,5.83914,2417,9.07
5849,5.83010,1167,4.38
5850,5.83772,453,1.70
5851,5.82709,386,1.45
5852,5.84445,805,3.02
5853,5.83615,1233,4.63
5854,5.84792,308,1.16
5855,5.84562,1939,7.27
5856,5.82795,1945,7.30
5857,5.84050,2087,7.83
5858,5.83523,2058,7.72
5859,5.82930,2283,8.57
5860,5.83273,2313,8.68
5861,5.83124,2364,8.87
5862,5.83930,2138,8.02
5863,5.83290,2481,9.31
5864,5.83972,2567,9.63
5865,5.83420,2496,9.36
5866,5.82603,2319,8.70
5867,5.82752,2233,8.38
5868,5.84060,2289,8.59
5869,5.83132,2154,8.08
5870,5.82999,2383,8.94
5871,5.83366,2199,8.25
5872,5.82676,2195,8.24
5873,5.83095,2601,9.76
5874,5.82968,2266,8.50
5875,5.83363,2352,8.82
5876,5.83401,1981,7.43
5877,5.83072,2463,9.24
5878,5.83903,2536,9.52
5879,5.83734,2653,9.95
5880,5.84199,2607,9.78
5881,5.83698,2350,8.82
5882,5.83524,2302,8.64
5883,5.81712,2325,8.72
5884,5.82970,2561,9.61
5885,5.82710,2284,8.57
5886,5.83823,2219,8.33
5887,5.83519,2606,9.78
5888,5.83403,2688,10.08
5889,5.83192,2685,10.07
5890,5.83492,2521,9.46
5891,5.82867,2496,9.37
5892,5.83886,2536,9.52
5893,5.83851,2227,8.36
5894,5.83346,663,2.49
5895,5.83456,1972,7.40
5896,5.83591,1962,7.36
5897,5.82836,2421,9.08
5898,5.82998,2506,9.40
5899,5.82988,2586,9.70
5900,5.83670,2389,8.96
5901,5.83492,129,0.48
5902,5.82856,2529,9.49
5903,5.82694,2114,7.93
5904,5.83306,2263,8.49
5905,5.83617,2401,9.01
5906,5.83341,2333,8.75
5907,5.83017,2324,8.72
5908,5.83815,2236,8.39
5909,5.83485,2561,9.61
5910,5.83145,2254,8.46
5911,5.83222,2387,8.96
5912,5.82953,2469,9.27
5913,5.82967,2447,9.18
5914,5.83057,2531,9.50
5915,5.83646,2568,9.64
5916,5.83831,2542,9.54
5917,5.88225,2494,9.36
5918,5.82488,2586,9.70
5919,5.87052,2493,9.35
5920,5.83076,2472,9.27
5921,5.84826,2432,9.12
5922,5.82389,2601,9.76
5923,5.83435,2364,8.87
5924,5.82491,2330,8.74
5925,5.83884,2509,9.41
5926,5.81979,2622,9.84
5927,5.83545,2508,9.41
5928,5.81899,2591,9.72
5929,5.84628,2249,8.44
5930,5.82821,2381,8.93
5931,5.83966,2217,8.32
5932,5.82805,2508,9.41
5933,5.84423,2426,9.10
5934,5.82950,2388,8.96
5935,5.84028,2394,8.98
5936,5.82285,2521,9.46
5937,5.82951,2427,9.11
5938,5.83890,2670,10.02
5939,5.83068,2612,9.80
5940,5.83091,2553,9.58
5941,5.83391,2186,8.20
5942,5.83635,2228,8.36
5943,5.83068,2572,9.65
5944,5.82740,2597,9.74
5945,5.82801,2563,9.62
5946,5.83931,2568,9.63
5947,5.83138,2238,8.40
5948,5.83188,2368,8.88
5949,5.83483,2640,9.91
5950,5.83550,2275,8.53
5951,5.83399,2538,9.52
5952,5.83903,2552,9.57
5953,5.83489,2631,9.87
5954,5.83623,2604,9.77
5955,5.83418,2418,9.07
5956,5.82801,2599,9.75
5957,5.82586,2361,8.86
5958,5.83959,1847,6.93
5959,5.83400,2450,9.19
5960,5.82994,2140,8.03
5961,5.84936,2216,8.31
5962,5.82631,1923,7.21
5963,5.83048,2299,8.63
5964,5.83064,2245,8.42
5965,5.83192,2586,9.70
5966,5.82592,2574,9.66
5967,5.83386,2472,9.27
5968,5.83941,2618,9.82
5969,5.82998,2214,8.31
5970,5.82664,2550,9.57
5971,5.82256,2603,9.77
5972,5.82867,2543,9.54
5973,5.83385,2620,9.83
5974,5.83562,2612,9.80
5975,5.82835,2570,9.64
5976,5.83873,2518,9.45
5977,5.83328,2179,8.18
5978,5.82902,2301,8.63
5979,5.82900,2478,9.30
5980,5.83298,2093,7.85
5981,5.83216,2438,9.15
5982,5.83971,2593,9.73
5983,5.83081,2129,7.99
5984,5.82651,2680,10.05
5985,5.83009,2696,10.11
5986,5.82656,2508,9.41
5987,5.83937,2501,9.38
5988,5.83773,2398,9.00
5989,5.82984,2400,9.00
5990,5.82847,2292,8.60
5991,5.83143,2686,10.08
5992,5.83046,2662,9.99
5993,5.83250,2543,9.54
5994,5.83440,2580,9.68
5995,5.83038,2211,8.29
5996,5.82551,2151,8.07
5997,5.83717,2283,8.57
5998,5.83280,2219,8.32
5999,5.82962,2537,9.52
6000,5.82625,2126,7.98
6001,5.83476,129,0.48
6002,5.82233,2351,8.82
6003,5.82889,2550,9.57
6004,5.83213,2108,7.91
6005,5.83126,2583,9.69
6006,5.83804,2530,9.49
6007,5.82379,2336,8.77
6008,5.81719,2635,9.89
6009,5.89204,2573,9.65
6010,5.81384,2657,9.97
6011,5.85234,2635,9.89
6012,5.83779,2503,9.39
6013,5.83808,2246,8.43
6014,5.84468,1767,6.63
6015,5.81722,2369,8.89
6016,5.86054,2296,8.62
6017,5.82689,2133,8.00
6018,5.84651,2389,8.96
6019,5.82199,2489,9.34
6020,5.85783,2085,7.82
6021,5.82988,2627,9.86
6022,5.83098,2050,7.69
6023,5.82888,1982,7.43
6024,5.84290,2001,7.51
6025,5.82256,2281,8.56
6026,5.83575,2451,9.20
6027,5.83591,2111,7.92
6028,5.83444,2628,9.86
6029,5.82577,2615,9.81
6030,5.82869,2544,9.54
6031,5.83938,2345,8.80
6032,5.83292,2314,8.68
6033,5.83395,2037,7.64
6034,5.82567,1968,7.38
6035,5.82609,2240,8.40
6036,5.84165,2382,8.94
6037,5.84056,2488,9.34
6038,5.83743,2464,9.24
6039,5.83280,2465,9.25
6040,5.84251,1688,6.33
6041,5.82990,1650,6.19
6042,5.82776,2621,9.83
6043,5.82254,2638,9.90
6044,5.83793,2144,8.05
6045,5.83008,2244,8.42
6046,5.83196,2277,8.54
6047,5.83298,2477,9.30
6048,5.82575,1573,5.90
6049,5.82896,1689,6.34
6050,5.82856,2185,8.20
6051,5.82996,2334,8.76
6052,5.82933,2075,7.79
6053,5.83368,1839,6.90
6054,5.83015,2078,7.80
6055,5.82234,2675,10.04
6056,5.82671,2617,9.82
6057,5.82800,1604,6.02
6058,5.82670,937,3.51
6059,5.83597,2237,8.39
6060,5.83102,2391,8.97
6061,5.83248,1612,6.05
6062,5.83281,2518,9.45
6063,5.82580,2397,9.00
6064,5.82455,1724,6.47
6065,5.83190,2522,9.46
6066,5.83482,2142,8.04
6067,5.82962,1355,5.09
6068,5.83326,2224,8.35
6069,5.83095,2325,8.72
6070,5.83413,2028,7.61
6071,5.82762,1593,5.98
6072,5.82132,2237,8.39
6073,5.83130,1909,7.16
6074,5.83692,2174,8.16
6075,5.83064,2118,7.95
6076,5.81996,1867,7.00
6077,5.82885,1792,6.72
6078,5.82877,966,3.62
6079,5.82589,2055,7.71
6080,5.83905,1892,7.10
6081,5.83207,1572,5.90
6082,5.84175,2255,8.46
6083,5.82242,2319,8.70
6084,5.81734,2211,8.30
6085,5.82498,2022,7.59
6086,5.83498,2393,8.98
6087,5.83264,2031,7.62
6088,5.82039,2220,8.33
6089,5.82857,952,3.57
6090,5.82151,737,2.77
6091,5.82638,762,2.86
6092,5.83015,801,3.00
6093,5.83873,745,2.80
6094,5.81816,1922,7.21
6095,5.83604,1705,6.40
6096,5.82357,1903,7.14
6097,5.81804,1922,7.21
6098,5.82574,2074,7.78
6099,5.83227,2242,8.41
6100,5.83153,1894,7.10
6101,5.83872,126,0.47
6102,5.82985,2331,8.75
6103,5.82200,2374,8.91
6104,5.82475,1692,6.35
6105,5.82740,2060,7.73
6106,5.83991,2369,8.89
6107,5.83455,2530,9.49
6108,5.81282,2137,8.02
6109,5.82367,2356,8.84
6110,5.83342,2488,9.33
6111,5.81599,2272,8.53
6112,5.82511,715,2.68
6113,5.83354,1169,4.39
6114,5.83329,1001,3.75
6115,5.82649,645,2.42
6116,5.82830,1739,6.52
6117,5.82245,2192,8.22
6118,5.82581,318,1.19
6119,5.81883,2000,7.50
6120,5.82396,2030,7.62
6121,5.82228,2069,7.76
6122,5.82754,2339,8.78
6123,5.83110,2493,9.35
6124,5.83231,2516,9.44
6125,5.82541,2380,8.93
6126,5.83092,2342,8.79
6127,5.82306,2524,9.47
6128,5.89059,2536,9.52
6129,5.81701,2116,7.94
6130,5.85247,2242,8.41
6131,5.83272,1740,6.53
6132,5.82980,2150,8.07
6133,5.84748,2281,8.56
6134,5.82376,2162,8.11
6135,5.83966,2351,8.82
6136,5.82264,2531,9.50
6137,5.83911,2517,9.44
6138,5.83153,2257,8.47
6139,5.83077,2595,9.74
6140,5.84283,2203,8.27
6141,5.82049,2343,8.79
6142,5.82665,2472,9.27
6143,5.82569,2462,9.24
6144,5.83495,2516,9.44
6145,5.82831,2310,8.67
6146,5.83002,2189,8.21
6147,5.82222,2112,7.92
6148,5.83510,2416,9.06
6149,5.82131,2151,8.07
6150,5.83112,2314,8.68
6151,5.83090,2392,8.97
6152,5.82776,2518,9.45
6153,5.82728,2319,8.70
6154,5.82588,2304,8.65
6155,5.83688,2443,9.16
6156,5.82923,2201,8.26
6157,5.82669,2346,8.80
6158,5.83054,2054,7.71
6159,5.83399,2127,7.98
6160,5.83153,2208,8.28
6161,5.82740,2021,7.58
6162,5.82206,2150,8.07
6163,5.83378,2179,8.18
6164,5.82990,2430,9.12
6165,5.82090,2195,8.24
6166,5.83519,2446,9.18
6167,5.81619,2435,9.14
6168,5.83024,2424,9.09
6169,5.82271,2402,9.01
6170,5.83589,2445,9.18
6171,5.82213,2307,8.66
6172,5.83723,2328,8.74
6173,5.81676,2210,8.29
6174,5.82336,2301,8.63
6175,5.82137,1975,7.41
6176,5.82471,2572,9.65
6177,5.83290,2427,9.11
6178,5.82386,2004,7.52
6179,5.89129,1563,5.86
6180,5.82412,2386,8.95
6181,5.86472,2095,7.86
6182,5.83282,2223,8.34
6183,5.82466,1797,6.74
6184,5.84568,2062,7.74
6185,5.81917,1534,5.75
6186,5.84001,1662,6.24
6187,5.82847,2115,7.94
6188,5.82569,1936,7.26
6189,5.82705,2055,7.71
6190,5.82487,2071,7.77
6191,5.83705,2159,8.10
6192,5.81745,2120,7.95
6193,5.82464,2026,7.60
6194,5.82811,2187,8.20
6195,5.82074,2083,7.82
6196,5.82086,2008,7.53
6197,5.82710,2189,8.21
6198,5.82740,2135,8.01
6199,5.82677,2172,8.15
6200,5.82490,2402,9.01
6201,5.82931,127,0.47
6202,5.82527,2306,8.65
6203,5.82640,2112,7.92
6204,5.82701,2214,8.31
6205,5.82980,2308,8.66
6206,5.82656,2533,9.51
6207,5.82929,2498,9.37
6208,5.83311,2473,9.28
6209,5.81993,2157,8.09
6210,5.86690,2553,9.58
6211,5.81915,2232,8.37
6212,5.86910,2502,9.39
6213,5.83015,2221,8.33
6214,5.83024,2591,9.72
6215,5.81690,2627,9.86
6216,5.84277,2408,9.03
6217,5.81696,1981,7.43
6218,5.84266,2348,8.81
6219,5.82850,2316,8.69
6220,5.85131,2657,9.97
6221,5.81734,2673,10.03
6222,5.84105,2574,9.66
6223,5.82009,2469,9.26
6224,5.83067,2617,9.82
6225,5.81697,2666,10.00
6226,5.83708,2641,9.91
6227,5.83625,2712,10.18
6228,5.83796,2578,9.67
6229,5.83330,2645,9.92
6230,5.83322,2614,9.81
6231,5.83185,2681,10.06
6232,5.83160,2207,8.28
6233,5.82712,2570,9.64
6234,5.82789,2604,9.77
6235,5.82948,2094,7.86
6236,5.82601,2500,9.38
6237,5.83158,2102,7.89
6238,5.83218,2325,8.72
6239,5.83236,2612,9.80
6240,5.82408,2563,9.62
6241,5.82409,2097,7.87
6242,5.82512,2444,9.17
6243,5.82205,2236,8.39
6244,5.83344,2384,8.95
6245,5.82575,2174,8.16
6246,5.82693,2224,8.35
6247,5.82666,2240,8.41
6248,5.82874,2535,9.51
6249,5.83381,2552,9.58
6250,5.82364,2249,8.44
6251,5.82835,2722,10.21
6252,5.83962,2683,10.07
6253,5.83684,2351,8.82
6254,5.82235,2616,9.81
6255,5.82492,2660,9.98
6256,5.82348,2513,9.43
6257,5.83291,2659,9.98
6258,5.83457,2590,9.72
6259,5.81844,2334,8.76
6260,5.82609,2294,8.61
6261,5.83377,2462,9.24
6262,5.83076,2569,9.64
6263,5.82613,2640,9.91
6264,5.83021,2710,10.17
6265,5.83005,2234,8.38
6266,5.82110,2314,8.68
6267,5.81846,2592,9.73
6268,5.82794,2357,8.84
6269,5.82312,2067,7.76
6270,5.83422,2217,8.32
6271,5.82684,2388,8.96
6272,5.82194,2309,8.66
6273,5.82697,2281,8.56
6274,5.82720,2504,9.39
6275,5.82416,2286,8.58
6276,5.82746,2558,9.60
6277,5.82683,2641,9.91
6278,5.82651,2643,9.92
6279,5.83368,2412,9.05
6280,5.82440,2698,10.12
6281,5.82683,2731,10.25
6282,5.82007,2623,9.84
6283,5.81708,2553,9.58
6284,5.82751,2415,9.06
6285,5.82259,2571,9.64
6286,5.82462,2150,8.07
6287,5.82413,2582,9.69
6288,5.82453,2568,9.63
6289,5.83338,2257,8.47
6290,5.82050,2667,10.01
6291,5.84125,2733,10.25
6292,5.82724,2764,10.37
6293,5.82024,2637,9.90
6294,5.81615,2176,8.16
6295,5.83377,2681,10.06
6296,5.82908,2476,9.29
6297,5.83379,2488,9.34
6298,5.83357,2630,9.87
6299,5.82468,2398,9.00
6300,5.82298,2644,9.92
6301,5.82506,127,0.48
6302,5.83078,2570,9.64
6303,5.83875,2612,9.80
6304,5.82309,2301,8.64
6305,5.83176,2500,9.38
6306,5.81944,2642,9.91
6307,5.82718,2315,8.69
6308,5.82776,2154,8.08
6309,5.82259,2176,8.16
6310,5.82941,2163,8.12
6311,5.83031,2245,8.42
6312,5.82878,2415,9.06
6313,5.83067,2231,8.37
6314,5.81879,2222,8.34
6315,5.81528,2655,9.96
6316,5.82475,2570,9.64
6317,5.83071,2497,9.37
6318,5.82244,2236,8.39
6319,5.82497,2050,7.69
6320,5.82371,2120,7.96
6321,5.82361,2256,8.46
6322,5.82574,2615,9.81
6323,5.82174,2536,9.52
6324,5.83868,2567,9.63
6325,5.83197,2701,10.13
6326,5.83167,2215,8.31
6327,5.83252,2276,8.54
6328,5.81485,2599,9.75
6329,5.82874,2679,10.05
6330,5.82998,2709,10.16
6331,5.82662,2244,8.42
6332,5.81895,2734,10.26
6333,5.82344,2638,9.90
6334,5.82830,2693,10.11
6335,5.82084,2172,8.15
6336,5.82272,2607,9.78
6337,5.82643,2691,10.10
6338,5.81812,2647,9.93
6339,5.81968,2727,10.23
6340,5.82931,2637,9.90
6341,5.82696,2388,8.96
6342,5.82368,2677,10.04
6343,5.81859,2440,9.16
6344,5.82961,2667,10.01
6345,5.84002,2320,8.71
6346,5.82572,2618,9.82
6347,5.82059,2346,8.80
6348,5.83029,2170,8.14
6349,5.82706,2242,8.41
6350,5.82250,2273,8.53
6351,5.81578,2481,9.31
6352,5.82163,2258,8.47
6353,5.83889,2679,10.05
6354,5.83247,2597,9.74
6355,5.82804,2147,8.05
6356,5.83223,2717,10.19
6357,5.82348,2541,9.53
6358,5.83234,2675,10.04
6359,5.82168,2572,9.65
6360,5.83245,2392,8.98
6361,5.82526,1425,5.35
6362,5.82505,2096,7.86
6363,5.81965,2241,8.41
6364,5.83756,2008,7.53
6365,5.81536,2149,8.06
6366,5.82859,2168,8.13
6367,5.82177,2166,8.13
6368,5.84300,2528,9.48
6369,5.82688,2456,9.22
6370,5.83733,2347,8.81
6371,5.83199,2304,8.64
6372,5.81447,429,1.61
6373,5.83434,375,1.41
6374,5.83499,614,2.30
6375,5.82532,603,2.26
6376,5.82777,847,3.18
6377,5.82822,1792,6.72
6378,5.83004,625,2.34
6379,5.84171,1601,6.01
6380,5.82989,1824,6.84
6381,5.82703,2174,8.16
6382,5.82603,1928,7.23
6383,5.82595,771,2.89
6384,5.81397,1688,6.33
6385,5.83173,2074,7.78
6386,5.81993,2293,8.60
6387,5.83141,2257,8.47
6388,5.83325,2250,8.44
6389,5.82324,2570,9.64
6390,5.82708,2303,8.64
6391,5.82743,2428,9.11
6392,5.81852,2287,8.58
6393,5.82742,1791,6.72
6394,5.82444,1921,7.21
6395,5.82090,2337,8.77
6396,5.82761,2567,9.63
6397,5.81447,1968,7.38
6398,5.82404,2612,9.80
6399,5.82577,2441,9.16
6400,5.82904,2097,7.87
6401,5.82410,126,0.47
6402,5.81762,2031,7.62
6403,5.82127,2590,9.72
6404,5.83263,2061,7.73
6405,5.82497,2674,10.03
6406,5.82242,2017,7.57
6407,5.81504,2262,8.49
6408,5.81639,2190,8.22
6409,5.81905,2094,7.86
6410,5.82539,2239,8.40
6411,5.81686,2038,7.65
6412,5.82146,2307,8.66
6413,5.81820,2209,8.29
6414,5.82276,2360,8.86
6415,5.81800,2645,9.92
6416,5.82652,2750,10.32
6417,5.82564,2644,9.92
6418,5.82730,2583,9.69
6419,5.82508,2677,10.04
6420,5.82094,2608,9.78
6421,5.82173,2576,9.67
6422,5.82718,2658,9.97
6423,5.82674,2192,8.22
6424,5.81646,2652,9.95
6425,5.83126,2100,7.88
6426,5.81953,2242,8.41
6427,5.82134,2680,10.06
6428,5.82510,2120,7.95
6429,5.81263,2190,8.22
6430,5.81926,2128,7.98
6431,5.82001,1782,6.69
6432,5.82760,2237,8.39
6433,5.82722,2391,8.97
6434,5.82602,2443,9.17
6435,5.82316,2436,9.14
6436,5.82225,2406,9.03
6437,5.81778,2297,8.62
6438,5.83001,2323,8.72
6439,5.82277,2080,7.80
6440,5.82255,2333,8.75
6441,5.82846,2100,7.88
6442,5.82648,2633,9.88
6443,5.82983,2106,7.90
6444,5.82389,2568,9.63
6445,5.82397,2543,9.54
6446,5.82913,2432,9.12
6447,5.81936,2107,7.91
6448,5.81752,2146,8.05
6449,5.82716,2012,7.55
6450,5.81943,2079,7.80
6451,5.81238,2242,8.41
6452,5.81968,2406,9.03
6453,5.83514,1888,7.09
6454,5.81369,2156,8.09
6455,5.81854,1634,6.13
6456,5.82157,2052,7.70
6457,5.82261,2096,7.86
6458,5.81590,2251,8.45
6459,5.82217,2160,8.11
6460,5.81972,2318,8.70
6461,5.82209,2196,8.24
6462,5.81536,1964,7.37
6463,5.82752,2014,7.56
6464,5.81803,2011,7.54
6465,5.82910,1971,7.40
6466,5.82281,2004,7.52
6467,5.82138,1987,7.45
6468,5.82625,2022,7.59
6469,5.80899,1794,6.73
6470,5.81457,1921,7.21
6471,5.81850,2224,8.34
6472,5.82218,1989,7.46
6473,5.82042,2054,7.71
6474,5.82233,2122,7.96
6475,5.82178,1872,7.02
6476,5.82863,1862,6.99
6477,5.81810,2141,8.03
6478,5.81860,2282,8.56
6479,5.82813,1958,7.35
6480,5.82336,2272,8.53
6481,5.81548,2252,8.45
6482,5.81988,2478,9.30
6483,5.82879,2444,9.17
6484,5.81217,2481,9.31
6485,5.81298,2554,9.58
6486,5.82711,2021,7.58
6487,5.82059,1962,7.36
6488,5.82073,2033,7.63
6489,5.82134,1886,7.08
6490,5.82823,1980,7.43
6491,5.86895,1991,7.47
6492,5.81477,2248,8.43
6493,5.85912,1876,7.04
6494,5.82299,2174,8.16
6495,5.84001,2221,8.33
6496,5.83738,2108,7.91
6497,5.81750,2436,9.14
6498,5.84384,2419,9.07
6499,5.82484,2125,7.97
6500,5.82398,2394,8.98
6501,5.82768,127,0.48
6502,5.82605,2251,8.45
6503,5.82361,2416,9.06
6504,5.81606,2097,7.87
6505,5.82209,2181,8.18
6506,5.82117,1711,6.42
6507,5.81620,2503,9.39
6508,5.81534,2209,8.29
6509,5.81893,2112,7.92
6510,5.81446,2079,7.80
6511,5.81999,2141,8.03
6512,5.81867,2250,8.44
6513,5.82830,2370,8.89
6514,5.81164,2538,9.52
6515,5.82392,2540,9.53
6516,5.81835,2634,9.88
6517,5.83042,2276,8.54
6518,5.81846,2288,8.59
6519,5.81986,2393,8.98
6520,5.83172,2575,9.66
6521,5.82345,2371,8.90
6522,5.82475,2393,8.98
6523,5.82514,2197,8.24
6524,5.82208,2344,8.79
6525,5.81187,2678,10.05
6526,5.81887,2021,7.58
6527,5.82316,2395,8.99
6528,5.82565,2111,7.92
6529,5.81890,2316,8.69
6530,5.81464,2695,10.11
6531,5.82107,2297,8.62
6532,5.81153,2606,9.78
6533,5.82184,2645,9.92
6534,5.82008,2583,9.69
6535,5.81890,2365,8.87
6536,5.82347,2484,9.32
6537,5.82001,2497,9.37
6538,5.81752,2481,9.31
6539,5.82500,2490,9.34
6540,5.82620,2603,9.77
6541,5.82161,2190,8.22
6542,5.81037,2726,10.23
6543,5.81733,2297,8.62
6544,5.82239,2520,9.45
6545,5.82542,2467,9.25
6546,5.81940,2559,9.60
6547,5.81792,2729,10.24
6548,5.82762,2329,8.74
6549,5.81819,2331,8.74
6550,5.82250,2414,9.06
6551,5.82791,2465,9.25
6552,5.81395,2582,9.69
6553,5.82039,2661,9.98
6554,5.82312,2710,10.17
6555,5.81218,2710,10.17
6556,5.82041,1809,6.79
6557,5.82751,2637,9.90
6558,5.81413,2617,9.82
6559,5.82028,2744,10.29
6560,5.81839,2210,8.29
6561,5.81341,2362,8.86
6562,5.81809,1771,6.64
6563,5.82134,488,1.83
6564,5.82346,895,3.36
6565,5.82182,784,2.94
6566,5.82121,1176,4.41
6567,5.81750,1606,6.03
6568,5.81127,1947,7.30
6569,5.81632,2058,7.72
6570,5.82612,1857,6.97
6571,5.82311,598,2.25
6572,5.82147,1613,6.05
6573,5.81640,2035,7.64
6574,5.81559,2221,8.33
6575,5.81195,2492,9.35
6576,5.82128,2219,8.32
6577,5.81421,2404,9.02
6578,5.82509,2108,7.91
6579,5.82435,2358,8.85
6580,5.81967,2442,9.16
6581,5.82808,2452,9.20
6582,5.82212,1917,7.19
6583,5.82394,2129,7.99
6584,5.82998,2249,8.44
6585,5.82415,2448,9.19
6586,5.82689,2565,9.62
6587,5.81817,2600,9.75
6588,5.81828,827,3.10
6589,5.82366,2540,9.53
6590,5.82683,2427,9.11
6591,5.83476,2481,9.31
6592,5.82357,2595,9.74
6593,5.81168,2510,9.42
6594,5.81673,2536,9.51
6595,5.80968,2688,10.09
6596,5.82130,2481,9.31
6597,5.81836,2488,9.33
6598,5.80975,2685,10.07
6599,5.82506,2662,9.99
6600,5.81239,2585,9.70
6601,5.81936,128,0.48
6602,5.81614,2391,8.97
6603,5.81216,2538,9.52
6604,5.82601,2663,9.99
6605,5.81292,2609,9.79
6606,5.81861,2610,9.79
6607,5.81993,2691,10.10
6608,5.82793,2685,10.07
6609,5.82031,2718,10.20
6610,5.81627,2725,10.22
6611,5.82028,2535,9.51
6612,5.81559,2442,9.16
6613,5.80559,2674,10.03
6614,5.82300,2642,9.91
6615,5.82266,2115,7.93
6616,5.82676,2548,9.56
6617,5.82043,2643,9.92
6618,5.81422,2709,10.16
6619,5.82239,2603,9.77
6620,5.83170,2276,8.54
6621,5.82127,2623,9.84
6622,5.81648,2653,9.95
6623,5.80953,2259,8.47
6624,5.81784,2440,9.15
6625,5.81357,2319,8.70
6626,5.81687,2763,10.37
6627,5.82624,2518,9.45
6628,5.82611,2476,9.29
6629,5.81412,2478,9.30
6630,5.82617,2470,9.27
6631,5.82211,2674,10.03
6632,5.82406,2697,10.12
6633,5.82124,2641,9.91
6634,5.82036,2392,8.97
6635,5.81539,2367,8.88
6636,5.82006,2345,8.80
6637,5.81713,2591,9.72
6638,5.82477,2018,7.57
6639,5.81872,2388,8.96
6640,5.82749,2653,9.96
6641,5.83020,2506,9.40
6642,5.81356,2676,10.04
6643,5.82230,2605,9.78
6644,5.81778,2582,9.69
6645,5.82298,2462,9.24
6646,5.83360,2659,9.98
6647,5.82034,2611,9.80
6648,5.82546,2134,8.01
6649,5.81625,2578,9.67
6650,5.82045,2626,9.85
6651,5.82582,2079,7.80
6652,5.82846,2609,9.79
6653,5.81499,2444,9.17
6654,5.82291,1935,7.26
6655,5.82692,2299,8.63
6656,5.81509,1781,6.68
6657,5.81916,1568,5.88
6658,5.81797,1749,6.56
6659,5.81855,2008,7.53
6660,5.80908,2244,8.42
6661,5.82179,2348,8.81
6662,5.81690,2181,8.18
6663,5.81759,2576,9.67
6664,5.83463,886,3.33
6665,5.80962,2085,7.82
6666,5.86403,2379,8.93
6667,5.81078,2582,9.69
6668,5.84788,2508,9.41
6669,5.81406,2321,8.71
6670,5.82224,2251,8.45
6671,5.80197,2401,9.01
6672,5.80901,2427,9.11
6673,5.81740,2205,8.27
6674,5.82377,1955,7.34
6675,5.81807,1924,7.22
6676,5.81956,2252,8.45
6677,5.82357,2058,7.72
6678,5.81432,2266,8.50
6679,5.82064,2016,7.57
6680,5.83109,2067,7.75
6681,5.81722,1723,6.46
6682,5.82108,2073,7.78
6683,5.81314,2233,8.38
6684,5.82291,2013,7.55
6685,5.82013,2493,9.36
6686,5.82132,2219,8.32
6687,5.81729,2209,8.29
6688,5.82236,2018,7.57
6689,5.89811,1990,7.47
6690,5.81607,1890,7.09
6691,5.84162,2521,9.46
6692,5.84505,2243,8.42
6693,5.81394,2193,8.23
6694,5.84098,2085,7.82
6695,5.85565,1811,6.79
6696,5.82071,1876,7.04
6697,5.81754,1569,5.89
6698,5.83201,2281,8.56
6699,5.82310,2151,8.07
6700,5.81843,2186,8.20
6701,5.83016,128,0.48
6702,5.82245,2186,8.20
6703,5.81728,2083,7.81
6704,5.83755,2179,8.18
6705,5.81742,2116,7.94
6706,5.81820,2333,8.75
6707,5.84102,2607,9.78
6708,5.81893,2507,9.40
6709,5.82699,2231,8.37
6710,5.82191,2462,9.24
6711,5.81197,2420,9.08
6712,5.80899,2350,8.82
6713,5.82569,2194,8.23
6714,5.81075,2109,7.91
6715,5.82318,2246,8.43
6716,5.82175,2232,8.37
6717,5.80754,2515,9.44
6718,5.81768,2665,10.00
6719,5.81718,2583,9.69
6720,5.82337,2700,10.13
6721,5.82772,2456,9.21
6722,5.82020,2697,10.12
6723,5.81043,2520,9.46
6724,5.82368,280,1.05
6725,5.81716,206,0.77
6726,5.81891,1105,4.15
6727,5.81373,1726,6.48
6728,5.82207,287,1.08
6729,5.81448,469,1.76
6730,5.81824,615,2.31
6731,5.81333,773,2.90
6732,5.80853,1235,4.63
6733,5.81567,1330,4.99
6734,5.81186,1648,6.18
6735,5.81671,575,2.16
6736,5.82542,2271,8.52
6737,5.82221,2360,8.85
6738,5.81573,2077,7.79
6739,5.81281,2169,8.14
6740,5.81137,2240,8.41
6741,5.82085,2249,8.44
6742,5.82348,2441,9.16
6743,5.81952,2209,8.29
6744,5.82620,2084,7.82
6745,5.80327,2187,8.21
6746,5.81884,2246,8.43
6747,5.81786,1864,7.00
6748,5.82109,2368,8.88
6749,5.81906,2529,9.49
6750,5.82048,2656,9.97
6751,5.81983,2106,7.90
6752,5.81633,1878,7.05
6753,5.82160,1958,7.35
6754,5.81986,1975,7.41
6755,5.82036,2241,8.41
6756,5.81174,2240,8.40
6757,5.81411,2209,8.29
6758,5.81295,2415,9.06
6759,5.81574,2138,8.02
6760,5.82150,1757,6.59
6761,5.80944,104,0.39
6762,5.81211,119,0.45
6763,5.82317,263,0.99
6764,5.81822,262,0.98
6765,5.81677,519,1.95
6766,5.81730,721,2.71
6767,5.82043,577,2.17
6768,5.81863,360,1.35
6769,5.81585,1625,6.10
6770,5.81621,544,2.04
6771,5.81622,1939,7.28
6772,5.81892,1895,7.11
6773,5.82149,2067,7.75
6774,5.81553,2503,9.39
6775,5.81902,2205,8.27
6776,5.81828,2212,8.30
6777,5.82740,2135,8.01
6778,5.81489,2055,7.71
6779,5.80743,2595,9.74
6780,5.82753,2342,8.79
6781,5.80615,2256,8.46
6782,5.81975,1772,6.65
6783,5.81149,1709,6.41
6784,5.80750,2109,7.91
6785,5.82970,1933,7.25
6786,5.82781,370,1.39
6787,5.82371,2010,7.54
6788,5.81262,1013,3.80
6789,5.82021,2200,8.26
6790,5.81446,2185,8.20
6791,5.81665,2164,8.12
6792,5.81642,2152,8.07
6793,5.81199,1626,6.10
6794,5.82189,1433,5.37
6795,5.82008,1494,5.61
6796,5.80967,1295,4.86
6797,5.82012,1157,4.34
6798,5.81183,1164,4.37
6799,5.81448,1465,5.50
6800,5.81758,1525,5.72
6801,5.81746,124,0.47
6802,5.81519,2014,7.56
6803,5.81438,2247,8.43
6804,5.82697,2192,8.22
6805,5.81448,2062,7.73
6806,5.80782,1873,7.03
6807,5.82249,2313,8.68
6808,5.82049,2197,8.24
6809,5.81661,2078,7.80
6810,5.81421,2403,9.01
6811,5.81878,2627,9.86
6812,5.81729,2381,8.94
6813,5.81752,2187,8.21
6814,5.81614,2052,7.70
6815,5.82466,1064,3.99
6816,5.81458,2206,8.28
6817,5.81850,2284,8.57
6818,5.81790,1808,6.78
6819,5.81645,2161,8.11
6820,5.81515,1698,6.37
6821,5.81662,1524,5.72
6822,5.81744,1546,5.80
6823,5.82079,1387,5.20
6824,5.81353,1550,5.82
6825,5.81492,1562,5.86
6826,5.81544,1529,5.74
6827,5.81209,1259,4.72
6828,5.82038,1177,4.42
6829,5.82311,1556,5.84
6830,5.80835,1165,4.37
6831,5.81408,1772,6.65
6832,5.82551,1984,7.44
6833,5.81610,2357,8.85
6834,5.81535,2335,8.76
6835,5.80939,2604,9.77
6836,5.82173,2235,8.39
6837,5.81826,902,3.38
6838,5.80797,2553,9.58
6839,5.82571,2585,9.70
6840,5.81257,2623,9.84
6841,5.82166,2465,9.25
6842,5.82608,2650,9.94
6843,5.82133,2125,7.97
6844,5.81236,2258,8.47
6845,5.81410,2130,7.99
6846,5.81152,2635,9.89
6847,5.81322,2079,7.80
6848,5.82352,2096,7.87
6849,5.81454,1297,4.87
6850,5.80878,1049,3.94
6851,5.81471,2104,7.90
6852,5.80915,2356,8.84
6853,5.82457,2522,9.46
6854,5.81413,2163,8.12
6855,5.81347,1605,6.02
6856,5.81328,1421,5.33
6857,5.80678,1633,6.13
6858,5.80541,1659,6.23
6859,5.81561,1490,5.59
6860,5.80984,1574,5.91
6861,5.80991,1513,5.68
6862,5.80773,1507,5.65
6863,5.82751,1388,5.21
6864,5.81334,1331,4.99
6865,5.82134,1477,5.54
6866,5.82223,1303,4.89
6867,5.80315,1643,6.16
6868,5.82145,1974,7.41
6869,5.80878,2027,7.60
6870,5.81537,2406,9.03
6871,5.82108,1656,6.21
6872,5.82709,1395,5.23
6873,5.80723,2470,9.27
6874,5.81635,2379,8.93
6875,5.81090,2502,9.39
6876,5.82953,2119,7.95
6877,5.82007,2293,8.60
6878,5.81367,2155,8.09
6879,5.81945,2290,8.59
6880,5.81682,2465,9.25
6881,5.83308,2397,8.99
6882,5.80846,1012,3.80
6883,5.84575,2074,7.78
6884,5.80962,1611,6.04
6885,5.83526,2474,9.28
6886,5.81893,2312,8.68
6887,5.81907,2560,9.60
6888,5.81177,2255,8.46
6889,5.84855,2140,8.03
6890,5.81085,2158,8.10
6891,5.83548,1915,7.19
6892,5.80815,2100,7.88
6893,5.82385,2248,8.43
6894,5.82235,1052,3.95
6895,5.81964,2395,8.98
6896,5.81996,1995,7.49
6897,5.81557,2444,9.17
6898,5.82337,173,0.65
6899,5.81111,190,0.71
6900,5.82256,573,2.15
6901,5.81822,124,0.46
6902,5.81321,980,3.68
6903,5.82271,1685,6.32
6904,5.81564,1717,6.44
6905,5.82226,1221,4.58
6906,5.81183,2151,8.07
6907,5.81740,2047,7.68
6908,5.81067,2202,8.26
6909,5.82677,1927,7.23
6910,5.81727,2076,7.79
6911,5.82206,2133,8.00
6912,5.81003,1660,6.23
6913,5.80982,2121,7.96
6914,5.80799,2105,7.90
6915,5.80560,1697,6.37
6916,5.81801,1945,7.30
6917,5.81311,2133,8.00
6918,5.81110,1626,6.10
6919,5.80425,1842,6.91
6920,5.82018,1042,3.91
6921,5.82262,2269,8.51
6922,5.81873,2056,7.71
6923,5.80741,2107,7.91
6924,5.80898,2116,7.94
6925,5.80455,2035,7.64
6926,5.81854,2253,8.45
6927,5.81616,2184,8.19
6928,5.80616,2109,7.91
6929,5.81036,2172,8.15
6930,5.81390,2243,8.42
6931,5.82115,2154,8.08
6932,5.81423,2136,8.02
6933,5.80575,2188,8.21
6934,5.81691,2123,7.97
6935,5.81625,2108,7.91
6936,5.81055,1945,7.30
6937,5.82232,2094,7.86
6938,5.81299,2127,7.98
6939,5.81930,1443,5.41
6940,5.81258,2124,7.97
6941,5.80799,2209,8.29
6942,5.82881,1874,7.03
6943,5.79484,2154,8.08
6944,5.81291,2041,7.66
6945,5.81561,2100,7.88
6946,5.81397,2022,7.59
6947,5.80786,2114,7.93
6948,5.80833,1857,6.97
6949,5.80959,1993,7.48
6950,5.81389,2031,7.62
6951,5.81721,1955,7.33
6952,5.81338,2068,7.76
6953,5.81748,2105,7.90
6954,5.81240,2223,8.34
6955,5.82112,2075,7.78
6956,5.81113,2040,7.65
6957,5.81267,2010,7.54
6958,5.82270,2018,7.57
6959,5.81611,2090,7.84
6960,5.81190,1924,7.22
6961,5.81647,2020,7.58
6962,5.81723,1761,6.61
6963,5.87083,1221,4.58
6964,5.81544,1953,7.33
6965,5.85563,1901,7.13
6966,5.81515,2099,7.88
6967,5.82004,1888,7.08
6968,5.81195,1562,5.86
6969,5.82105,1915,7.18
6970,5.80717,1852,6.95
6971,5.81456,1672,6.27
6972,5.81912,1910,7.17
6973,5.81184,1779,6.68
6974,5.81311,1821,6.83
6975,5.81415,1581,5.93
6976,5.81258,1955,7.34
6977,5.81454,1966,7.38
6978,5.81564,2041,7.66
6979,5.81309,2087,7.83
6980,5.82271,1978,7.42
6981,5.81429,1977,7.42
6982,5.81326,2157,8.09
6983,5.81968,1183,4.44
6984,5.81133,1965,7.37
6985,5.81428,1468,5.51
6986,5.82510,2040,7.66
6987,5.81208,1929,7.24
6988,5.81123,2086,7.83
6989,5.82122,1621,6.08
6990,5.81264,1467,5.51
6991,5.81426,1514,5.68
6992,5.81411,1554,5.83
6993,5.82033,2018,7.57
6994,5.81996,1793,6.73
6995,5.80436,2157,8.09
6996,5.81901,1862,6.99
6997,5.81455,1742,6.54
6998,5.82001,1888,7.08
6999,5.81318,1705,6.40
7000,5.80217,2051,7.70
7001,5.81999,114,0.43
7002,5.81665,2071,7.77
7003,5.81002,1822,6.84
7004,5.80692,2017,7.57
7005,5.80979,1935,7.26
7006,5.81076,1910,7.17
